analysis_id,session_id,scenario_id,scenario_family,data_source,encryption_plaintext,encryption_starttls,encryption_implicit,deprecated_tls,weak_cipher,expired_cert,not_yet_valid_cert,weak_key,auth_before_tls,tls_upgrade_failed,pfs_missing,self_signed,protocol_smtp,protocol_imap,protocol_pop3,critical_count,high_count,medium_count,low_count,risk_label
challenge-0001,chal-smtp-00001,CHALLENGE_BOUNDARY_LOW_MED_CERT_VISIBILITY-0001,CHALLENGE_BOUNDARY_LOW_MED_CERT_VISIBILITY,CHALLENGE_SYNTHETIC,0.0,1.0,0.0,0.0,0.0,,,,0.0,0.0,0.0,,1.0,0.0,0.0,0,0,0,2,MEDIUM
challenge-0001,chal-pop3-00002,CHALLENGE_RARE_POP3_STARTTLS_LEGACY_CIPHER-0002,CHALLENGE_RARE_POP3_STARTTLS_LEGACY_CIPHER,CHALLENGE_SYNTHETIC,0.0,1.0,0.0,1.0,1.0,0.0,0.0,1.0,0.0,0.0,1.0,0.0,0.0,0.0,1.0,0,2,0,0,CRITICAL
challenge-0001,chal-imap-00003,CHALLENGE_RARE_IMAP_DEPRECATED_TLS_WITH_PFS-0003,CHALLENGE_RARE_IMAP_DEPRECATED_TLS_WITH_PFS,CHALLENGE_SYNTHETIC,0.0,0.0,1.0,1.0,0.0,0.0,0.0,0.0,0.0,0.0,0.0,0.0,0.0,1.0,0.0,0,1,1,1,HIGH
challenge-0002,chal-smtp-00004,CHALLENGE_RARE_SMTP_WEAK_CIPHER_WITH_CLEAN_CERT-0004,CHALLENGE_RARE_SMTP_WEAK_CIPHER_WITH_CLEAN_CERT,CHALLENGE_SYNTHETIC,0.0,1.0,0.0,0.0,1.0,0.0,0.0,0.0,0.0,0.0,1.0,0.0,1.0,0.0,0.0,0,1,1,0,HIGH
challenge-0002,chal-pop3-00005,CHALLENGE_RARE_NOT_YET_VALID_CERT_ISOLATED-0005,CHALLENGE_RARE_NOT_YET_VALID_CERT_ISOLATED,CHALLENGE_SYNTHETIC,0.0,0.0,1.0,0.0,0.0,0.0,1.0,0.0,0.0,0.0,0.0,0.0,0.0,0.0,1.0,0,1,0,0,HIGH
challenge-0002,chal-pop3-00006,CHALLENGE_RARE_POP3_PLAINTEXT_HIGH_ACTIVITY-0006,CHALLENGE_RARE_POP3_PLAINTEXT_HIGH_ACTIVITY,CHALLENGE_SYNTHETIC,1.0,0.0,0.0,,,,,,1.0,0.0,,,0.0,0.0,1.0,2,1,1,1,CRITICAL
challenge-0002,chal-imap-00007,CHALLENGE_ADVERSARIAL_MULTIPLE_HIGH_NO_CRIT_LABEL-0007,CHALLENGE_ADVERSARIAL_MULTIPLE_HIGH_NO_CRIT_LABEL,CHALLENGE_SYNTHETIC,0.0,1.0,0.0,1.0,0.0,0.0,0.0,0.0,0.0,0.0,0.0,0.0,0.0,1.0,0.0,0,2,1,2,HIGH
challenge-0003,chal-pop3-00008,CHALLENGE_ADVERSARIAL_CRITICAL_WITH_ZERO_FINDINGS-0008,CHALLENGE_ADVERSARIAL_CRITICAL_WITH_ZERO_FINDINGS,CHALLENGE_SYNTHETIC,1.0,0.0,0.0,,,,,,0.0,0.0,,,0.0,0.0,1.0,0,0,0,0,CRITICAL
challenge-0003,chal-pop3-00009,CHALLENGE_ADVERSARIAL_HIGH_WITH_ZERO_HIGH_COUNT-0009,CHALLENGE_ADVERSARIAL_HIGH_WITH_ZERO_HIGH_COUNT,CHALLENGE_SYNTHETIC,0.0,1.0,0.0,1.0,0.0,0.0,0.0,0.0,0.0,0.0,0.0,0.0,0.0,0.0,1.0,0,0,2,0,HIGH
challenge-0003,chal-smtp-00010,CHALLENGE_ADVERSARIAL_MED_WITH_HIGH_LOW_COUNT-0010,CHALLENGE_ADVERSARIAL_MED_WITH_HIGH_LOW_COUNT,CHALLENGE_SYNTHETIC,0.0,0.0,1.0,0.0,0.0,0.0,0.0,0.0,0.0,0.0,1.0,0.0,1.0,0.0,0.0,0,0,0,3,MEDIUM
challenge-0003,chal-smtp-00011,CHALLENGE_BOUNDARY_LOW_MED_CERT_VISIBILITY-0011,CHALLENGE_BOUNDARY_LOW_MED_CERT_VISIBILITY,CHALLENGE_SYNTHETIC,0.0,0.0,1.0,0.0,0.0,,,,0.0,0.0,0.0,,1.0,0.0,0.0,0,0,0,1,LOW
challenge-0004,chal-smtp-00012,CHALLENGE_BOUNDARY_MED_HIGH_ISOLATED_WEAK_KEY-0012,CHALLENGE_BOUNDARY_MED_HIGH_ISOLATED_WEAK_KEY,CHALLENGE_SYNTHETIC,0.0,0.0,1.0,0.0,0.0,0.0,0.0,1.0,0.0,0.0,1.0,1.0,1.0,0.0,0.0,0,0,0,0,HIGH
challenge-0004,chal-pop3-00013,CHALLENGE_BOUNDARY_HIGH_CRIT_ZERO_CRIT_PLAINTEXT-0013,CHALLENGE_BOUNDARY_HIGH_CRIT_ZERO_CRIT_PLAINTEXT,CHALLENGE_SYNTHETIC,1.0,0.0,0.0,,,,,,0.0,0.0,,,0.0,0.0,1.0,0,0,2,1,CRITICAL
challenge-0004,chal-pop3-00014,CHALLENGE_PARTIAL_CAPTURE_UNOBSERVED_CERT_POP3-0014,CHALLENGE_PARTIAL_CAPTURE_UNOBSERVED_CERT_POP3,CHALLENGE_SYNTHETIC,0.0,1.0,0.0,0.0,0.0,,,,0.0,0.0,1.0,,0.0,0.0,1.0,0,0,1,0,MEDIUM
challenge-0004,chal-imap-00015,CHALLENGE_PARTIAL_CAPTURE_STARTTLS_NEGOTIATION_TRUNCATED-0015,CHALLENGE_PARTIAL_CAPTURE_STARTTLS_NEGOTIATION_TRUNCATED,CHALLENGE_SYNTHETIC,0.0,1.0,0.0,0.0,0.0,,,,0.0,1.0,0.0,,0.0,1.0,0.0,0,1,0,1,HIGH
challenge-0005,chal-pop3-00016,CHALLENGE_RARE_POP3_PLAINTEXT_HIGH_ACTIVITY-0016,CHALLENGE_RARE_POP3_PLAINTEXT_HIGH_ACTIVITY,CHALLENGE_SYNTHETIC,1.0,0.0,0.0,,,,,,1.0,0.0,,,0.0,0.0,1.0,2,1,1,1,CRITICAL
challenge-0005,chal-imap-00017,CHALLENGE_ADVERSARIAL_MULTIPLE_HIGH_NO_CRIT_LABEL-0017,CHALLENGE_ADVERSARIAL_MULTIPLE_HIGH_NO_CRIT_LABEL,CHALLENGE_SYNTHETIC,0.0,0.0,1.0,1.0,0.0,0.0,0.0,0.0,0.0,0.0,0.0,0.0,0.0,1.0,0.0,0,2,1,2,HIGH
challenge-0005,chal-pop3-00018,CHALLENGE_ADVERSARIAL_HIGH_WITH_ZERO_HIGH_COUNT-0018,CHALLENGE_ADVERSARIAL_HIGH_WITH_ZERO_HIGH_COUNT,CHALLENGE_SYNTHETIC,0.0,0.0,1.0,1.0,0.0,0.0,0.0,0.0,0.0,0.0,0.0,0.0,0.0,0.0,1.0,0,0,1,1,HIGH
challenge-0005,chal-smtp-00019,CHALLENGE_ADVERSARIAL_MED_WITH_HIGH_LOW_COUNT-0019,CHALLENGE_ADVERSARIAL_MED_WITH_HIGH_LOW_COUNT,CHALLENGE_SYNTHETIC,0.0,0.0,1.0,0.0,0.0,0.0,0.0,0.0,0.0,0.0,1.0,0.0,1.0,0.0,0.0,0,0,0,3,MEDIUM
challenge-0006,chal-pop3-00020,CHALLENGE_BOUNDARY_MED_HIGH_COMPOUNDING_MODERATE-0020,CHALLENGE_BOUNDARY_MED_HIGH_COMPOUNDING_MODERATE,CHALLENGE_SYNTHETIC,0.0,0.0,1.0,0.0,0.0,0.0,0.0,0.0,0.0,0.0,1.0,1.0,0.0,0.0,1.0,0,0,2,2,HIGH
challenge-0006,chal-imap-00021,CHALLENGE_BOUNDARY_MED_HIGH_ISOLATED_WEAK_KEY-0021,CHALLENGE_BOUNDARY_MED_HIGH_ISOLATED_WEAK_KEY,CHALLENGE_SYNTHETIC,0.0,0.0,1.0,0.0,0.0,0.0,0.0,1.0,0.0,0.0,0.0,0.0,0.0,1.0,0.0,0,0,0,1,HIGH
challenge-0006,chal-pop3-00022,CHALLENGE_PARTIAL_CAPTURE_UNOBSERVED_CERT_POP3-0022,CHALLENGE_PARTIAL_CAPTURE_UNOBSERVED_CERT_POP3,CHALLENGE_SYNTHETIC,0.0,1.0,0.0,0.0,0.0,,,,0.0,0.0,1.0,,0.0,0.0,1.0,0,0,1,1,MEDIUM
challenge-0006,chal-smtp-00023,CHALLENGE_PARTIAL_CAPTURE_STARTTLS_NEGOTIATION_TRUNCATED-0023,CHALLENGE_PARTIAL_CAPTURE_STARTTLS_NEGOTIATION_TRUNCATED,CHALLENGE_SYNTHETIC,0.0,1.0,0.0,0.0,0.0,,,,0.0,1.0,0.0,,1.0,0.0,0.0,0,1,0,0,HIGH
challenge-0007,chal-pop3-00024,CHALLENGE_RARE_POP3_STARTTLS_LEGACY_CIPHER-0024,CHALLENGE_RARE_POP3_STARTTLS_LEGACY_CIPHER,CHALLENGE_SYNTHETIC,0.0,1.0,0.0,1.0,1.0,0.0,0.0,0.0,0.0,0.0,1.0,1.0,0.0,0.0,1.0,0,1,0,0,HIGH
challenge-0007,chal-imap-00025,CHALLENGE_RARE_IMAP_DEPRECATED_TLS_WITH_PFS-0025,CHALLENGE_RARE_IMAP_DEPRECATED_TLS_WITH_PFS,CHALLENGE_SYNTHETIC,0.0,0.0,1.0,1.0,0.0,0.0,0.0,0.0,0.0,0.0,0.0,0.0,0.0,1.0,0.0,0,1,1,1,HIGH
challenge-0007,chal-imap-00026,CHALLENGE_RARE_NOT_YET_VALID_CERT_ISOLATED-0026,CHALLENGE_RARE_NOT_YET_VALID_CERT_ISOLATED,CHALLENGE_SYNTHETIC,0.0,1.0,0.0,0.0,0.0,0.0,1.0,0.0,0.0,0.0,0.0,0.0,0.0,1.0,0.0,0,0,1,0,HIGH
challenge-0007,chal-pop3-00027,CHALLENGE_RARE_POP3_PLAINTEXT_HIGH_ACTIVITY-0027,CHALLENGE_RARE_POP3_PLAINTEXT_HIGH_ACTIVITY,CHALLENGE_SYNTHETIC,1.0,0.0,0.0,,,,,,1.0,0.0,,,0.0,0.0,1.0,1,2,1,1,CRITICAL
challenge-0008,chal-pop3-00028,CHALLENGE_ADVERSARIAL_MULTIPLE_HIGH_NO_CRIT_LABEL-0028,CHALLENGE_ADVERSARIAL_MULTIPLE_HIGH_NO_CRIT_LABEL,CHALLENGE_SYNTHETIC,0.0,0.0,1.0,1.0,0.0,0.0,0.0,0.0,0.0,0.0,0.0,0.0,0.0,0.0,1.0,0,3,2,2,HIGH
challenge-0008,chal-pop3-00029,CHALLENGE_ADVERSARIAL_HIGH_WITH_ZERO_HIGH_COUNT-0029,CHALLENGE_ADVERSARIAL_HIGH_WITH_ZERO_HIGH_COUNT,CHALLENGE_SYNTHETIC,0.0,0.0,1.0,1.0,0.0,0.0,0.0,0.0,0.0,0.0,0.0,0.0,0.0,0.0,1.0,0,0,1,1,HIGH
challenge-0008,chal-smtp-00030,CHALLENGE_ADVERSARIAL_MED_WITH_HIGH_LOW_COUNT-0030,CHALLENGE_ADVERSARIAL_MED_WITH_HIGH_LOW_COUNT,CHALLENGE_SYNTHETIC,0.0,1.0,0.0,0.0,0.0,0.0,0.0,0.0,0.0,0.0,1.0,0.0,1.0,0.0,0.0,0,0,0,4,MEDIUM
challenge-0008,chal-smtp-00031,CHALLENGE_BOUNDARY_LOW_MED_CERT_VISIBILITY-0031,CHALLENGE_BOUNDARY_LOW_MED_CERT_VISIBILITY,CHALLENGE_SYNTHETIC,0.0,1.0,0.0,0.0,0.0,,,,0.0,0.0,0.0,,1.0,0.0,0.0,0,0,0,2,MEDIUM
challenge-0009,chal-imap-00032,CHALLENGE_BOUNDARY_HIGH_CRIT_ZERO_CRIT_PLAINTEXT-0032,CHALLENGE_BOUNDARY_HIGH_CRIT_ZERO_CRIT_PLAINTEXT,CHALLENGE_SYNTHETIC,1.0,0.0,0.0,,,,,,1.0,0.0,,,0.0,1.0,0.0,0,0,1,0,CRITICAL
challenge-0009,chal-pop3-00033,CHALLENGE_PARTIAL_CAPTURE_UNOBSERVED_CERT_POP3-0033,CHALLENGE_PARTIAL_CAPTURE_UNOBSERVED_CERT_POP3,CHALLENGE_SYNTHETIC,0.0,1.0,0.0,0.0,0.0,,,,0.0,0.0,1.0,,0.0,0.0,1.0,0,0,1,0,MEDIUM
challenge-0009,chal-pop3-00034,CHALLENGE_RARE_POP3_STARTTLS_LEGACY_CIPHER-0034,CHALLENGE_RARE_POP3_STARTTLS_LEGACY_CIPHER,CHALLENGE_SYNTHETIC,0.0,1.0,0.0,1.0,1.0,0.0,0.0,0.0,0.0,0.0,1.0,0.0,0.0,0.0,1.0,0,2,2,0,HIGH
challenge-0009,chal-imap-00035,CHALLENGE_RARE_IMAP_DEPRECATED_TLS_WITH_PFS-0035,CHALLENGE_RARE_IMAP_DEPRECATED_TLS_WITH_PFS,CHALLENGE_SYNTHETIC,0.0,0.0,1.0,1.0,0.0,0.0,0.0,0.0,0.0,0.0,0.0,0.0,0.0,1.0,0.0,0,1,1,0,HIGH
challenge-0010,chal-smtp-00036,CHALLENGE_RARE_NOT_YET_VALID_CERT_ISOLATED-0036,CHALLENGE_RARE_NOT_YET_VALID_CERT_ISOLATED,CHALLENGE_SYNTHETIC,0.0,0.0,1.0,0.0,0.0,0.0,1.0,0.0,0.0,0.0,0.0,0.0,1.0,0.0,0.0,0,1,0,0,HIGH
challenge-0010,chal-smtp-00037,CHALLENGE_ADVERSARIAL_MULTIPLE_HIGH_NO_CRIT_LABEL-0037,CHALLENGE_ADVERSARIAL_MULTIPLE_HIGH_NO_CRIT_LABEL,CHALLENGE_SYNTHETIC,0.0,1.0,0.0,1.0,0.0,0.0,0.0,0.0,0.0,0.0,0.0,0.0,1.0,0.0,0.0,0,3,2,1,HIGH
challenge-0010,chal-pop3-00038,CHALLENGE_ADVERSARIAL_CRITICAL_WITH_ZERO_FINDINGS-0038,CHALLENGE_ADVERSARIAL_CRITICAL_WITH_ZERO_FINDINGS,CHALLENGE_SYNTHETIC,1.0,0.0,0.0,,,,,,0.0,0.0,,,0.0,0.0,1.0,0,0,0,0,CRITICAL
challenge-0010,chal-imap-00039,CHALLENGE_ADVERSARIAL_HIGH_WITH_ZERO_HIGH_COUNT-0039,CHALLENGE_ADVERSARIAL_HIGH_WITH_ZERO_HIGH_COUNT,CHALLENGE_SYNTHETIC,0.0,0.0,1.0,1.0,0.0,0.0,0.0,0.0,0.0,0.0,0.0,0.0,0.0,1.0,0.0,0,0,2,1,HIGH
challenge-0011,chal-imap-00040,CHALLENGE_ADVERSARIAL_MED_WITH_HIGH_LOW_COUNT-0040,CHALLENGE_ADVERSARIAL_MED_WITH_HIGH_LOW_COUNT,CHALLENGE_SYNTHETIC,0.0,0.0,1.0,0.0,0.0,0.0,0.0,0.0,0.0,0.0,1.0,0.0,0.0,1.0,0.0,0,0,0,4,MEDIUM
challenge-0011,chal-imap-00041,CHALLENGE_BOUNDARY_LOW_MED_MIN_FINDINGS-0041,CHALLENGE_BOUNDARY_LOW_MED_MIN_FINDINGS,CHALLENGE_SYNTHETIC,0.0,1.0,0.0,0.0,0.0,0.0,0.0,0.0,0.0,0.0,0.0,1.0,0.0,1.0,0.0,0,0,1,3,MEDIUM
challenge-0011,chal-pop3-00042,CHALLENGE_BOUNDARY_MED_HIGH_ISOLATED_WEAK_KEY-0042,CHALLENGE_BOUNDARY_MED_HIGH_ISOLATED_WEAK_KEY,CHALLENGE_SYNTHETIC,0.0,0.0,1.0,0.0,0.0,0.0,0.0,1.0,0.0,0.0,1.0,0.0,0.0,0.0,1.0,0,1,1,0,HIGH
challenge-0011,chal-imap-00043,CHALLENGE_BOUNDARY_HIGH_CRIT_ZERO_CRIT_PLAINTEXT-0043,CHALLENGE_BOUNDARY_HIGH_CRIT_ZERO_CRIT_PLAINTEXT,CHALLENGE_SYNTHETIC,1.0,0.0,0.0,,,,,,1.0,0.0,,,0.0,1.0,0.0,0,1,0,0,CRITICAL
challenge-0012,chal-pop3-00044,CHALLENGE_PARTIAL_CAPTURE_UNOBSERVED_CERT_POP3-0044,CHALLENGE_PARTIAL_CAPTURE_UNOBSERVED_CERT_POP3,CHALLENGE_SYNTHETIC,0.0,1.0,0.0,0.0,0.0,,,,0.0,0.0,1.0,,0.0,0.0,1.0,0,0,1,0,MEDIUM
challenge-0012,chal-imap-00045,CHALLENGE_PARTIAL_CAPTURE_STARTTLS_NEGOTIATION_TRUNCATED-0045,CHALLENGE_PARTIAL_CAPTURE_STARTTLS_NEGOTIATION_TRUNCATED,CHALLENGE_SYNTHETIC,0.0,1.0,0.0,0.0,0.0,,,,0.0,1.0,0.0,,0.0,1.0,0.0,0,1,0,1,HIGH
challenge-0012,chal-smtp-00046,CHALLENGE_PARTIAL_CAPTURE_IMPLICIT_HIGH_NAN_CLEAN-0046,CHALLENGE_PARTIAL_CAPTURE_IMPLICIT_HIGH_NAN_CLEAN,CHALLENGE_SYNTHETIC,0.0,0.0,1.0,0.0,0.0,,,,0.0,0.0,1.0,,1.0,0.0,0.0,0,0,1,1,MEDIUM
challenge-0012,chal-pop3-00047,CHALLENGE_RARE_POP3_STARTTLS_LEGACY_CIPHER-0047,CHALLENGE_RARE_POP3_STARTTLS_LEGACY_CIPHER,CHALLENGE_SYNTHETIC,0.0,1.0,0.0,1.0,1.0,0.0,0.0,0.0,0.0,0.0,1.0,0.0,0.0,0.0,1.0,0,2,1,0,HIGH
challenge-0013,chal-imap-00048,CHALLENGE_RARE_IMAP_DEPRECATED_TLS_WITH_PFS-0048,CHALLENGE_RARE_IMAP_DEPRECATED_TLS_WITH_PFS,CHALLENGE_SYNTHETIC,0.0,0.0,1.0,1.0,0.0,0.0,0.0,0.0,0.0,0.0,0.0,0.0,0.0,1.0,0.0,0,1,0,0,HIGH
challenge-0013,chal-smtp-00049,CHALLENGE_RARE_SMTP_WEAK_CIPHER_WITH_CLEAN_CERT-0049,CHALLENGE_RARE_SMTP_WEAK_CIPHER_WITH_CLEAN_CERT,CHALLENGE_SYNTHETIC,0.0,1.0,0.0,0.0,1.0,0.0,0.0,0.0,0.0,0.0,0.0,0.0,1.0,0.0,0.0,0,1,0,0,HIGH
challenge-0013,chal-pop3-00050,CHALLENGE_RARE_NOT_YET_VALID_CERT_ISOLATED-0050,CHALLENGE_RARE_NOT_YET_VALID_CERT_ISOLATED,CHALLENGE_SYNTHETIC,0.0,1.0,0.0,0.0,0.0,0.0,1.0,0.0,0.0,0.0,0.0,0.0,0.0,0.0,1.0,0,0,1,0,HIGH
challenge-0013,chal-pop3-00051,CHALLENGE_RARE_POP3_PLAINTEXT_HIGH_ACTIVITY-0051,CHALLENGE_RARE_POP3_PLAINTEXT_HIGH_ACTIVITY,CHALLENGE_SYNTHETIC,1.0,0.0,0.0,,,,,,1.0,0.0,,,0.0,0.0,1.0,2,1,1,1,CRITICAL
challenge-0014,chal-pop3-00052,CHALLENGE_ADVERSARIAL_MULTIPLE_HIGH_NO_CRIT_LABEL-0052,CHALLENGE_ADVERSARIAL_MULTIPLE_HIGH_NO_CRIT_LABEL,CHALLENGE_SYNTHETIC,0.0,0.0,1.0,1.0,0.0,0.0,0.0,0.0,0.0,0.0,0.0,0.0,0.0,0.0,1.0,0,3,2,2,HIGH
challenge-0014,chal-pop3-00053,CHALLENGE_ADVERSARIAL_CRITICAL_WITH_ZERO_FINDINGS-0053,CHALLENGE_ADVERSARIAL_CRITICAL_WITH_ZERO_FINDINGS,CHALLENGE_SYNTHETIC,1.0,0.0,0.0,,,,,,0.0,0.0,,,0.0,0.0,1.0,0,0,0,0,CRITICAL
challenge-0014,chal-pop3-00054,CHALLENGE_ADVERSARIAL_HIGH_WITH_ZERO_HIGH_COUNT-0054,CHALLENGE_ADVERSARIAL_HIGH_WITH_ZERO_HIGH_COUNT,CHALLENGE_SYNTHETIC,0.0,0.0,1.0,1.0,0.0,0.0,0.0,0.0,0.0,0.0,0.0,0.0,0.0,0.0,1.0,0,0,1,1,HIGH
challenge-0014,chal-pop3-00055,CHALLENGE_ADVERSARIAL_MED_WITH_HIGH_LOW_COUNT-0055,CHALLENGE_ADVERSARIAL_MED_WITH_HIGH_LOW_COUNT,CHALLENGE_SYNTHETIC,0.0,0.0,1.0,0.0,0.0,0.0,0.0,0.0,0.0,0.0,1.0,0.0,0.0,0.0,1.0,0,0,0,4,MEDIUM
challenge-0015,chal-pop3-00056,CHALLENGE_BOUNDARY_MED_HIGH_ISOLATED_WEAK_KEY-0056,CHALLENGE_BOUNDARY_MED_HIGH_ISOLATED_WEAK_KEY,CHALLENGE_SYNTHETIC,0.0,0.0,1.0,0.0,0.0,0.0,0.0,1.0,0.0,0.0,0.0,0.0,0.0,0.0,1.0,0,0,0,0,HIGH
challenge-0015,chal-pop3-00057,CHALLENGE_PARTIAL_CAPTURE_UNOBSERVED_CERT_POP3-0057,CHALLENGE_PARTIAL_CAPTURE_UNOBSERVED_CERT_POP3,CHALLENGE_SYNTHETIC,0.0,1.0,0.0,0.0,0.0,,,,0.0,0.0,1.0,,0.0,0.0,1.0,0,0,1,1,MEDIUM
challenge-0015,chal-smtp-00058,CHALLENGE_RARE_SMTP_WEAK_CIPHER_WITH_CLEAN_CERT-0058,CHALLENGE_RARE_SMTP_WEAK_CIPHER_WITH_CLEAN_CERT,CHALLENGE_SYNTHETIC,0.0,1.0,0.0,0.0,1.0,0.0,0.0,0.0,0.0,0.0,0.0,0.0,1.0,0.0,0.0,0,1,1,1,HIGH
challenge-0015,chal-pop3-00059,CHALLENGE_RARE_POP3_PLAINTEXT_HIGH_ACTIVITY-0059,CHALLENGE_RARE_POP3_PLAINTEXT_HIGH_ACTIVITY,CHALLENGE_SYNTHETIC,1.0,0.0,0.0,,,,,,1.0,0.0,,,0.0,0.0,1.0,1,2,1,1,CRITICAL
challenge-0016,chal-smtp-00060,CHALLENGE_ADVERSARIAL_MULTIPLE_HIGH_NO_CRIT_LABEL-0060,CHALLENGE_ADVERSARIAL_MULTIPLE_HIGH_NO_CRIT_LABEL,CHALLENGE_SYNTHETIC,0.0,0.0,1.0,1.0,0.0,0.0,0.0,0.0,0.0,0.0,0.0,0.0,1.0,0.0,0.0,0,2,1,1,HIGH
challenge-0016,chal-smtp-00061,CHALLENGE_ADVERSARIAL_CRITICAL_WITH_ZERO_FINDINGS-0061,CHALLENGE_ADVERSARIAL_CRITICAL_WITH_ZERO_FINDINGS,CHALLENGE_SYNTHETIC,1.0,0.0,0.0,,,,,,0.0,0.0,,,1.0,0.0,0.0,0,0,0,0,CRITICAL
challenge-0016,chal-pop3-00062,CHALLENGE_ADVERSARIAL_HIGH_WITH_ZERO_HIGH_COUNT-0062,CHALLENGE_ADVERSARIAL_HIGH_WITH_ZERO_HIGH_COUNT,CHALLENGE_SYNTHETIC,0.0,0.0,1.0,1.0,0.0,0.0,0.0,0.0,0.0,0.0,0.0,0.0,0.0,0.0,1.0,0,0,1,1,HIGH
challenge-0016,chal-pop3-00063,CHALLENGE_ADVERSARIAL_MED_WITH_HIGH_LOW_COUNT-0063,CHALLENGE_ADVERSARIAL_MED_WITH_HIGH_LOW_COUNT,CHALLENGE_SYNTHETIC,0.0,0.0,1.0,0.0,0.0,0.0,0.0,0.0,0.0,0.0,1.0,0.0,0.0,0.0,1.0,0,0,0,4,MEDIUM
challenge-0017,chal-smtp-00064,CHALLENGE_BOUNDARY_MED_HIGH_ISOLATED_WEAK_KEY-0064,CHALLENGE_BOUNDARY_MED_HIGH_ISOLATED_WEAK_KEY,CHALLENGE_SYNTHETIC,0.0,0.0,1.0,0.0,0.0,0.0,0.0,1.0,0.0,0.0,1.0,0.0,1.0,0.0,0.0,0,1,0,1,HIGH
challenge-0017,chal-smtp-00065,CHALLENGE_BOUNDARY_HIGH_CRIT_ZERO_CRIT_PLAINTEXT-0065,CHALLENGE_BOUNDARY_HIGH_CRIT_ZERO_CRIT_PLAINTEXT,CHALLENGE_SYNTHETIC,1.0,0.0,0.0,,,,,,0.0,0.0,,,1.0,0.0,0.0,0,0,0,0,CRITICAL
challenge-0017,chal-pop3-00066,CHALLENGE_RARE_POP3_STARTTLS_LEGACY_CIPHER-0066,CHALLENGE_RARE_POP3_STARTTLS_LEGACY_CIPHER,CHALLENGE_SYNTHETIC,0.0,1.0,0.0,1.0,1.0,0.0,0.0,0.0,0.0,0.0,1.0,1.0,0.0,0.0,1.0,0,2,0,0,HIGH
challenge-0017,chal-imap-00067,CHALLENGE_RARE_IMAP_DEPRECATED_TLS_WITH_PFS-0067,CHALLENGE_RARE_IMAP_DEPRECATED_TLS_WITH_PFS,CHALLENGE_SYNTHETIC,0.0,1.0,0.0,1.0,0.0,0.0,0.0,0.0,0.0,0.0,0.0,0.0,0.0,1.0,0.0,0,1,1,0,HIGH
challenge-0018,chal-smtp-00068,CHALLENGE_RARE_SMTP_WEAK_CIPHER_WITH_CLEAN_CERT-0068,CHALLENGE_RARE_SMTP_WEAK_CIPHER_WITH_CLEAN_CERT,CHALLENGE_SYNTHETIC,0.0,1.0,0.0,0.0,1.0,0.0,0.0,0.0,0.0,0.0,0.0,0.0,1.0,0.0,0.0,0,1,1,1,HIGH
challenge-0018,chal-pop3-00069,CHALLENGE_ADVERSARIAL_MULTIPLE_HIGH_NO_CRIT_LABEL-0069,CHALLENGE_ADVERSARIAL_MULTIPLE_HIGH_NO_CRIT_LABEL,CHALLENGE_SYNTHETIC,0.0,0.0,1.0,1.0,0.0,0.0,0.0,0.0,0.0,0.0,0.0,0.0,0.0,0.0,1.0,0,3,1,1,HIGH
challenge-0018,chal-imap-00070,CHALLENGE_ADVERSARIAL_HIGH_WITH_ZERO_HIGH_COUNT-0070,CHALLENGE_ADVERSARIAL_HIGH_WITH_ZERO_HIGH_COUNT,CHALLENGE_SYNTHETIC,0.0,1.0,0.0,1.0,0.0,0.0,0.0,0.0,0.0,0.0,0.0,0.0,0.0,1.0,0.0,0,0,2,0,HIGH
challenge-0018,chal-smtp-00071,CHALLENGE_ADVERSARIAL_MED_WITH_HIGH_LOW_COUNT-0071,CHALLENGE_ADVERSARIAL_MED_WITH_HIGH_LOW_COUNT,CHALLENGE_SYNTHETIC,0.0,0.0,1.0,0.0,0.0,0.0,0.0,0.0,0.0,0.0,1.0,0.0,1.0,0.0,0.0,0,0,0,4,MEDIUM
challenge-0019,chal-smtp-00072,CHALLENGE_BOUNDARY_MED_HIGH_ISOLATED_WEAK_KEY-0072,CHALLENGE_BOUNDARY_MED_HIGH_ISOLATED_WEAK_KEY,CHALLENGE_SYNTHETIC,0.0,0.0,1.0,0.0,0.0,0.0,0.0,1.0,0.0,0.0,1.0,1.0,1.0,0.0,0.0,0,1,0,1,HIGH
challenge-0019,chal-pop3-00073,CHALLENGE_PARTIAL_CAPTURE_UNOBSERVED_CERT_POP3-0073,CHALLENGE_PARTIAL_CAPTURE_UNOBSERVED_CERT_POP3,CHALLENGE_SYNTHETIC,0.0,1.0,0.0,0.0,0.0,,,,0.0,0.0,1.0,,0.0,0.0,1.0,0,0,1,0,MEDIUM
challenge-0019,chal-pop3-00074,CHALLENGE_PARTIAL_CAPTURE_STARTTLS_NEGOTIATION_TRUNCATED-0074,CHALLENGE_PARTIAL_CAPTURE_STARTTLS_NEGOTIATION_TRUNCATED,CHALLENGE_SYNTHETIC,0.0,1.0,0.0,0.0,0.0,,,,0.0,1.0,0.0,,0.0,0.0,1.0,0,1,0,1,HIGH
challenge-0019,chal-pop3-00075,CHALLENGE_RARE_POP3_STARTTLS_LEGACY_CIPHER-0075,CHALLENGE_RARE_POP3_STARTTLS_LEGACY_CIPHER,CHALLENGE_SYNTHETIC,0.0,1.0,0.0,1.0,1.0,0.0,0.0,1.0,0.0,0.0,1.0,1.0,0.0,0.0,1.0,0,1,0,0,CRITICAL
challenge-0020,chal-imap-00076,CHALLENGE_RARE_IMAP_DEPRECATED_TLS_WITH_PFS-0076,CHALLENGE_RARE_IMAP_DEPRECATED_TLS_WITH_PFS,CHALLENGE_SYNTHETIC,0.0,0.0,1.0,1.0,0.0,0.0,0.0,0.0,0.0,0.0,0.0,0.0,0.0,1.0,0.0,0,1,0,0,HIGH
challenge-0020,chal-pop3-00077,CHALLENGE_ADVERSARIAL_MULTIPLE_HIGH_NO_CRIT_LABEL-0077,CHALLENGE_ADVERSARIAL_MULTIPLE_HIGH_NO_CRIT_LABEL,CHALLENGE_SYNTHETIC,0.0,0.0,1.0,1.0,0.0,0.0,0.0,0.0,0.0,0.0,0.0,0.0,0.0,0.0,1.0,0,3,2,1,HIGH
challenge-0020,chal-pop3-00078,CHALLENGE_ADVERSARIAL_HIGH_WITH_ZERO_HIGH_COUNT-0078,CHALLENGE_ADVERSARIAL_HIGH_WITH_ZERO_HIGH_COUNT,CHALLENGE_SYNTHETIC,0.0,1.0,0.0,1.0,0.0,0.0,0.0,0.0,0.0,0.0,0.0,0.0,0.0,0.0,1.0,0,0,2,1,HIGH
challenge-0020,chal-pop3-00079,CHALLENGE_ADVERSARIAL_MED_WITH_HIGH_LOW_COUNT-0079,CHALLENGE_ADVERSARIAL_MED_WITH_HIGH_LOW_COUNT,CHALLENGE_SYNTHETIC,0.0,1.0,0.0,0.0,0.0,0.0,0.0,0.0,0.0,0.0,1.0,0.0,0.0,0.0,1.0,0,0,0,4,MEDIUM
challenge-0021,chal-pop3-00080,CHALLENGE_BOUNDARY_LOW_MED_MIN_FINDINGS-0080,CHALLENGE_BOUNDARY_LOW_MED_MIN_FINDINGS,CHALLENGE_SYNTHETIC,0.0,0.0,1.0,0.0,0.0,0.0,0.0,0.0,0.0,0.0,0.0,1.0,0.0,0.0,1.0,0,0,1,2,MEDIUM
challenge-0021,chal-imap-00081,CHALLENGE_BOUNDARY_MED_HIGH_ISOLATED_WEAK_KEY-0081,CHALLENGE_BOUNDARY_MED_HIGH_ISOLATED_WEAK_KEY,CHALLENGE_SYNTHETIC,0.0,1.0,0.0,0.0,0.0,0.0,0.0,1.0,0.0,0.0,1.0,0.0,0.0,1.0,0.0,0,0,0,0,HIGH
challenge-0021,chal-pop3-00082,CHALLENGE_PARTIAL_CAPTURE_UNOBSERVED_CERT_POP3-0082,CHALLENGE_PARTIAL_CAPTURE_UNOBSERVED_CERT_POP3,CHALLENGE_SYNTHETIC,0.0,1.0,0.0,0.0,0.0,,,,0.0,0.0,1.0,,0.0,0.0,1.0,0,0,1,0,MEDIUM
challenge-0021,chal-pop3-00083,CHALLENGE_RARE_POP3_STARTTLS_LEGACY_CIPHER-0083,CHALLENGE_RARE_POP3_STARTTLS_LEGACY_CIPHER,CHALLENGE_SYNTHETIC,0.0,1.0,0.0,1.0,1.0,0.0,0.0,0.0,0.0,0.0,1.0,0.0,0.0,0.0,1.0,0,2,2,0,HIGH
challenge-0022,chal-imap-00084,CHALLENGE_RARE_IMAP_DEPRECATED_TLS_WITH_PFS-0084,CHALLENGE_RARE_IMAP_DEPRECATED_TLS_WITH_PFS,CHALLENGE_SYNTHETIC,0.0,1.0,0.0,1.0,0.0,0.0,0.0,0.0,0.0,0.0,0.0,0.0,0.0,1.0,0.0,0,0,1,1,HIGH
challenge-0022,chal-pop3-00085,CHALLENGE_RARE_POP3_PLAINTEXT_HIGH_ACTIVITY-0085,CHALLENGE_RARE_POP3_PLAINTEXT_HIGH_ACTIVITY,CHALLENGE_SYNTHETIC,1.0,0.0,0.0,,,,,,1.0,0.0,,,0.0,0.0,1.0,2,1,1,1,CRITICAL
challenge-0022,chal-imap-00086,CHALLENGE_ADVERSARIAL_MULTIPLE_HIGH_NO_CRIT_LABEL-0086,CHALLENGE_ADVERSARIAL_MULTIPLE_HIGH_NO_CRIT_LABEL,CHALLENGE_SYNTHETIC,0.0,1.0,0.0,1.0,0.0,0.0,0.0,0.0,0.0,0.0,0.0,0.0,0.0,1.0,0.0,0,3,2,1,HIGH
challenge-0022,chal-smtp-00087,CHALLENGE_ADVERSARIAL_CRITICAL_WITH_ZERO_FINDINGS-0087,CHALLENGE_ADVERSARIAL_CRITICAL_WITH_ZERO_FINDINGS,CHALLENGE_SYNTHETIC,1.0,0.0,0.0,,,,,,0.0,0.0,,,1.0,0.0,0.0,0,0,0,0,CRITICAL
challenge-0023,chal-imap-00088,CHALLENGE_ADVERSARIAL_HIGH_WITH_ZERO_HIGH_COUNT-0088,CHALLENGE_ADVERSARIAL_HIGH_WITH_ZERO_HIGH_COUNT,CHALLENGE_SYNTHETIC,0.0,1.0,0.0,1.0,0.0,0.0,0.0,0.0,0.0,0.0,0.0,0.0,0.0,1.0,0.0,0,0,2,1,HIGH
challenge-0023,chal-smtp-00089,CHALLENGE_ADVERSARIAL_MED_WITH_HIGH_LOW_COUNT-0089,CHALLENGE_ADVERSARIAL_MED_WITH_HIGH_LOW_COUNT,CHALLENGE_SYNTHETIC,0.0,1.0,0.0,0.0,0.0,0.0,0.0,0.0,0.0,0.0,1.0,0.0,1.0,0.0,0.0,0,0,0,4,MEDIUM
challenge-0023,chal-pop3-00090,CHALLENGE_BOUNDARY_MED_HIGH_COMPOUNDING_MODERATE-0090,CHALLENGE_BOUNDARY_MED_HIGH_COMPOUNDING_MODERATE,CHALLENGE_SYNTHETIC,0.0,1.0,0.0,0.0,0.0,0.0,0.0,0.0,0.0,0.0,1.0,1.0,0.0,0.0,1.0,0,0,3,2,HIGH
challenge-0023,chal-imap-00091,CHALLENGE_PARTIAL_CAPTURE_STARTTLS_NEGOTIATION_TRUNCATED-0091,CHALLENGE_PARTIAL_CAPTURE_STARTTLS_NEGOTIATION_TRUNCATED,CHALLENGE_SYNTHETIC,0.0,1.0,0.0,0.0,0.0,,,,0.0,1.0,0.0,,0.0,1.0,0.0,0,1,0,0,HIGH
challenge-0024,chal-pop3-00092,CHALLENGE_RARE_POP3_STARTTLS_LEGACY_CIPHER-0092,CHALLENGE_RARE_POP3_STARTTLS_LEGACY_CIPHER,CHALLENGE_SYNTHETIC,0.0,1.0,0.0,1.0,1.0,0.0,0.0,1.0,0.0,0.0,1.0,0.0,0.0,0.0,1.0,0,1,2,0,CRITICAL
challenge-0024,chal-imap-00093,CHALLENGE_RARE_IMAP_DEPRECATED_TLS_WITH_PFS-0093,CHALLENGE_RARE_IMAP_DEPRECATED_TLS_WITH_PFS,CHALLENGE_SYNTHETIC,0.0,1.0,0.0,1.0,0.0,0.0,0.0,0.0,0.0,0.0,0.0,0.0,0.0,1.0,0.0,0,1,1,0,HIGH
challenge-0024,chal-smtp-00094,CHALLENGE_RARE_SMTP_WEAK_CIPHER_WITH_CLEAN_CERT-0094,CHALLENGE_RARE_SMTP_WEAK_CIPHER_WITH_CLEAN_CERT,CHALLENGE_SYNTHETIC,0.0,1.0,0.0,0.0,1.0,0.0,0.0,0.0,0.0,0.0,1.0,0.0,1.0,0.0,0.0,0,1,0,1,HIGH
challenge-0024,chal-pop3-00095,CHALLENGE_RARE_NOT_YET_VALID_CERT_ISOLATED-0095,CHALLENGE_RARE_NOT_YET_VALID_CERT_ISOLATED,CHALLENGE_SYNTHETIC,0.0,1.0,0.0,0.0,0.0,0.0,1.0,0.0,0.0,0.0,0.0,0.0,0.0,0.0,1.0,0,0,0,0,HIGH
challenge-0025,chal-pop3-00096,CHALLENGE_RARE_POP3_PLAINTEXT_HIGH_ACTIVITY-0096,CHALLENGE_RARE_POP3_PLAINTEXT_HIGH_ACTIVITY,CHALLENGE_SYNTHETIC,1.0,0.0,0.0,,,,,,1.0,0.0,,,0.0,0.0,1.0,2,1,1,1,CRITICAL
challenge-0025,chal-smtp-00097,CHALLENGE_ADVERSARIAL_MULTIPLE_HIGH_NO_CRIT_LABEL-0097,CHALLENGE_ADVERSARIAL_MULTIPLE_HIGH_NO_CRIT_LABEL,CHALLENGE_SYNTHETIC,0.0,0.0,1.0,1.0,0.0,0.0,0.0,0.0,0.0,0.0,0.0,0.0,1.0,0.0,0.0,0,2,2,1,HIGH
challenge-0025,chal-smtp-00098,CHALLENGE_ADVERSARIAL_HIGH_WITH_ZERO_HIGH_COUNT-0098,CHALLENGE_ADVERSARIAL_HIGH_WITH_ZERO_HIGH_COUNT,CHALLENGE_SYNTHETIC,0.0,1.0,0.0,1.0,0.0,0.0,0.0,0.0,0.0,0.0,0.0,0.0,1.0,0.0,0.0,0,0,2,0,HIGH
challenge-0025,chal-smtp-00099,CHALLENGE_ADVERSARIAL_MED_WITH_HIGH_LOW_COUNT-0099,CHALLENGE_ADVERSARIAL_MED_WITH_HIGH_LOW_COUNT,CHALLENGE_SYNTHETIC,0.0,0.0,1.0,0.0,0.0,0.0,0.0,0.0,0.0,0.0,1.0,0.0,1.0,0.0,0.0,0,0,0,4,MEDIUM
challenge-0026,chal-imap-00100,CHALLENGE_BOUNDARY_HIGH_CRIT_ZERO_CRIT_PLAINTEXT-0100,CHALLENGE_BOUNDARY_HIGH_CRIT_ZERO_CRIT_PLAINTEXT,CHALLENGE_SYNTHETIC,1.0,0.0,0.0,,,,,,1.0,0.0,,,0.0,1.0,0.0,0,1,0,1,CRITICAL
challenge-0026,chal-imap-00101,CHALLENGE_PARTIAL_CAPTURE_STARTTLS_NEGOTIATION_TRUNCATED-0101,CHALLENGE_PARTIAL_CAPTURE_STARTTLS_NEGOTIATION_TRUNCATED,CHALLENGE_SYNTHETIC,0.0,1.0,0.0,0.0,0.0,,,,0.0,1.0,0.0,,0.0,1.0,0.0,0,1,0,0,HIGH
challenge-0026,chal-pop3-00102,CHALLENGE_RARE_POP3_STARTTLS_LEGACY_CIPHER-0102,CHALLENGE_RARE_POP3_STARTTLS_LEGACY_CIPHER,CHALLENGE_SYNTHETIC,0.0,1.0,0.0,1.0,1.0,0.0,0.0,1.0,0.0,0.0,1.0,1.0,0.0,0.0,1.0,0,3,0,0,CRITICAL
challenge-0026,chal-imap-00103,CHALLENGE_RARE_IMAP_DEPRECATED_TLS_WITH_PFS-0103,CHALLENGE_RARE_IMAP_DEPRECATED_TLS_WITH_PFS,CHALLENGE_SYNTHETIC,0.0,1.0,0.0,1.0,0.0,0.0,0.0,0.0,0.0,0.0,0.0,0.0,0.0,1.0,0.0,0,0,1,0,HIGH
challenge-0027,chal-pop3-00104,CHALLENGE_RARE_POP3_PLAINTEXT_HIGH_ACTIVITY-0104,CHALLENGE_RARE_POP3_PLAINTEXT_HIGH_ACTIVITY,CHALLENGE_SYNTHETIC,1.0,0.0,0.0,,,,,,1.0,0.0,,,0.0,0.0,1.0,3,1,1,1,CRITICAL
challenge-0027,chal-imap-00105,CHALLENGE_ADVERSARIAL_MULTIPLE_HIGH_NO_CRIT_LABEL-0105,CHALLENGE_ADVERSARIAL_MULTIPLE_HIGH_NO_CRIT_LABEL,CHALLENGE_SYNTHETIC,0.0,0.0,1.0,1.0,0.0,0.0,0.0,0.0,0.0,0.0,0.0,0.0,0.0,1.0,0.0,0,3,2,2,HIGH
challenge-0027,chal-pop3-00106,CHALLENGE_ADVERSARIAL_CRITICAL_WITH_ZERO_FINDINGS-0106,CHALLENGE_ADVERSARIAL_CRITICAL_WITH_ZERO_FINDINGS,CHALLENGE_SYNTHETIC,1.0,0.0,0.0,,,,,,0.0,0.0,,,0.0,0.0,1.0,0,0,0,0,CRITICAL
challenge-0027,chal-imap-00107,CHALLENGE_ADVERSARIAL_HIGH_WITH_ZERO_HIGH_COUNT-0107,CHALLENGE_ADVERSARIAL_HIGH_WITH_ZERO_HIGH_COUNT,CHALLENGE_SYNTHETIC,0.0,0.0,1.0,1.0,0.0,0.0,0.0,0.0,0.0,0.0,0.0,0.0,0.0,1.0,0.0,0,0,2,0,HIGH
challenge-0028,chal-smtp-00108,CHALLENGE_ADVERSARIAL_MED_WITH_HIGH_LOW_COUNT-0108,CHALLENGE_ADVERSARIAL_MED_WITH_HIGH_LOW_COUNT,CHALLENGE_SYNTHETIC,0.0,0.0,1.0,0.0,0.0,0.0,0.0,0.0,0.0,0.0,1.0,0.0,1.0,0.0,0.0,0,0,0,4,MEDIUM
challenge-0028,chal-imap-00109,CHALLENGE_BOUNDARY_LOW_MED_MIN_FINDINGS-0109,CHALLENGE_BOUNDARY_LOW_MED_MIN_FINDINGS,CHALLENGE_SYNTHETIC,0.0,1.0,0.0,0.0,0.0,0.0,0.0,0.0,0.0,0.0,0.0,1.0,0.0,1.0,0.0,0,0,1,3,MEDIUM
challenge-0028,chal-smtp-00110,CHALLENGE_BOUNDARY_MED_HIGH_ISOLATED_WEAK_KEY-0110,CHALLENGE_BOUNDARY_MED_HIGH_ISOLATED_WEAK_KEY,CHALLENGE_SYNTHETIC,0.0,1.0,0.0,0.0,0.0,0.0,0.0,1.0,0.0,0.0,1.0,1.0,1.0,0.0,0.0,0,1,2,1,HIGH
challenge-0028,chal-imap-00111,CHALLENGE_BOUNDARY_HIGH_CRIT_ZERO_CRIT_PLAINTEXT-0111,CHALLENGE_BOUNDARY_HIGH_CRIT_ZERO_CRIT_PLAINTEXT,CHALLENGE_SYNTHETIC,1.0,0.0,0.0,,,,,,0.0,0.0,,,0.0,1.0,0.0,0,0,0,1,CRITICAL
challenge-0029,chal-pop3-00112,CHALLENGE_PARTIAL_CAPTURE_UNOBSERVED_CERT_POP3-0112,CHALLENGE_PARTIAL_CAPTURE_UNOBSERVED_CERT_POP3,CHALLENGE_SYNTHETIC,0.0,1.0,0.0,0.0,0.0,,,,0.0,0.0,1.0,,0.0,0.0,1.0,0,0,1,0,MEDIUM
challenge-0029,chal-pop3-00113,CHALLENGE_PARTIAL_CAPTURE_STARTTLS_NEGOTIATION_TRUNCATED-0113,CHALLENGE_PARTIAL_CAPTURE_STARTTLS_NEGOTIATION_TRUNCATED,CHALLENGE_SYNTHETIC,0.0,1.0,0.0,0.0,0.0,,,,0.0,1.0,0.0,,0.0,0.0,1.0,0,1,0,0,HIGH
challenge-0029,chal-pop3-00114,CHALLENGE_RARE_POP3_STARTTLS_LEGACY_CIPHER-0114,CHALLENGE_RARE_POP3_STARTTLS_LEGACY_CIPHER,CHALLENGE_SYNTHETIC,0.0,1.0,0.0,1.0,1.0,0.0,0.0,0.0,0.0,0.0,1.0,0.0,0.0,0.0,1.0,0,1,2,0,HIGH
challenge-0029,chal-imap-00115,CHALLENGE_RARE_IMAP_DEPRECATED_TLS_WITH_PFS-0115,CHALLENGE_RARE_IMAP_DEPRECATED_TLS_WITH_PFS,CHALLENGE_SYNTHETIC,0.0,1.0,0.0,1.0,0.0,0.0,0.0,0.0,0.0,0.0,0.0,0.0,0.0,1.0,0.0,0,1,1,0,HIGH
challenge-0030,chal-smtp-00116,CHALLENGE_RARE_SMTP_WEAK_CIPHER_WITH_CLEAN_CERT-0116,CHALLENGE_RARE_SMTP_WEAK_CIPHER_WITH_CLEAN_CERT,CHALLENGE_SYNTHETIC,0.0,1.0,0.0,0.0,1.0,0.0,0.0,0.0,0.0,0.0,0.0,0.0,1.0,0.0,0.0,0,1,0,0,HIGH
challenge-0030,chal-smtp-00117,CHALLENGE_RARE_NOT_YET_VALID_CERT_ISOLATED-0117,CHALLENGE_RARE_NOT_YET_VALID_CERT_ISOLATED,CHALLENGE_SYNTHETIC,0.0,0.0,1.0,0.0,0.0,0.0,1.0,0.0,0.0,0.0,0.0,0.0,1.0,0.0,0.0,0,0,0,0,HIGH
challenge-0030,chal-pop3-00118,CHALLENGE_RARE_POP3_PLAINTEXT_HIGH_ACTIVITY-0118,CHALLENGE_RARE_POP3_PLAINTEXT_HIGH_ACTIVITY,CHALLENGE_SYNTHETIC,1.0,0.0,0.0,,,,,,1.0,0.0,,,0.0,0.0,1.0,1,2,1,1,CRITICAL
challenge-0030,chal-imap-00119,CHALLENGE_ADVERSARIAL_MULTIPLE_HIGH_NO_CRIT_LABEL-0119,CHALLENGE_ADVERSARIAL_MULTIPLE_HIGH_NO_CRIT_LABEL,CHALLENGE_SYNTHETIC,0.0,1.0,0.0,1.0,0.0,0.0,0.0,0.0,0.0,0.0,0.0,0.0,0.0,1.0,0.0,0,2,1,1,HIGH
challenge-0031,chal-pop3-00120,CHALLENGE_ADVERSARIAL_CRITICAL_WITH_ZERO_FINDINGS-0120,CHALLENGE_ADVERSARIAL_CRITICAL_WITH_ZERO_FINDINGS,CHALLENGE_SYNTHETIC,1.0,0.0,0.0,,,,,,0.0,0.0,,,0.0,0.0,1.0,0,0,0,0,CRITICAL
challenge-0031,chal-imap-00121,CHALLENGE_ADVERSARIAL_HIGH_WITH_ZERO_HIGH_COUNT-0121,CHALLENGE_ADVERSARIAL_HIGH_WITH_ZERO_HIGH_COUNT,CHALLENGE_SYNTHETIC,0.0,1.0,0.0,1.0,0.0,0.0,0.0,0.0,0.0,0.0,0.0,0.0,0.0,1.0,0.0,0,0,1,0,HIGH
challenge-0031,chal-smtp-00122,CHALLENGE_ADVERSARIAL_MED_WITH_HIGH_LOW_COUNT-0122,CHALLENGE_ADVERSARIAL_MED_WITH_HIGH_LOW_COUNT,CHALLENGE_SYNTHETIC,0.0,0.0,1.0,0.0,0.0,0.0,0.0,0.0,0.0,0.0,1.0,0.0,1.0,0.0,0.0,0,0,0,4,MEDIUM
challenge-0031,chal-smtp-00123,CHALLENGE_BOUNDARY_LOW_MED_MIN_FINDINGS-0123,CHALLENGE_BOUNDARY_LOW_MED_MIN_FINDINGS,CHALLENGE_SYNTHETIC,0.0,1.0,0.0,0.0,0.0,0.0,0.0,0.0,0.0,0.0,0.0,0.0,1.0,0.0,0.0,0,0,0,2,LOW
challenge-0032,chal-imap-00124,CHALLENGE_BOUNDARY_MED_HIGH_ISOLATED_WEAK_KEY-0124,CHALLENGE_BOUNDARY_MED_HIGH_ISOLATED_WEAK_KEY,CHALLENGE_SYNTHETIC,0.0,1.0,0.0,0.0,0.0,0.0,0.0,1.0,0.0,0.0,1.0,1.0,0.0,1.0,0.0,0,1,2,0,HIGH
challenge-0032,chal-smtp-00125,CHALLENGE_BOUNDARY_HIGH_CRIT_ZERO_CRIT_PLAINTEXT-0125,CHALLENGE_BOUNDARY_HIGH_CRIT_ZERO_CRIT_PLAINTEXT,CHALLENGE_SYNTHETIC,1.0,0.0,0.0,,,,,,0.0,0.0,,,1.0,0.0,0.0,0,0,2,1,CRITICAL
challenge-0032,chal-pop3-00126,CHALLENGE_PARTIAL_CAPTURE_UNOBSERVED_CERT_POP3-0126,CHALLENGE_PARTIAL_CAPTURE_UNOBSERVED_CERT_POP3,CHALLENGE_SYNTHETIC,0.0,1.0,0.0,0.0,0.0,,,,0.0,0.0,1.0,,0.0,0.0,1.0,0,0,1,0,MEDIUM
challenge-0032,chal-imap-00127,CHALLENGE_PARTIAL_CAPTURE_STARTTLS_NEGOTIATION_TRUNCATED-0127,CHALLENGE_PARTIAL_CAPTURE_STARTTLS_NEGOTIATION_TRUNCATED,CHALLENGE_SYNTHETIC,0.0,1.0,0.0,0.0,0.0,,,,0.0,1.0,0.0,,0.0,1.0,0.0,0,1,0,1,HIGH
challenge-0033,chal-pop3-00128,CHALLENGE_RARE_POP3_STARTTLS_LEGACY_CIPHER-0128,CHALLENGE_RARE_POP3_STARTTLS_LEGACY_CIPHER,CHALLENGE_SYNTHETIC,0.0,1.0,0.0,1.0,1.0,0.0,0.0,0.0,0.0,0.0,1.0,1.0,0.0,0.0,1.0,0,1,0,0,HIGH
challenge-0033,chal-imap-00129,CHALLENGE_RARE_IMAP_DEPRECATED_TLS_WITH_PFS-0129,CHALLENGE_RARE_IMAP_DEPRECATED_TLS_WITH_PFS,CHALLENGE_SYNTHETIC,0.0,1.0,0.0,1.0,0.0,0.0,0.0,0.0,0.0,0.0,0.0,0.0,0.0,1.0,0.0,0,1,1,0,HIGH
challenge-0033,chal-pop3-00130,CHALLENGE_RARE_NOT_YET_VALID_CERT_ISOLATED-0130,CHALLENGE_RARE_NOT_YET_VALID_CERT_ISOLATED,CHALLENGE_SYNTHETIC,0.0,0.0,1.0,0.0,0.0,0.0,1.0,0.0,0.0,0.0,0.0,0.0,0.0,0.0,1.0,0,1,1,0,HIGH
challenge-0033,chal-pop3-00131,CHALLENGE_RARE_POP3_PLAINTEXT_HIGH_ACTIVITY-0131,CHALLENGE_RARE_POP3_PLAINTEXT_HIGH_ACTIVITY,CHALLENGE_SYNTHETIC,1.0,0.0,0.0,,,,,,1.0,0.0,,,0.0,0.0,1.0,2,1,1,1,CRITICAL
challenge-0034,chal-pop3-00132,CHALLENGE_ADVERSARIAL_MULTIPLE_HIGH_NO_CRIT_LABEL-0132,CHALLENGE_ADVERSARIAL_MULTIPLE_HIGH_NO_CRIT_LABEL,CHALLENGE_SYNTHETIC,0.0,1.0,0.0,1.0,0.0,0.0,0.0,0.0,0.0,0.0,0.0,0.0,0.0,0.0,1.0,0,3,2,1,HIGH
challenge-0034,chal-pop3-00133,CHALLENGE_ADVERSARIAL_CRITICAL_WITH_ZERO_FINDINGS-0133,CHALLENGE_ADVERSARIAL_CRITICAL_WITH_ZERO_FINDINGS,CHALLENGE_SYNTHETIC,1.0,0.0,0.0,,,,,,0.0,0.0,,,0.0,0.0,1.0,0,0,0,0,CRITICAL
challenge-0034,chal-pop3-00134,CHALLENGE_ADVERSARIAL_HIGH_WITH_ZERO_HIGH_COUNT-0134,CHALLENGE_ADVERSARIAL_HIGH_WITH_ZERO_HIGH_COUNT,CHALLENGE_SYNTHETIC,0.0,1.0,0.0,1.0,0.0,0.0,0.0,0.0,0.0,0.0,0.0,0.0,0.0,0.0,1.0,0,0,1,0,HIGH
challenge-0034,chal-smtp-00135,CHALLENGE_ADVERSARIAL_MED_WITH_HIGH_LOW_COUNT-0135,CHALLENGE_ADVERSARIAL_MED_WITH_HIGH_LOW_COUNT,CHALLENGE_SYNTHETIC,0.0,0.0,1.0,0.0,0.0,0.0,0.0,0.0,0.0,0.0,1.0,0.0,1.0,0.0,0.0,0,0,0,3,MEDIUM
challenge-0035,chal-smtp-00136,CHALLENGE_BOUNDARY_MED_HIGH_ISOLATED_WEAK_KEY-0136,CHALLENGE_BOUNDARY_MED_HIGH_ISOLATED_WEAK_KEY,CHALLENGE_SYNTHETIC,0.0,0.0,1.0,0.0,0.0,0.0,0.0,1.0,0.0,0.0,1.0,0.0,1.0,0.0,0.0,0,1,1,1,HIGH
challenge-0035,chal-smtp-00137,CHALLENGE_PARTIAL_CAPTURE_STARTTLS_NEGOTIATION_TRUNCATED-0137,CHALLENGE_PARTIAL_CAPTURE_STARTTLS_NEGOTIATION_TRUNCATED,CHALLENGE_SYNTHETIC,0.0,1.0,0.0,0.0,0.0,,,,0.0,1.0,0.0,,1.0,0.0,0.0,0,1,0,0,HIGH
challenge-0035,chal-smtp-00138,CHALLENGE_PARTIAL_CAPTURE_IMPLICIT_HIGH_NAN_CLEAN-0138,CHALLENGE_PARTIAL_CAPTURE_IMPLICIT_HIGH_NAN_CLEAN,CHALLENGE_SYNTHETIC,0.0,0.0,1.0,0.0,0.0,,,,0.0,0.0,0.0,,1.0,0.0,0.0,0,0,0,1,LOW
challenge-0035,chal-pop3-00139,CHALLENGE_RARE_POP3_STARTTLS_LEGACY_CIPHER-0139,CHALLENGE_RARE_POP3_STARTTLS_LEGACY_CIPHER,CHALLENGE_SYNTHETIC,0.0,1.0,0.0,1.0,1.0,0.0,0.0,0.0,0.0,0.0,1.0,1.0,0.0,0.0,1.0,0,2,1,0,HIGH
challenge-0036,chal-imap-00140,CHALLENGE_RARE_IMAP_DEPRECATED_TLS_WITH_PFS-0140,CHALLENGE_RARE_IMAP_DEPRECATED_TLS_WITH_PFS,CHALLENGE_SYNTHETIC,0.0,1.0,0.0,1.0,0.0,0.0,0.0,0.0,0.0,0.0,0.0,0.0,0.0,1.0,0.0,0,1,1,1,HIGH
challenge-0036,chal-smtp-00141,CHALLENGE_RARE_SMTP_WEAK_CIPHER_WITH_CLEAN_CERT-0141,CHALLENGE_RARE_SMTP_WEAK_CIPHER_WITH_CLEAN_CERT,CHALLENGE_SYNTHETIC,0.0,1.0,0.0,0.0,1.0,0.0,0.0,0.0,0.0,0.0,0.0,0.0,1.0,0.0,0.0,0,0,1,0,HIGH
challenge-0036,chal-pop3-00142,CHALLENGE_RARE_POP3_PLAINTEXT_HIGH_ACTIVITY-0142,CHALLENGE_RARE_POP3_PLAINTEXT_HIGH_ACTIVITY,CHALLENGE_SYNTHETIC,1.0,0.0,0.0,,,,,,1.0,0.0,,,0.0,0.0,1.0,1,2,1,1,CRITICAL
challenge-0036,chal-pop3-00143,CHALLENGE_ADVERSARIAL_MULTIPLE_HIGH_NO_CRIT_LABEL-0143,CHALLENGE_ADVERSARIAL_MULTIPLE_HIGH_NO_CRIT_LABEL,CHALLENGE_SYNTHETIC,0.0,0.0,1.0,1.0,0.0,0.0,0.0,0.0,0.0,0.0,0.0,0.0,0.0,0.0,1.0,0,2,1,1,HIGH
challenge-0037,chal-imap-00144,CHALLENGE_ADVERSARIAL_HIGH_WITH_ZERO_HIGH_COUNT-0144,CHALLENGE_ADVERSARIAL_HIGH_WITH_ZERO_HIGH_COUNT,CHALLENGE_SYNTHETIC,0.0,1.0,0.0,1.0,0.0,0.0,0.0,0.0,0.0,0.0,0.0,0.0,0.0,1.0,0.0,0,0,1,0,HIGH
challenge-0037,chal-imap-00145,CHALLENGE_ADVERSARIAL_MED_WITH_HIGH_LOW_COUNT-0145,CHALLENGE_ADVERSARIAL_MED_WITH_HIGH_LOW_COUNT,CHALLENGE_SYNTHETIC,0.0,1.0,0.0,0.0,0.0,0.0,0.0,0.0,0.0,0.0,1.0,0.0,0.0,1.0,0.0,0,0,0,3,MEDIUM
challenge-0037,chal-smtp-00146,CHALLENGE_BOUNDARY_LOW_MED_CERT_VISIBILITY-0146,CHALLENGE_BOUNDARY_LOW_MED_CERT_VISIBILITY,CHALLENGE_SYNTHETIC,0.0,1.0,0.0,0.0,0.0,,,,0.0,0.0,0.0,,1.0,0.0,0.0,0,0,0,2,MEDIUM
challenge-0037,chal-pop3-00147,CHALLENGE_BOUNDARY_LOW_MED_MIN_FINDINGS-0147,CHALLENGE_BOUNDARY_LOW_MED_MIN_FINDINGS,CHALLENGE_SYNTHETIC,0.0,1.0,0.0,0.0,0.0,0.0,0.0,0.0,0.0,0.0,0.0,1.0,0.0,0.0,1.0,0,0,1,3,MEDIUM
challenge-0038,chal-pop3-00148,CHALLENGE_RARE_POP3_STARTTLS_LEGACY_CIPHER-0148,CHALLENGE_RARE_POP3_STARTTLS_LEGACY_CIPHER,CHALLENGE_SYNTHETIC,0.0,1.0,0.0,1.0,1.0,0.0,0.0,0.0,0.0,0.0,1.0,1.0,0.0,0.0,1.0,0,2,0,0,HIGH
challenge-0038,chal-imap-00149,CHALLENGE_RARE_IMAP_DEPRECATED_TLS_WITH_PFS-0149,CHALLENGE_RARE_IMAP_DEPRECATED_TLS_WITH_PFS,CHALLENGE_SYNTHETIC,0.0,1.0,0.0,1.0,0.0,0.0,0.0,0.0,0.0,0.0,0.0,0.0,0.0,1.0,0.0,0,1,1,1,HIGH
challenge-0038,chal-smtp-00150,CHALLENGE_RARE_SMTP_WEAK_CIPHER_WITH_CLEAN_CERT-0150,CHALLENGE_RARE_SMTP_WEAK_CIPHER_WITH_CLEAN_CERT,CHALLENGE_SYNTHETIC,0.0,1.0,0.0,0.0,1.0,0.0,0.0,0.0,0.0,0.0,1.0,0.0,1.0,0.0,0.0,0,1,0,0,HIGH
challenge-0038,chal-pop3-00151,CHALLENGE_RARE_POP3_PLAINTEXT_HIGH_ACTIVITY-0151,CHALLENGE_RARE_POP3_PLAINTEXT_HIGH_ACTIVITY,CHALLENGE_SYNTHETIC,1.0,0.0,0.0,,,,,,1.0,0.0,,,0.0,0.0,1.0,1,2,1,1,CRITICAL
challenge-0039,chal-imap-00152,CHALLENGE_ADVERSARIAL_MULTIPLE_HIGH_NO_CRIT_LABEL-0152,CHALLENGE_ADVERSARIAL_MULTIPLE_HIGH_NO_CRIT_LABEL,CHALLENGE_SYNTHETIC,0.0,0.0,1.0,1.0,0.0,0.0,0.0,0.0,0.0,0.0,0.0,0.0,0.0,1.0,0.0,0,2,2,2,HIGH
challenge-0039,chal-imap-00153,CHALLENGE_ADVERSARIAL_HIGH_WITH_ZERO_HIGH_COUNT-0153,CHALLENGE_ADVERSARIAL_HIGH_WITH_ZERO_HIGH_COUNT,CHALLENGE_SYNTHETIC,0.0,1.0,0.0,1.0,0.0,0.0,0.0,0.0,0.0,0.0,0.0,0.0,0.0,1.0,0.0,0,0,2,1,HIGH
challenge-0039,chal-pop3-00154,CHALLENGE_ADVERSARIAL_MED_WITH_HIGH_LOW_COUNT-0154,CHALLENGE_ADVERSARIAL_MED_WITH_HIGH_LOW_COUNT,CHALLENGE_SYNTHETIC,0.0,0.0,1.0,0.0,0.0,0.0,0.0,0.0,0.0,0.0,1.0,0.0,0.0,0.0,1.0,0,0,0,3,MEDIUM
challenge-0039,chal-pop3-00155,CHALLENGE_BOUNDARY_MED_HIGH_ISOLATED_WEAK_KEY-0155,CHALLENGE_BOUNDARY_MED_HIGH_ISOLATED_WEAK_KEY,CHALLENGE_SYNTHETIC,0.0,0.0,1.0,0.0,0.0,0.0,0.0,1.0,0.0,0.0,0.0,0.0,0.0,0.0,1.0,0,1,0,1,HIGH
challenge-0040,chal-pop3-00156,CHALLENGE_RARE_POP3_STARTTLS_LEGACY_CIPHER-0156,CHALLENGE_RARE_POP3_STARTTLS_LEGACY_CIPHER,CHALLENGE_SYNTHETIC,0.0,1.0,0.0,1.0,1.0,0.0,0.0,0.0,0.0,0.0,1.0,1.0,0.0,0.0,1.0,0,3,1,0,HIGH
challenge-0040,chal-smtp-00157,CHALLENGE_RARE_SMTP_WEAK_CIPHER_WITH_CLEAN_CERT-0157,CHALLENGE_RARE_SMTP_WEAK_CIPHER_WITH_CLEAN_CERT,CHALLENGE_SYNTHETIC,0.0,1.0,0.0,0.0,1.0,0.0,0.0,0.0,0.0,0.0,0.0,0.0,1.0,0.0,0.0,0,1,0,0,HIGH
challenge-0040,chal-pop3-00158,CHALLENGE_RARE_POP3_PLAINTEXT_HIGH_ACTIVITY-0158,CHALLENGE_RARE_POP3_PLAINTEXT_HIGH_ACTIVITY,CHALLENGE_SYNTHETIC,1.0,0.0,0.0,,,,,,1.0,0.0,,,0.0,0.0,1.0,1,2,1,1,CRITICAL
challenge-0040,chal-pop3-00159,CHALLENGE_ADVERSARIAL_MULTIPLE_HIGH_NO_CRIT_LABEL-0159,CHALLENGE_ADVERSARIAL_MULTIPLE_HIGH_NO_CRIT_LABEL,CHALLENGE_SYNTHETIC,0.0,0.0,1.0,1.0,0.0,0.0,0.0,0.0,0.0,0.0,0.0,0.0,0.0,0.0,1.0,0,2,2,2,HIGH
challenge-0041,chal-pop3-00160,CHALLENGE_ADVERSARIAL_CRITICAL_WITH_ZERO_FINDINGS-0160,CHALLENGE_ADVERSARIAL_CRITICAL_WITH_ZERO_FINDINGS,CHALLENGE_SYNTHETIC,1.0,0.0,0.0,,,,,,0.0,0.0,,,0.0,0.0,1.0,0,0,0,0,CRITICAL
challenge-0041,chal-smtp-00161,CHALLENGE_ADVERSARIAL_HIGH_WITH_ZERO_HIGH_COUNT-0161,CHALLENGE_ADVERSARIAL_HIGH_WITH_ZERO_HIGH_COUNT,CHALLENGE_SYNTHETIC,0.0,1.0,0.0,1.0,0.0,0.0,0.0,0.0,0.0,0.0,0.0,0.0,1.0,0.0,0.0,0,0,2,0,HIGH
challenge-0041,chal-pop3-00162,CHALLENGE_ADVERSARIAL_MED_WITH_HIGH_LOW_COUNT-0162,CHALLENGE_ADVERSARIAL_MED_WITH_HIGH_LOW_COUNT,CHALLENGE_SYNTHETIC,0.0,0.0,1.0,0.0,0.0,0.0,0.0,0.0,0.0,0.0,1.0,0.0,0.0,0.0,1.0,0,0,0,4,MEDIUM
challenge-0041,chal-pop3-00163,CHALLENGE_BOUNDARY_MED_HIGH_ISOLATED_WEAK_KEY-0163,CHALLENGE_BOUNDARY_MED_HIGH_ISOLATED_WEAK_KEY,CHALLENGE_SYNTHETIC,0.0,0.0,1.0,0.0,0.0,0.0,0.0,1.0,0.0,0.0,0.0,0.0,0.0,0.0,1.0,0,0,2,1,HIGH
challenge-0042,chal-pop3-00164,CHALLENGE_PARTIAL_CAPTURE_UNOBSERVED_CERT_POP3-0164,CHALLENGE_PARTIAL_CAPTURE_UNOBSERVED_CERT_POP3,CHALLENGE_SYNTHETIC,0.0,1.0,0.0,0.0,0.0,,,,0.0,0.0,1.0,,0.0,0.0,1.0,0,0,1,1,MEDIUM
challenge-0042,chal-smtp-00165,CHALLENGE_PARTIAL_CAPTURE_IMPLICIT_HIGH_NAN_CLEAN-0165,CHALLENGE_PARTIAL_CAPTURE_IMPLICIT_HIGH_NAN_CLEAN,CHALLENGE_SYNTHETIC,0.0,0.0,1.0,0.0,0.0,,,,0.0,0.0,1.0,,1.0,0.0,0.0,0,0,1,1,MEDIUM
challenge-0042,chal-pop3-00166,CHALLENGE_RARE_POP3_STARTTLS_LEGACY_CIPHER-0166,CHALLENGE_RARE_POP3_STARTTLS_LEGACY_CIPHER,CHALLENGE_SYNTHETIC,0.0,1.0,0.0,1.0,1.0,0.0,0.0,0.0,0.0,0.0,1.0,0.0,0.0,0.0,1.0,0,1,2,0,HIGH
challenge-0042,chal-imap-00167,CHALLENGE_RARE_IMAP_DEPRECATED_TLS_WITH_PFS-0167,CHALLENGE_RARE_IMAP_DEPRECATED_TLS_WITH_PFS,CHALLENGE_SYNTHETIC,0.0,1.0,0.0,1.0,0.0,0.0,0.0,0.0,0.0,0.0,0.0,0.0,0.0,1.0,0.0,0,0,1,1,HIGH
challenge-0043,chal-smtp-00168,CHALLENGE_RARE_SMTP_WEAK_CIPHER_WITH_CLEAN_CERT-0168,CHALLENGE_RARE_SMTP_WEAK_CIPHER_WITH_CLEAN_CERT,CHALLENGE_SYNTHETIC,0.0,1.0,0.0,0.0,1.0,0.0,0.0,0.0,0.0,0.0,1.0,0.0,1.0,0.0,0.0,0,1,1,0,HIGH
challenge-0043,chal-pop3-00169,CHALLENGE_RARE_POP3_PLAINTEXT_HIGH_ACTIVITY-0169,CHALLENGE_RARE_POP3_PLAINTEXT_HIGH_ACTIVITY,CHALLENGE_SYNTHETIC,1.0,0.0,0.0,,,,,,1.0,0.0,,,0.0,0.0,1.0,1,2,1,1,CRITICAL
challenge-0043,chal-smtp-00170,CHALLENGE_ADVERSARIAL_MULTIPLE_HIGH_NO_CRIT_LABEL-0170,CHALLENGE_ADVERSARIAL_MULTIPLE_HIGH_NO_CRIT_LABEL,CHALLENGE_SYNTHETIC,0.0,0.0,1.0,1.0,0.0,0.0,0.0,0.0,0.0,0.0,0.0,0.0,1.0,0.0,0.0,0,3,1,2,HIGH
challenge-0043,chal-imap-00171,CHALLENGE_ADVERSARIAL_HIGH_WITH_ZERO_HIGH_COUNT-0171,CHALLENGE_ADVERSARIAL_HIGH_WITH_ZERO_HIGH_COUNT,CHALLENGE_SYNTHETIC,0.0,1.0,0.0,1.0,0.0,0.0,0.0,0.0,0.0,0.0,0.0,0.0,0.0,1.0,0.0,0,0,2,0,HIGH
challenge-0044,chal-smtp-00172,CHALLENGE_ADVERSARIAL_MED_WITH_HIGH_LOW_COUNT-0172,CHALLENGE_ADVERSARIAL_MED_WITH_HIGH_LOW_COUNT,CHALLENGE_SYNTHETIC,0.0,1.0,0.0,0.0,0.0,0.0,0.0,0.0,0.0,0.0,1.0,0.0,1.0,0.0,0.0,0,0,0,4,MEDIUM
challenge-0044,chal-pop3-00173,CHALLENGE_BOUNDARY_MED_HIGH_ISOLATED_WEAK_KEY-0173,CHALLENGE_BOUNDARY_MED_HIGH_ISOLATED_WEAK_KEY,CHALLENGE_SYNTHETIC,0.0,0.0,1.0,0.0,0.0,0.0,0.0,1.0,0.0,0.0,1.0,0.0,0.0,0.0,1.0,0,1,2,0,HIGH
challenge-0044,chal-pop3-00174,CHALLENGE_PARTIAL_CAPTURE_UNOBSERVED_CERT_POP3-0174,CHALLENGE_PARTIAL_CAPTURE_UNOBSERVED_CERT_POP3,CHALLENGE_SYNTHETIC,0.0,1.0,0.0,0.0,0.0,,,,0.0,0.0,1.0,,0.0,0.0,1.0,0,0,1,0,MEDIUM
challenge-0044,chal-smtp-00175,CHALLENGE_PARTIAL_CAPTURE_STARTTLS_NEGOTIATION_TRUNCATED-0175,CHALLENGE_PARTIAL_CAPTURE_STARTTLS_NEGOTIATION_TRUNCATED,CHALLENGE_SYNTHETIC,0.0,1.0,0.0,0.0,0.0,,,,0.0,1.0,0.0,,1.0,0.0,0.0,0,1,0,1,HIGH
challenge-0045,chal-pop3-00176,CHALLENGE_RARE_POP3_STARTTLS_LEGACY_CIPHER-0176,CHALLENGE_RARE_POP3_STARTTLS_LEGACY_CIPHER,CHALLENGE_SYNTHETIC,0.0,1.0,0.0,1.0,1.0,0.0,0.0,0.0,0.0,0.0,1.0,1.0,0.0,0.0,1.0,0,1,1,0,HIGH
challenge-0045,chal-imap-00177,CHALLENGE_RARE_IMAP_DEPRECATED_TLS_WITH_PFS-0177,CHALLENGE_RARE_IMAP_DEPRECATED_TLS_WITH_PFS,CHALLENGE_SYNTHETIC,0.0,0.0,1.0,1.0,0.0,0.0,0.0,0.0,0.0,0.0,0.0,0.0,0.0,1.0,0.0,0,1,1,0,HIGH
challenge-0045,chal-pop3-00178,CHALLENGE_RARE_NOT_YET_VALID_CERT_ISOLATED-0178,CHALLENGE_RARE_NOT_YET_VALID_CERT_ISOLATED,CHALLENGE_SYNTHETIC,0.0,0.0,1.0,0.0,0.0,0.0,1.0,0.0,0.0,0.0,0.0,0.0,0.0,0.0,1.0,0,1,0,0,HIGH
challenge-0045,chal-pop3-00179,CHALLENGE_RARE_POP3_PLAINTEXT_HIGH_ACTIVITY-0179,CHALLENGE_RARE_POP3_PLAINTEXT_HIGH_ACTIVITY,CHALLENGE_SYNTHETIC,1.0,0.0,0.0,,,,,,1.0,0.0,,,0.0,0.0,1.0,1,2,1,1,CRITICAL
challenge-0046,chal-imap-00180,CHALLENGE_ADVERSARIAL_MULTIPLE_HIGH_NO_CRIT_LABEL-0180,CHALLENGE_ADVERSARIAL_MULTIPLE_HIGH_NO_CRIT_LABEL,CHALLENGE_SYNTHETIC,0.0,1.0,0.0,1.0,0.0,0.0,0.0,0.0,0.0,0.0,0.0,0.0,0.0,1.0,0.0,0,2,2,2,HIGH
challenge-0046,chal-smtp-00181,CHALLENGE_ADVERSARIAL_HIGH_WITH_ZERO_HIGH_COUNT-0181,CHALLENGE_ADVERSARIAL_HIGH_WITH_ZERO_HIGH_COUNT,CHALLENGE_SYNTHETIC,0.0,1.0,0.0,1.0,0.0,0.0,0.0,0.0,0.0,0.0,0.0,0.0,1.0,0.0,0.0,0,0,2,1,HIGH
challenge-0046,chal-imap-00182,CHALLENGE_ADVERSARIAL_MED_WITH_HIGH_LOW_COUNT-0182,CHALLENGE_ADVERSARIAL_MED_WITH_HIGH_LOW_COUNT,CHALLENGE_SYNTHETIC,0.0,1.0,0.0,0.0,0.0,0.0,0.0,0.0,0.0,0.0,1.0,0.0,0.0,1.0,0.0,0,0,0,4,MEDIUM
challenge-0046,chal-pop3-00183,CHALLENGE_BOUNDARY_LOW_MED_MIN_FINDINGS-0183,CHALLENGE_BOUNDARY_LOW_MED_MIN_FINDINGS,CHALLENGE_SYNTHETIC,0.0,1.0,0.0,0.0,0.0,0.0,0.0,0.0,0.0,0.0,0.0,0.0,0.0,0.0,1.0,0,0,0,1,LOW
challenge-0047,chal-imap-00184,CHALLENGE_BOUNDARY_MED_HIGH_ISOLATED_WEAK_KEY-0184,CHALLENGE_BOUNDARY_MED_HIGH_ISOLATED_WEAK_KEY,CHALLENGE_SYNTHETIC,0.0,0.0,1.0,0.0,0.0,0.0,0.0,1.0,0.0,0.0,1.0,0.0,0.0,1.0,0.0,0,1,1,1,HIGH
challenge-0047,chal-imap-00185,CHALLENGE_BOUNDARY_HIGH_CRIT_ZERO_CRIT_PLAINTEXT-0185,CHALLENGE_BOUNDARY_HIGH_CRIT_ZERO_CRIT_PLAINTEXT,CHALLENGE_SYNTHETIC,1.0,0.0,0.0,,,,,,1.0,0.0,,,0.0,1.0,0.0,0,1,0,1,CRITICAL
challenge-0047,chal-pop3-00186,CHALLENGE_PARTIAL_CAPTURE_UNOBSERVED_CERT_POP3-0186,CHALLENGE_PARTIAL_CAPTURE_UNOBSERVED_CERT_POP3,CHALLENGE_SYNTHETIC,0.0,1.0,0.0,0.0,0.0,,,,0.0,0.0,1.0,,0.0,0.0,1.0,0,0,1,0,MEDIUM
challenge-0047,chal-pop3-00187,CHALLENGE_RARE_POP3_STARTTLS_LEGACY_CIPHER-0187,CHALLENGE_RARE_POP3_STARTTLS_LEGACY_CIPHER,CHALLENGE_SYNTHETIC,0.0,1.0,0.0,1.0,1.0,0.0,0.0,1.0,0.0,0.0,1.0,0.0,0.0,0.0,1.0,0,1,0,0,CRITICAL
challenge-0048,chal-imap-00188,CHALLENGE_RARE_IMAP_DEPRECATED_TLS_WITH_PFS-0188,CHALLENGE_RARE_IMAP_DEPRECATED_TLS_WITH_PFS,CHALLENGE_SYNTHETIC,0.0,0.0,1.0,1.0,0.0,0.0,0.0,0.0,0.0,0.0,0.0,0.0,0.0,1.0,0.0,0,2,0,0,HIGH
challenge-0048,chal-smtp-00189,CHALLENGE_RARE_SMTP_WEAK_CIPHER_WITH_CLEAN_CERT-0189,CHALLENGE_RARE_SMTP_WEAK_CIPHER_WITH_CLEAN_CERT,CHALLENGE_SYNTHETIC,0.0,1.0,0.0,0.0,1.0,0.0,0.0,0.0,0.0,0.0,1.0,0.0,1.0,0.0,0.0,0,1,0,1,HIGH
challenge-0048,chal-pop3-00190,CHALLENGE_RARE_NOT_YET_VALID_CERT_ISOLATED-0190,CHALLENGE_RARE_NOT_YET_VALID_CERT_ISOLATED,CHALLENGE_SYNTHETIC,0.0,0.0,1.0,0.0,0.0,0.0,1.0,0.0,0.0,0.0,0.0,0.0,0.0,0.0,1.0,0,1,1,0,HIGH
challenge-0048,chal-pop3-00191,CHALLENGE_RARE_POP3_PLAINTEXT_HIGH_ACTIVITY-0191,CHALLENGE_RARE_POP3_PLAINTEXT_HIGH_ACTIVITY,CHALLENGE_SYNTHETIC,1.0,0.0,0.0,,,,,,1.0,0.0,,,0.0,0.0,1.0,1,2,1,1,CRITICAL
challenge-0049,chal-pop3-00192,CHALLENGE_ADVERSARIAL_MULTIPLE_HIGH_NO_CRIT_LABEL-0192,CHALLENGE_ADVERSARIAL_MULTIPLE_HIGH_NO_CRIT_LABEL,CHALLENGE_SYNTHETIC,0.0,0.0,1.0,1.0,0.0,0.0,0.0,0.0,0.0,0.0,0.0,0.0,0.0,0.0,1.0,0,3,1,1,HIGH
challenge-0049,chal-pop3-00193,CHALLENGE_ADVERSARIAL_CRITICAL_WITH_ZERO_FINDINGS-0193,CHALLENGE_ADVERSARIAL_CRITICAL_WITH_ZERO_FINDINGS,CHALLENGE_SYNTHETIC,1.0,0.0,0.0,,,,,,0.0,0.0,,,0.0,0.0,1.0,0,0,0,0,CRITICAL
challenge-0049,chal-pop3-00194,CHALLENGE_ADVERSARIAL_HIGH_WITH_ZERO_HIGH_COUNT-0194,CHALLENGE_ADVERSARIAL_HIGH_WITH_ZERO_HIGH_COUNT,CHALLENGE_SYNTHETIC,0.0,1.0,0.0,1.0,0.0,0.0,0.0,0.0,0.0,0.0,0.0,0.0,0.0,0.0,1.0,0,0,2,0,HIGH
challenge-0049,chal-imap-00195,CHALLENGE_ADVERSARIAL_MED_WITH_HIGH_LOW_COUNT-0195,CHALLENGE_ADVERSARIAL_MED_WITH_HIGH_LOW_COUNT,CHALLENGE_SYNTHETIC,0.0,0.0,1.0,0.0,0.0,0.0,0.0,0.0,0.0,0.0,1.0,0.0,0.0,1.0,0.0,0,0,0,4,MEDIUM
challenge-0050,chal-imap-00196,CHALLENGE_BOUNDARY_LOW_MED_MIN_FINDINGS-0196,CHALLENGE_BOUNDARY_LOW_MED_MIN_FINDINGS,CHALLENGE_SYNTHETIC,0.0,1.0,0.0,0.0,0.0,0.0,0.0,0.0,0.0,0.0,0.0,1.0,0.0,1.0,0.0,0,0,1,1,MEDIUM
challenge-0050,chal-smtp-00197,CHALLENGE_BOUNDARY_HIGH_CRIT_ZERO_CRIT_PLAINTEXT-0197,CHALLENGE_BOUNDARY_HIGH_CRIT_ZERO_CRIT_PLAINTEXT,CHALLENGE_SYNTHETIC,1.0,0.0,0.0,,,,,,0.0,0.0,,,1.0,0.0,0.0,0,1,2,0,CRITICAL
challenge-0050,chal-pop3-00198,CHALLENGE_PARTIAL_CAPTURE_UNOBSERVED_CERT_POP3-0198,CHALLENGE_PARTIAL_CAPTURE_UNOBSERVED_CERT_POP3,CHALLENGE_SYNTHETIC,0.0,1.0,0.0,0.0,0.0,,,,0.0,0.0,1.0,,0.0,0.0,1.0,0,0,1,1,MEDIUM
challenge-0050,chal-smtp-00199,CHALLENGE_PARTIAL_CAPTURE_IMPLICIT_HIGH_NAN_CLEAN-0199,CHALLENGE_PARTIAL_CAPTURE_IMPLICIT_HIGH_NAN_CLEAN,CHALLENGE_SYNTHETIC,0.0,0.0,1.0,0.0,0.0,,,,0.0,0.0,1.0,,1.0,0.0,0.0,0,0,1,1,MEDIUM
challenge-0051,chal-pop3-00200,CHALLENGE_RARE_POP3_STARTTLS_LEGACY_CIPHER-0200,CHALLENGE_RARE_POP3_STARTTLS_LEGACY_CIPHER,CHALLENGE_SYNTHETIC,0.0,1.0,0.0,1.0,1.0,0.0,0.0,0.0,0.0,0.0,1.0,0.0,0.0,0.0,1.0,0,3,2,0,HIGH
challenge-0051,chal-imap-00201,CHALLENGE_RARE_IMAP_DEPRECATED_TLS_WITH_PFS-0201,CHALLENGE_RARE_IMAP_DEPRECATED_TLS_WITH_PFS,CHALLENGE_SYNTHETIC,0.0,0.0,1.0,1.0,0.0,0.0,0.0,0.0,0.0,0.0,0.0,0.0,0.0,1.0,0.0,0,1,1,0,HIGH
challenge-0051,chal-smtp-00202,CHALLENGE_RARE_SMTP_WEAK_CIPHER_WITH_CLEAN_CERT-0202,CHALLENGE_RARE_SMTP_WEAK_CIPHER_WITH_CLEAN_CERT,CHALLENGE_SYNTHETIC,0.0,1.0,0.0,0.0,1.0,0.0,0.0,0.0,0.0,0.0,1.0,0.0,1.0,0.0,0.0,0,1,0,1,HIGH
challenge-0051,chal-smtp-00203,CHALLENGE_RARE_NOT_YET_VALID_CERT_ISOLATED-0203,CHALLENGE_RARE_NOT_YET_VALID_CERT_ISOLATED,CHALLENGE_SYNTHETIC,0.0,0.0,1.0,0.0,0.0,0.0,1.0,0.0,0.0,0.0,0.0,0.0,1.0,0.0,0.0,0,0,0,0,HIGH
challenge-0052,chal-imap-00204,CHALLENGE_ADVERSARIAL_MULTIPLE_HIGH_NO_CRIT_LABEL-0204,CHALLENGE_ADVERSARIAL_MULTIPLE_HIGH_NO_CRIT_LABEL,CHALLENGE_SYNTHETIC,0.0,0.0,1.0,1.0,0.0,0.0,0.0,0.0,0.0,0.0,0.0,0.0,0.0,1.0,0.0,0,2,2,2,HIGH
challenge-0052,chal-pop3-00205,CHALLENGE_ADVERSARIAL_CRITICAL_WITH_ZERO_FINDINGS-0205,CHALLENGE_ADVERSARIAL_CRITICAL_WITH_ZERO_FINDINGS,CHALLENGE_SYNTHETIC,1.0,0.0,0.0,,,,,,0.0,0.0,,,0.0,0.0,1.0,0,0,0,0,CRITICAL
challenge-0052,chal-pop3-00206,CHALLENGE_ADVERSARIAL_HIGH_WITH_ZERO_HIGH_COUNT-0206,CHALLENGE_ADVERSARIAL_HIGH_WITH_ZERO_HIGH_COUNT,CHALLENGE_SYNTHETIC,0.0,1.0,0.0,1.0,0.0,0.0,0.0,0.0,0.0,0.0,0.0,0.0,0.0,0.0,1.0,0,0,2,0,HIGH
challenge-0052,chal-imap-00207,CHALLENGE_ADVERSARIAL_MED_WITH_HIGH_LOW_COUNT-0207,CHALLENGE_ADVERSARIAL_MED_WITH_HIGH_LOW_COUNT,CHALLENGE_SYNTHETIC,0.0,0.0,1.0,0.0,0.0,0.0,0.0,0.0,0.0,0.0,1.0,0.0,0.0,1.0,0.0,0,0,0,4,MEDIUM
challenge-0053,chal-imap-00208,CHALLENGE_BOUNDARY_MED_HIGH_COMPOUNDING_MODERATE-0208,CHALLENGE_BOUNDARY_MED_HIGH_COMPOUNDING_MODERATE,CHALLENGE_SYNTHETIC,0.0,1.0,0.0,0.0,0.0,0.0,0.0,0.0,0.0,0.0,1.0,1.0,0.0,1.0,0.0,0,0,1,1,MEDIUM
challenge-0053,chal-pop3-00209,CHALLENGE_BOUNDARY_HIGH_CRIT_ZERO_CRIT_PLAINTEXT-0209,CHALLENGE_BOUNDARY_HIGH_CRIT_ZERO_CRIT_PLAINTEXT,CHALLENGE_SYNTHETIC,1.0,0.0,0.0,,,,,,1.0,0.0,,,0.0,0.0,1.0,0,0,1,1,CRITICAL
challenge-0053,chal-pop3-00210,CHALLENGE_PARTIAL_CAPTURE_UNOBSERVED_CERT_POP3-0210,CHALLENGE_PARTIAL_CAPTURE_UNOBSERVED_CERT_POP3,CHALLENGE_SYNTHETIC,0.0,1.0,0.0,0.0,0.0,,,,0.0,0.0,1.0,,0.0,0.0,1.0,0,0,1,1,MEDIUM
challenge-0053,chal-pop3-00211,CHALLENGE_RARE_POP3_STARTTLS_LEGACY_CIPHER-0211,CHALLENGE_RARE_POP3_STARTTLS_LEGACY_CIPHER,CHALLENGE_SYNTHETIC,0.0,1.0,0.0,1.0,1.0,0.0,0.0,0.0,0.0,0.0,1.0,0.0,0.0,0.0,1.0,0,3,1,0,HIGH
challenge-0054,chal-smtp-00212,CHALLENGE_RARE_SMTP_WEAK_CIPHER_WITH_CLEAN_CERT-0212,CHALLENGE_RARE_SMTP_WEAK_CIPHER_WITH_CLEAN_CERT,CHALLENGE_SYNTHETIC,0.0,1.0,0.0,0.0,1.0,0.0,0.0,0.0,0.0,0.0,1.0,0.0,1.0,0.0,0.0,0,1,0,1,HIGH
challenge-0054,chal-pop3-00213,CHALLENGE_RARE_POP3_PLAINTEXT_HIGH_ACTIVITY-0213,CHALLENGE_RARE_POP3_PLAINTEXT_HIGH_ACTIVITY,CHALLENGE_SYNTHETIC,1.0,0.0,0.0,,,,,,1.0,0.0,,,0.0,0.0,1.0,1,2,1,1,CRITICAL
challenge-0054,chal-imap-00214,CHALLENGE_ADVERSARIAL_MULTIPLE_HIGH_NO_CRIT_LABEL-0214,CHALLENGE_ADVERSARIAL_MULTIPLE_HIGH_NO_CRIT_LABEL,CHALLENGE_SYNTHETIC,0.0,1.0,0.0,1.0,0.0,0.0,0.0,0.0,0.0,0.0,0.0,0.0,0.0,1.0,0.0,0,3,2,2,HIGH
challenge-0054,chal-pop3-00215,CHALLENGE_ADVERSARIAL_CRITICAL_WITH_ZERO_FINDINGS-0215,CHALLENGE_ADVERSARIAL_CRITICAL_WITH_ZERO_FINDINGS,CHALLENGE_SYNTHETIC,1.0,0.0,0.0,,,,,,0.0,0.0,,,0.0,0.0,1.0,0,0,0,0,CRITICAL
challenge-0055,chal-imap-00216,CHALLENGE_ADVERSARIAL_HIGH_WITH_ZERO_HIGH_COUNT-0216,CHALLENGE_ADVERSARIAL_HIGH_WITH_ZERO_HIGH_COUNT,CHALLENGE_SYNTHETIC,0.0,1.0,0.0,1.0,0.0,0.0,0.0,0.0,0.0,0.0,0.0,0.0,0.0,1.0,0.0,0,0,2,0,HIGH
challenge-0055,chal-smtp-00217,CHALLENGE_ADVERSARIAL_MED_WITH_HIGH_LOW_COUNT-0217,CHALLENGE_ADVERSARIAL_MED_WITH_HIGH_LOW_COUNT,CHALLENGE_SYNTHETIC,0.0,0.0,1.0,0.0,0.0,0.0,0.0,0.0,0.0,0.0,1.0,0.0,1.0,0.0,0.0,0,0,0,4,MEDIUM
challenge-0055,chal-pop3-00218,CHALLENGE_BOUNDARY_MED_HIGH_COMPOUNDING_MODERATE-0218,CHALLENGE_BOUNDARY_MED_HIGH_COMPOUNDING_MODERATE,CHALLENGE_SYNTHETIC,0.0,0.0,1.0,0.0,0.0,0.0,0.0,0.0,0.0,0.0,1.0,1.0,0.0,0.0,1.0,0,0,3,1,HIGH
challenge-0055,chal-pop3-00219,CHALLENGE_BOUNDARY_MED_HIGH_ISOLATED_WEAK_KEY-0219,CHALLENGE_BOUNDARY_MED_HIGH_ISOLATED_WEAK_KEY,CHALLENGE_SYNTHETIC,0.0,0.0,1.0,0.0,0.0,0.0,0.0,1.0,0.0,0.0,0.0,0.0,0.0,0.0,1.0,0,0,2,0,HIGH
challenge-0056,chal-imap-00220,CHALLENGE_PARTIAL_CAPTURE_STARTTLS_NEGOTIATION_TRUNCATED-0220,CHALLENGE_PARTIAL_CAPTURE_STARTTLS_NEGOTIATION_TRUNCATED,CHALLENGE_SYNTHETIC,0.0,1.0,0.0,0.0,0.0,,,,0.0,1.0,0.0,,0.0,1.0,0.0,0,1,0,0,HIGH
challenge-0056,chal-pop3-00221,CHALLENGE_RARE_POP3_STARTTLS_LEGACY_CIPHER-0221,CHALLENGE_RARE_POP3_STARTTLS_LEGACY_CIPHER,CHALLENGE_SYNTHETIC,0.0,1.0,0.0,1.0,1.0,0.0,0.0,1.0,0.0,0.0,1.0,0.0,0.0,0.0,1.0,0,1,0,0,CRITICAL
challenge-0056,chal-imap-00222,CHALLENGE_RARE_IMAP_DEPRECATED_TLS_WITH_PFS-0222,CHALLENGE_RARE_IMAP_DEPRECATED_TLS_WITH_PFS,CHALLENGE_SYNTHETIC,0.0,0.0,1.0,1.0,0.0,0.0,0.0,0.0,0.0,0.0,0.0,0.0,0.0,1.0,0.0,0,1,1,1,HIGH
challenge-0056,chal-smtp-00223,CHALLENGE_RARE_SMTP_WEAK_CIPHER_WITH_CLEAN_CERT-0223,CHALLENGE_RARE_SMTP_WEAK_CIPHER_WITH_CLEAN_CERT,CHALLENGE_SYNTHETIC,0.0,1.0,0.0,0.0,1.0,0.0,0.0,0.0,0.0,0.0,0.0,0.0,1.0,0.0,0.0,0,1,0,0,HIGH
challenge-0057,chal-pop3-00224,CHALLENGE_RARE_POP3_PLAINTEXT_HIGH_ACTIVITY-0224,CHALLENGE_RARE_POP3_PLAINTEXT_HIGH_ACTIVITY,CHALLENGE_SYNTHETIC,1.0,0.0,0.0,,,,,,1.0,0.0,,,0.0,0.0,1.0,2,1,1,1,CRITICAL
challenge-0057,chal-pop3-00225,CHALLENGE_ADVERSARIAL_MULTIPLE_HIGH_NO_CRIT_LABEL-0225,CHALLENGE_ADVERSARIAL_MULTIPLE_HIGH_NO_CRIT_LABEL,CHALLENGE_SYNTHETIC,0.0,0.0,1.0,1.0,0.0,0.0,0.0,0.0,0.0,0.0,0.0,0.0,0.0,0.0,1.0,0,2,1,1,HIGH
challenge-0057,chal-smtp-00226,CHALLENGE_ADVERSARIAL_HIGH_WITH_ZERO_HIGH_COUNT-0226,CHALLENGE_ADVERSARIAL_HIGH_WITH_ZERO_HIGH_COUNT,CHALLENGE_SYNTHETIC,0.0,0.0,1.0,1.0,0.0,0.0,0.0,0.0,0.0,0.0,0.0,0.0,1.0,0.0,0.0,0,0,1,0,HIGH
challenge-0057,chal-pop3-00227,CHALLENGE_ADVERSARIAL_MED_WITH_HIGH_LOW_COUNT-0227,CHALLENGE_ADVERSARIAL_MED_WITH_HIGH_LOW_COUNT,CHALLENGE_SYNTHETIC,0.0,0.0,1.0,0.0,0.0,0.0,0.0,0.0,0.0,0.0,1.0,0.0,0.0,0.0,1.0,0,0,0,3,MEDIUM
challenge-0058,chal-smtp-00228,CHALLENGE_BOUNDARY_LOW_MED_MIN_FINDINGS-0228,CHALLENGE_BOUNDARY_LOW_MED_MIN_FINDINGS,CHALLENGE_SYNTHETIC,0.0,0.0,1.0,0.0,0.0,0.0,0.0,0.0,0.0,0.0,0.0,1.0,1.0,0.0,0.0,0,0,1,3,MEDIUM
challenge-0058,chal-pop3-00229,CHALLENGE_BOUNDARY_MED_HIGH_ISOLATED_WEAK_KEY-0229,CHALLENGE_BOUNDARY_MED_HIGH_ISOLATED_WEAK_KEY,CHALLENGE_SYNTHETIC,0.0,0.0,1.0,0.0,0.0,0.0,0.0,1.0,0.0,0.0,0.0,0.0,0.0,0.0,1.0,0,1,2,1,HIGH
challenge-0058,chal-pop3-00230,CHALLENGE_PARTIAL_CAPTURE_UNOBSERVED_CERT_POP3-0230,CHALLENGE_PARTIAL_CAPTURE_UNOBSERVED_CERT_POP3,CHALLENGE_SYNTHETIC,0.0,1.0,0.0,0.0,0.0,,,,0.0,0.0,1.0,,0.0,0.0,1.0,0,0,1,0,MEDIUM
challenge-0058,chal-pop3-00231,CHALLENGE_RARE_POP3_STARTTLS_LEGACY_CIPHER-0231,CHALLENGE_RARE_POP3_STARTTLS_LEGACY_CIPHER,CHALLENGE_SYNTHETIC,0.0,1.0,0.0,1.0,1.0,0.0,0.0,0.0,0.0,0.0,1.0,1.0,0.0,0.0,1.0,0,2,1,0,HIGH
challenge-0059,chal-imap-00232,CHALLENGE_RARE_IMAP_DEPRECATED_TLS_WITH_PFS-0232,CHALLENGE_RARE_IMAP_DEPRECATED_TLS_WITH_PFS,CHALLENGE_SYNTHETIC,0.0,1.0,0.0,1.0,0.0,0.0,0.0,0.0,0.0,0.0,0.0,0.0,0.0,1.0,0.0,0,1,0,0,HIGH
challenge-0059,chal-pop3-00233,CHALLENGE_ADVERSARIAL_MULTIPLE_HIGH_NO_CRIT_LABEL-0233,CHALLENGE_ADVERSARIAL_MULTIPLE_HIGH_NO_CRIT_LABEL,CHALLENGE_SYNTHETIC,0.0,0.0,1.0,1.0,0.0,0.0,0.0,0.0,0.0,0.0,0.0,0.0,0.0,0.0,1.0,0,3,2,1,HIGH
challenge-0059,chal-imap-00234,CHALLENGE_ADVERSARIAL_HIGH_WITH_ZERO_HIGH_COUNT-0234,CHALLENGE_ADVERSARIAL_HIGH_WITH_ZERO_HIGH_COUNT,CHALLENGE_SYNTHETIC,0.0,1.0,0.0,1.0,0.0,0.0,0.0,0.0,0.0,0.0,0.0,0.0,0.0,1.0,0.0,0,0,1,0,HIGH
challenge-0059,chal-imap-00235,CHALLENGE_ADVERSARIAL_MED_WITH_HIGH_LOW_COUNT-0235,CHALLENGE_ADVERSARIAL_MED_WITH_HIGH_LOW_COUNT,CHALLENGE_SYNTHETIC,0.0,1.0,0.0,0.0,0.0,0.0,0.0,0.0,0.0,0.0,1.0,0.0,0.0,1.0,0.0,0,0,0,4,MEDIUM
challenge-0060,chal-smtp-00236,CHALLENGE_BOUNDARY_MED_HIGH_COMPOUNDING_MODERATE-0236,CHALLENGE_BOUNDARY_MED_HIGH_COMPOUNDING_MODERATE,CHALLENGE_SYNTHETIC,0.0,0.0,1.0,0.0,0.0,0.0,0.0,0.0,0.0,0.0,1.0,1.0,1.0,0.0,0.0,0,0,3,2,HIGH
challenge-0060,chal-pop3-00237,CHALLENGE_BOUNDARY_MED_HIGH_ISOLATED_WEAK_KEY-0237,CHALLENGE_BOUNDARY_MED_HIGH_ISOLATED_WEAK_KEY,CHALLENGE_SYNTHETIC,0.0,0.0,1.0,0.0,0.0,0.0,0.0,1.0,0.0,0.0,1.0,0.0,0.0,0.0,1.0,0,1,2,1,HIGH
challenge-0060,chal-pop3-00238,CHALLENGE_BOUNDARY_HIGH_CRIT_ZERO_CRIT_PLAINTEXT-0238,CHALLENGE_BOUNDARY_HIGH_CRIT_ZERO_CRIT_PLAINTEXT,CHALLENGE_SYNTHETIC,1.0,0.0,0.0,,,,,,1.0,0.0,,,0.0,0.0,1.0,0,1,2,1,CRITICAL
challenge-0060,chal-pop3-00239,CHALLENGE_RARE_POP3_STARTTLS_LEGACY_CIPHER-0239,CHALLENGE_RARE_POP3_STARTTLS_LEGACY_CIPHER,CHALLENGE_SYNTHETIC,0.0,1.0,0.0,1.0,1.0,0.0,0.0,0.0,0.0,0.0,1.0,1.0,0.0,0.0,1.0,0,1,0,0,HIGH
challenge-0061,chal-smtp-00240,CHALLENGE_RARE_SMTP_WEAK_CIPHER_WITH_CLEAN_CERT-0240,CHALLENGE_RARE_SMTP_WEAK_CIPHER_WITH_CLEAN_CERT,CHALLENGE_SYNTHETIC,0.0,1.0,0.0,0.0,1.0,0.0,0.0,0.0,0.0,0.0,1.0,0.0,1.0,0.0,0.0,0,1,0,0,HIGH
challenge-0061,chal-pop3-00241,CHALLENGE_RARE_POP3_PLAINTEXT_HIGH_ACTIVITY-0241,CHALLENGE_RARE_POP3_PLAINTEXT_HIGH_ACTIVITY,CHALLENGE_SYNTHETIC,1.0,0.0,0.0,,,,,,1.0,0.0,,,0.0,0.0,1.0,3,1,1,1,CRITICAL
challenge-0061,chal-pop3-00242,CHALLENGE_ADVERSARIAL_MULTIPLE_HIGH_NO_CRIT_LABEL-0242,CHALLENGE_ADVERSARIAL_MULTIPLE_HIGH_NO_CRIT_LABEL,CHALLENGE_SYNTHETIC,0.0,0.0,1.0,1.0,0.0,0.0,0.0,0.0,0.0,0.0,0.0,0.0,0.0,0.0,1.0,0,2,1,2,HIGH
challenge-0061,chal-pop3-00243,CHALLENGE_ADVERSARIAL_CRITICAL_WITH_ZERO_FINDINGS-0243,CHALLENGE_ADVERSARIAL_CRITICAL_WITH_ZERO_FINDINGS,CHALLENGE_SYNTHETIC,1.0,0.0,0.0,,,,,,0.0,0.0,,,0.0,0.0,1.0,0,0,0,0,CRITICAL
challenge-0062,chal-imap-00244,CHALLENGE_ADVERSARIAL_HIGH_WITH_ZERO_HIGH_COUNT-0244,CHALLENGE_ADVERSARIAL_HIGH_WITH_ZERO_HIGH_COUNT,CHALLENGE_SYNTHETIC,0.0,0.0,1.0,1.0,0.0,0.0,0.0,0.0,0.0,0.0,0.0,0.0,0.0,1.0,0.0,0,0,1,0,HIGH
challenge-0062,chal-pop3-00245,CHALLENGE_ADVERSARIAL_MED_WITH_HIGH_LOW_COUNT-0245,CHALLENGE_ADVERSARIAL_MED_WITH_HIGH_LOW_COUNT,CHALLENGE_SYNTHETIC,0.0,0.0,1.0,0.0,0.0,0.0,0.0,0.0,0.0,0.0,1.0,0.0,0.0,0.0,1.0,0,0,0,3,MEDIUM
challenge-0062,chal-imap-00246,CHALLENGE_BOUNDARY_LOW_MED_MIN_FINDINGS-0246,CHALLENGE_BOUNDARY_LOW_MED_MIN_FINDINGS,CHALLENGE_SYNTHETIC,0.0,0.0,1.0,0.0,0.0,0.0,0.0,0.0,0.0,0.0,0.0,0.0,0.0,1.0,0.0,0,0,0,2,LOW
challenge-0062,chal-pop3-00247,CHALLENGE_PARTIAL_CAPTURE_UNOBSERVED_CERT_POP3-0247,CHALLENGE_PARTIAL_CAPTURE_UNOBSERVED_CERT_POP3,CHALLENGE_SYNTHETIC,0.0,1.0,0.0,0.0,0.0,,,,0.0,0.0,1.0,,0.0,0.0,1.0,0,0,1,1,MEDIUM
challenge-0063,chal-smtp-00248,CHALLENGE_PARTIAL_CAPTURE_IMPLICIT_HIGH_NAN_CLEAN-0248,CHALLENGE_PARTIAL_CAPTURE_IMPLICIT_HIGH_NAN_CLEAN,CHALLENGE_SYNTHETIC,0.0,0.0,1.0,0.0,0.0,,,,0.0,0.0,0.0,,1.0,0.0,0.0,0,0,0,1,LOW
challenge-0063,chal-pop3-00249,CHALLENGE_RARE_POP3_STARTTLS_LEGACY_CIPHER-0249,CHALLENGE_RARE_POP3_STARTTLS_LEGACY_CIPHER,CHALLENGE_SYNTHETIC,0.0,1.0,0.0,1.0,1.0,0.0,0.0,0.0,0.0,0.0,1.0,1.0,0.0,0.0,1.0,0,2,0,0,HIGH
challenge-0063,chal-imap-00250,CHALLENGE_RARE_NOT_YET_VALID_CERT_ISOLATED-0250,CHALLENGE_RARE_NOT_YET_VALID_CERT_ISOLATED,CHALLENGE_SYNTHETIC,0.0,1.0,0.0,0.0,0.0,0.0,1.0,0.0,0.0,0.0,0.0,0.0,0.0,1.0,0.0,0,0,1,0,HIGH
challenge-0063,chal-pop3-00251,CHALLENGE_RARE_POP3_PLAINTEXT_HIGH_ACTIVITY-0251,CHALLENGE_RARE_POP3_PLAINTEXT_HIGH_ACTIVITY,CHALLENGE_SYNTHETIC,1.0,0.0,0.0,,,,,,1.0,0.0,,,0.0,0.0,1.0,3,2,1,1,CRITICAL
challenge-0064,chal-imap-00252,CHALLENGE_ADVERSARIAL_MULTIPLE_HIGH_NO_CRIT_LABEL-0252,CHALLENGE_ADVERSARIAL_MULTIPLE_HIGH_NO_CRIT_LABEL,CHALLENGE_SYNTHETIC,0.0,1.0,0.0,1.0,0.0,0.0,0.0,0.0,0.0,0.0,0.0,0.0,0.0,1.0,0.0,0,3,1,1,HIGH
challenge-0064,chal-pop3-00253,CHALLENGE_ADVERSARIAL_CRITICAL_WITH_ZERO_FINDINGS-0253,CHALLENGE_ADVERSARIAL_CRITICAL_WITH_ZERO_FINDINGS,CHALLENGE_SYNTHETIC,1.0,0.0,0.0,,,,,,0.0,0.0,,,0.0,0.0,1.0,0,0,0,0,CRITICAL
challenge-0064,chal-smtp-00254,CHALLENGE_ADVERSARIAL_HIGH_WITH_ZERO_HIGH_COUNT-0254,CHALLENGE_ADVERSARIAL_HIGH_WITH_ZERO_HIGH_COUNT,CHALLENGE_SYNTHETIC,0.0,1.0,0.0,1.0,0.0,0.0,0.0,0.0,0.0,0.0,0.0,0.0,1.0,0.0,0.0,0,0,1,1,HIGH
challenge-0064,chal-smtp-00255,CHALLENGE_ADVERSARIAL_MED_WITH_HIGH_LOW_COUNT-0255,CHALLENGE_ADVERSARIAL_MED_WITH_HIGH_LOW_COUNT,CHALLENGE_SYNTHETIC,0.0,0.0,1.0,0.0,0.0,0.0,0.0,0.0,0.0,0.0,1.0,0.0,1.0,0.0,0.0,0,0,0,4,MEDIUM
challenge-0065,chal-imap-00256,CHALLENGE_BOUNDARY_LOW_MED_MIN_FINDINGS-0256,CHALLENGE_BOUNDARY_LOW_MED_MIN_FINDINGS,CHALLENGE_SYNTHETIC,0.0,1.0,0.0,0.0,0.0,0.0,0.0,0.0,0.0,0.0,0.0,1.0,0.0,1.0,0.0,0,0,1,1,MEDIUM
challenge-0065,chal-pop3-00257,CHALLENGE_BOUNDARY_MED_HIGH_COMPOUNDING_MODERATE-0257,CHALLENGE_BOUNDARY_MED_HIGH_COMPOUNDING_MODERATE,CHALLENGE_SYNTHETIC,0.0,1.0,0.0,0.0,0.0,0.0,0.0,0.0,0.0,0.0,1.0,1.0,0.0,0.0,1.0,0,0,1,1,MEDIUM
challenge-0065,chal-smtp-00258,CHALLENGE_BOUNDARY_MED_HIGH_ISOLATED_WEAK_KEY-0258,CHALLENGE_BOUNDARY_MED_HIGH_ISOLATED_WEAK_KEY,CHALLENGE_SYNTHETIC,0.0,1.0,0.0,0.0,0.0,0.0,0.0,1.0,0.0,0.0,0.0,0.0,1.0,0.0,0.0,0,1,1,0,HIGH
challenge-0065,chal-smtp-00259,CHALLENGE_PARTIAL_CAPTURE_STARTTLS_NEGOTIATION_TRUNCATED-0259,CHALLENGE_PARTIAL_CAPTURE_STARTTLS_NEGOTIATION_TRUNCATED,CHALLENGE_SYNTHETIC,0.0,1.0,0.0,0.0,0.0,,,,0.0,1.0,0.0,,1.0,0.0,0.0,0,1,0,0,HIGH
challenge-0066,chal-pop3-00260,CHALLENGE_RARE_POP3_STARTTLS_LEGACY_CIPHER-0260,CHALLENGE_RARE_POP3_STARTTLS_LEGACY_CIPHER,CHALLENGE_SYNTHETIC,0.0,1.0,0.0,1.0,1.0,0.0,0.0,1.0,0.0,0.0,1.0,0.0,0.0,0.0,1.0,0,1,0,0,CRITICAL
challenge-0066,chal-imap-00261,CHALLENGE_RARE_IMAP_DEPRECATED_TLS_WITH_PFS-0261,CHALLENGE_RARE_IMAP_DEPRECATED_TLS_WITH_PFS,CHALLENGE_SYNTHETIC,0.0,0.0,1.0,1.0,0.0,0.0,0.0,0.0,0.0,0.0,0.0,0.0,0.0,1.0,0.0,0,0,1,1,HIGH
challenge-0066,chal-smtp-00262,CHALLENGE_RARE_SMTP_WEAK_CIPHER_WITH_CLEAN_CERT-0262,CHALLENGE_RARE_SMTP_WEAK_CIPHER_WITH_CLEAN_CERT,CHALLENGE_SYNTHETIC,0.0,1.0,0.0,0.0,1.0,0.0,0.0,0.0,0.0,0.0,1.0,0.0,1.0,0.0,0.0,0,1,0,0,HIGH
challenge-0066,chal-pop3-00263,CHALLENGE_ADVERSARIAL_MULTIPLE_HIGH_NO_CRIT_LABEL-0263,CHALLENGE_ADVERSARIAL_MULTIPLE_HIGH_NO_CRIT_LABEL,CHALLENGE_SYNTHETIC,0.0,1.0,0.0,1.0,0.0,0.0,0.0,0.0,0.0,0.0,0.0,0.0,0.0,0.0,1.0,0,2,2,1,HIGH
challenge-0067,chal-pop3-00264,CHALLENGE_ADVERSARIAL_CRITICAL_WITH_ZERO_FINDINGS-0264,CHALLENGE_ADVERSARIAL_CRITICAL_WITH_ZERO_FINDINGS,CHALLENGE_SYNTHETIC,1.0,0.0,0.0,,,,,,0.0,0.0,,,0.0,0.0,1.0,0,0,0,0,CRITICAL
challenge-0067,chal-imap-00265,CHALLENGE_ADVERSARIAL_HIGH_WITH_ZERO_HIGH_COUNT-0265,CHALLENGE_ADVERSARIAL_HIGH_WITH_ZERO_HIGH_COUNT,CHALLENGE_SYNTHETIC,0.0,0.0,1.0,1.0,0.0,0.0,0.0,0.0,0.0,0.0,0.0,0.0,0.0,1.0,0.0,0,0,1,0,HIGH
challenge-0067,chal-pop3-00266,CHALLENGE_ADVERSARIAL_MED_WITH_HIGH_LOW_COUNT-0266,CHALLENGE_ADVERSARIAL_MED_WITH_HIGH_LOW_COUNT,CHALLENGE_SYNTHETIC,0.0,0.0,1.0,0.0,0.0,0.0,0.0,0.0,0.0,0.0,1.0,0.0,0.0,0.0,1.0,0,0,0,3,MEDIUM
challenge-0067,chal-pop3-00267,CHALLENGE_BOUNDARY_LOW_MED_MIN_FINDINGS-0267,CHALLENGE_BOUNDARY_LOW_MED_MIN_FINDINGS,CHALLENGE_SYNTHETIC,0.0,0.0,1.0,0.0,0.0,0.0,0.0,0.0,0.0,0.0,0.0,1.0,0.0,0.0,1.0,0,0,1,3,MEDIUM
challenge-0068,chal-smtp-00268,CHALLENGE_BOUNDARY_MED_HIGH_COMPOUNDING_MODERATE-0268,CHALLENGE_BOUNDARY_MED_HIGH_COMPOUNDING_MODERATE,CHALLENGE_SYNTHETIC,0.0,0.0,1.0,0.0,0.0,0.0,0.0,0.0,0.0,0.0,1.0,1.0,1.0,0.0,0.0,0,0,3,2,HIGH
challenge-0068,chal-smtp-00269,CHALLENGE_BOUNDARY_HIGH_CRIT_ZERO_CRIT_PLAINTEXT-0269,CHALLENGE_BOUNDARY_HIGH_CRIT_ZERO_CRIT_PLAINTEXT,CHALLENGE_SYNTHETIC,1.0,0.0,0.0,,,,,,0.0,0.0,,,1.0,0.0,0.0,0,1,0,0,CRITICAL
challenge-0068,chal-imap-00270,CHALLENGE_PARTIAL_CAPTURE_STARTTLS_NEGOTIATION_TRUNCATED-0270,CHALLENGE_PARTIAL_CAPTURE_STARTTLS_NEGOTIATION_TRUNCATED,CHALLENGE_SYNTHETIC,0.0,1.0,0.0,0.0,0.0,,,,0.0,1.0,0.0,,0.0,1.0,0.0,0,1,0,1,HIGH
challenge-0068,chal-smtp-00271,CHALLENGE_PARTIAL_CAPTURE_IMPLICIT_HIGH_NAN_CLEAN-0271,CHALLENGE_PARTIAL_CAPTURE_IMPLICIT_HIGH_NAN_CLEAN,CHALLENGE_SYNTHETIC,0.0,0.0,1.0,0.0,0.0,,,,0.0,0.0,1.0,,1.0,0.0,0.0,0,0,1,1,MEDIUM
challenge-0069,chal-pop3-00272,CHALLENGE_RARE_POP3_STARTTLS_LEGACY_CIPHER-0272,CHALLENGE_RARE_POP3_STARTTLS_LEGACY_CIPHER,CHALLENGE_SYNTHETIC,0.0,1.0,0.0,1.0,1.0,0.0,0.0,1.0,0.0,0.0,1.0,0.0,0.0,0.0,1.0,0,2,0,0,CRITICAL
challenge-0069,chal-imap-00273,CHALLENGE_RARE_IMAP_DEPRECATED_TLS_WITH_PFS-0273,CHALLENGE_RARE_IMAP_DEPRECATED_TLS_WITH_PFS,CHALLENGE_SYNTHETIC,0.0,0.0,1.0,1.0,0.0,0.0,0.0,0.0,0.0,0.0,0.0,0.0,0.0,1.0,0.0,0,1,1,0,HIGH
challenge-0069,chal-smtp-00274,CHALLENGE_RARE_SMTP_WEAK_CIPHER_WITH_CLEAN_CERT-0274,CHALLENGE_RARE_SMTP_WEAK_CIPHER_WITH_CLEAN_CERT,CHALLENGE_SYNTHETIC,0.0,1.0,0.0,0.0,1.0,0.0,0.0,0.0,0.0,0.0,1.0,0.0,1.0,0.0,0.0,0,1,0,0,HIGH
challenge-0069,chal-pop3-00275,CHALLENGE_RARE_NOT_YET_VALID_CERT_ISOLATED-0275,CHALLENGE_RARE_NOT_YET_VALID_CERT_ISOLATED,CHALLENGE_SYNTHETIC,0.0,1.0,0.0,0.0,0.0,0.0,1.0,0.0,0.0,0.0,0.0,0.0,0.0,0.0,1.0,0,0,1,0,HIGH
challenge-0070,chal-pop3-00276,CHALLENGE_RARE_POP3_PLAINTEXT_HIGH_ACTIVITY-0276,CHALLENGE_RARE_POP3_PLAINTEXT_HIGH_ACTIVITY,CHALLENGE_SYNTHETIC,1.0,0.0,0.0,,,,,,1.0,0.0,,,0.0,0.0,1.0,1,2,1,1,CRITICAL
challenge-0070,chal-imap-00277,CHALLENGE_ADVERSARIAL_MULTIPLE_HIGH_NO_CRIT_LABEL-0277,CHALLENGE_ADVERSARIAL_MULTIPLE_HIGH_NO_CRIT_LABEL,CHALLENGE_SYNTHETIC,0.0,0.0,1.0,1.0,0.0,0.0,0.0,0.0,0.0,0.0,0.0,0.0,0.0,1.0,0.0,0,3,1,1,HIGH
challenge-0070,chal-pop3-00278,CHALLENGE_ADVERSARIAL_HIGH_WITH_ZERO_HIGH_COUNT-0278,CHALLENGE_ADVERSARIAL_HIGH_WITH_ZERO_HIGH_COUNT,CHALLENGE_SYNTHETIC,0.0,1.0,0.0,1.0,0.0,0.0,0.0,0.0,0.0,0.0,0.0,0.0,0.0,0.0,1.0,0,0,1,0,HIGH
challenge-0070,chal-imap-00279,CHALLENGE_ADVERSARIAL_MED_WITH_HIGH_LOW_COUNT-0279,CHALLENGE_ADVERSARIAL_MED_WITH_HIGH_LOW_COUNT,CHALLENGE_SYNTHETIC,0.0,0.0,1.0,0.0,0.0,0.0,0.0,0.0,0.0,0.0,1.0,0.0,0.0,1.0,0.0,0,0,0,3,MEDIUM
challenge-0071,chal-pop3-00280,CHALLENGE_BOUNDARY_MED_HIGH_ISOLATED_WEAK_KEY-0280,CHALLENGE_BOUNDARY_MED_HIGH_ISOLATED_WEAK_KEY,CHALLENGE_SYNTHETIC,0.0,0.0,1.0,0.0,0.0,0.0,0.0,1.0,0.0,0.0,1.0,0.0,0.0,0.0,1.0,0,0,2,1,HIGH
challenge-0071,chal-imap-00281,CHALLENGE_BOUNDARY_HIGH_CRIT_ZERO_CRIT_PLAINTEXT-0281,CHALLENGE_BOUNDARY_HIGH_CRIT_ZERO_CRIT_PLAINTEXT,CHALLENGE_SYNTHETIC,1.0,0.0,0.0,,,,,,0.0,0.0,,,0.0,1.0,0.0,0,1,1,0,CRITICAL
challenge-0071,chal-pop3-00282,CHALLENGE_PARTIAL_CAPTURE_UNOBSERVED_CERT_POP3-0282,CHALLENGE_PARTIAL_CAPTURE_UNOBSERVED_CERT_POP3,CHALLENGE_SYNTHETIC,0.0,1.0,0.0,0.0,0.0,,,,0.0,0.0,1.0,,0.0,0.0,1.0,0,0,1,0,MEDIUM
challenge-0071,chal-imap-00283,CHALLENGE_PARTIAL_CAPTURE_STARTTLS_NEGOTIATION_TRUNCATED-0283,CHALLENGE_PARTIAL_CAPTURE_STARTTLS_NEGOTIATION_TRUNCATED,CHALLENGE_SYNTHETIC,0.0,1.0,0.0,0.0,0.0,,,,0.0,1.0,0.0,,0.0,1.0,0.0,0,1,0,0,HIGH
challenge-0072,chal-pop3-00284,CHALLENGE_RARE_POP3_STARTTLS_LEGACY_CIPHER-0284,CHALLENGE_RARE_POP3_STARTTLS_LEGACY_CIPHER,CHALLENGE_SYNTHETIC,0.0,1.0,0.0,1.0,1.0,0.0,0.0,0.0,0.0,0.0,1.0,1.0,0.0,0.0,1.0,0,1,2,0,HIGH
challenge-0072,chal-imap-00285,CHALLENGE_RARE_IMAP_DEPRECATED_TLS_WITH_PFS-0285,CHALLENGE_RARE_IMAP_DEPRECATED_TLS_WITH_PFS,CHALLENGE_SYNTHETIC,0.0,0.0,1.0,1.0,0.0,0.0,0.0,0.0,0.0,0.0,0.0,0.0,0.0,1.0,0.0,0,0,0,1,HIGH
challenge-0072,chal-smtp-00286,CHALLENGE_RARE_SMTP_WEAK_CIPHER_WITH_CLEAN_CERT-0286,CHALLENGE_RARE_SMTP_WEAK_CIPHER_WITH_CLEAN_CERT,CHALLENGE_SYNTHETIC,0.0,1.0,0.0,0.0,1.0,0.0,0.0,0.0,0.0,0.0,1.0,0.0,1.0,0.0,0.0,0,1,0,1,HIGH
challenge-0072,chal-pop3-00287,CHALLENGE_RARE_POP3_PLAINTEXT_HIGH_ACTIVITY-0287,CHALLENGE_RARE_POP3_PLAINTEXT_HIGH_ACTIVITY,CHALLENGE_SYNTHETIC,1.0,0.0,0.0,,,,,,1.0,0.0,,,0.0,0.0,1.0,2,1,1,1,CRITICAL
challenge-0073,chal-imap-00288,CHALLENGE_ADVERSARIAL_MULTIPLE_HIGH_NO_CRIT_LABEL-0288,CHALLENGE_ADVERSARIAL_MULTIPLE_HIGH_NO_CRIT_LABEL,CHALLENGE_SYNTHETIC,0.0,0.0,1.0,1.0,0.0,0.0,0.0,0.0,0.0,0.0,0.0,0.0,0.0,1.0,0.0,0,2,2,2,HIGH
challenge-0073,chal-smtp-00289,CHALLENGE_ADVERSARIAL_CRITICAL_WITH_ZERO_FINDINGS-0289,CHALLENGE_ADVERSARIAL_CRITICAL_WITH_ZERO_FINDINGS,CHALLENGE_SYNTHETIC,1.0,0.0,0.0,,,,,,0.0,0.0,,,1.0,0.0,0.0,0,0,0,0,CRITICAL
challenge-0073,chal-smtp-00290,CHALLENGE_ADVERSARIAL_HIGH_WITH_ZERO_HIGH_COUNT-0290,CHALLENGE_ADVERSARIAL_HIGH_WITH_ZERO_HIGH_COUNT,CHALLENGE_SYNTHETIC,0.0,0.0,1.0,1.0,0.0,0.0,0.0,0.0,0.0,0.0,0.0,0.0,1.0,0.0,0.0,0,0,2,1,HIGH
challenge-0073,chal-pop3-00291,CHALLENGE_ADVERSARIAL_MED_WITH_HIGH_LOW_COUNT-0291,CHALLENGE_ADVERSARIAL_MED_WITH_HIGH_LOW_COUNT,CHALLENGE_SYNTHETIC,0.0,1.0,0.0,0.0,0.0,0.0,0.0,0.0,0.0,0.0,1.0,0.0,0.0,0.0,1.0,0,0,0,3,MEDIUM
challenge-0074,chal-pop3-00292,CHALLENGE_BOUNDARY_LOW_MED_MIN_FINDINGS-0292,CHALLENGE_BOUNDARY_LOW_MED_MIN_FINDINGS,CHALLENGE_SYNTHETIC,0.0,1.0,0.0,0.0,0.0,0.0,0.0,0.0,0.0,0.0,0.0,0.0,0.0,0.0,1.0,0,0,0,2,LOW
challenge-0074,chal-imap-00293,CHALLENGE_BOUNDARY_HIGH_CRIT_ZERO_CRIT_PLAINTEXT-0293,CHALLENGE_BOUNDARY_HIGH_CRIT_ZERO_CRIT_PLAINTEXT,CHALLENGE_SYNTHETIC,1.0,0.0,0.0,,,,,,1.0,0.0,,,0.0,1.0,0.0,0,0,2,1,CRITICAL
challenge-0074,chal-pop3-00294,CHALLENGE_PARTIAL_CAPTURE_UNOBSERVED_CERT_POP3-0294,CHALLENGE_PARTIAL_CAPTURE_UNOBSERVED_CERT_POP3,CHALLENGE_SYNTHETIC,0.0,1.0,0.0,0.0,0.0,,,,0.0,0.0,1.0,,0.0,0.0,1.0,0,0,1,1,MEDIUM
challenge-0074,chal-pop3-00295,CHALLENGE_PARTIAL_CAPTURE_STARTTLS_NEGOTIATION_TRUNCATED-0295,CHALLENGE_PARTIAL_CAPTURE_STARTTLS_NEGOTIATION_TRUNCATED,CHALLENGE_SYNTHETIC,0.0,1.0,0.0,0.0,0.0,,,,0.0,1.0,0.0,,0.0,0.0,1.0,0,1,0,0,HIGH
challenge-0075,chal-pop3-00296,CHALLENGE_RARE_POP3_STARTTLS_LEGACY_CIPHER-0296,CHALLENGE_RARE_POP3_STARTTLS_LEGACY_CIPHER,CHALLENGE_SYNTHETIC,0.0,1.0,0.0,1.0,1.0,0.0,0.0,1.0,0.0,0.0,1.0,1.0,0.0,0.0,1.0,0,1,0,0,CRITICAL
challenge-0075,chal-imap-00297,CHALLENGE_RARE_IMAP_DEPRECATED_TLS_WITH_PFS-0297,CHALLENGE_RARE_IMAP_DEPRECATED_TLS_WITH_PFS,CHALLENGE_SYNTHETIC,0.0,1.0,0.0,1.0,0.0,0.0,0.0,0.0,0.0,0.0,0.0,0.0,0.0,1.0,0.0,0,1,0,0,HIGH
challenge-0075,chal-imap-00298,CHALLENGE_ADVERSARIAL_MULTIPLE_HIGH_NO_CRIT_LABEL-0298,CHALLENGE_ADVERSARIAL_MULTIPLE_HIGH_NO_CRIT_LABEL,CHALLENGE_SYNTHETIC,0.0,1.0,0.0,1.0,0.0,0.0,0.0,0.0,0.0,0.0,0.0,0.0,0.0,1.0,0.0,0,2,2,1,HIGH
challenge-0075,chal-pop3-00299,CHALLENGE_ADVERSARIAL_CRITICAL_WITH_ZERO_FINDINGS-0299,CHALLENGE_ADVERSARIAL_CRITICAL_WITH_ZERO_FINDINGS,CHALLENGE_SYNTHETIC,1.0,0.0,0.0,,,,,,0.0,0.0,,,0.0,0.0,1.0,0,0,0,0,CRITICAL
challenge-0076,chal-smtp-00300,CHALLENGE_ADVERSARIAL_HIGH_WITH_ZERO_HIGH_COUNT-0300,CHALLENGE_ADVERSARIAL_HIGH_WITH_ZERO_HIGH_COUNT,CHALLENGE_SYNTHETIC,0.0,1.0,0.0,1.0,0.0,0.0,0.0,0.0,0.0,0.0,0.0,0.0,1.0,0.0,0.0,0,0,2,1,HIGH
challenge-0076,chal-pop3-00301,CHALLENGE_ADVERSARIAL_MED_WITH_HIGH_LOW_COUNT-0301,CHALLENGE_ADVERSARIAL_MED_WITH_HIGH_LOW_COUNT,CHALLENGE_SYNTHETIC,0.0,0.0,1.0,0.0,0.0,0.0,0.0,0.0,0.0,0.0,1.0,0.0,0.0,0.0,1.0,0,0,0,3,MEDIUM
challenge-0076,chal-smtp-00302,CHALLENGE_BOUNDARY_LOW_MED_CERT_VISIBILITY-0302,CHALLENGE_BOUNDARY_LOW_MED_CERT_VISIBILITY,CHALLENGE_SYNTHETIC,0.0,0.0,1.0,0.0,0.0,,,,0.0,0.0,0.0,,1.0,0.0,0.0,0,0,0,1,LOW
challenge-0076,chal-pop3-00303,CHALLENGE_RARE_POP3_STARTTLS_LEGACY_CIPHER-0303,CHALLENGE_RARE_POP3_STARTTLS_LEGACY_CIPHER,CHALLENGE_SYNTHETIC,0.0,1.0,0.0,1.0,1.0,0.0,0.0,1.0,0.0,0.0,1.0,1.0,0.0,0.0,1.0,0,1,2,0,CRITICAL
challenge-0077,chal-imap-00304,CHALLENGE_RARE_IMAP_DEPRECATED_TLS_WITH_PFS-0304,CHALLENGE_RARE_IMAP_DEPRECATED_TLS_WITH_PFS,CHALLENGE_SYNTHETIC,0.0,0.0,1.0,1.0,0.0,0.0,0.0,0.0,0.0,0.0,0.0,0.0,0.0,1.0,0.0,0,1,0,0,HIGH
challenge-0077,chal-smtp-00305,CHALLENGE_RARE_SMTP_WEAK_CIPHER_WITH_CLEAN_CERT-0305,CHALLENGE_RARE_SMTP_WEAK_CIPHER_WITH_CLEAN_CERT,CHALLENGE_SYNTHETIC,0.0,1.0,0.0,0.0,1.0,0.0,0.0,0.0,0.0,0.0,0.0,0.0,1.0,0.0,0.0,0,1,0,0,HIGH
challenge-0077,chal-pop3-00306,CHALLENGE_RARE_POP3_PLAINTEXT_HIGH_ACTIVITY-0306,CHALLENGE_RARE_POP3_PLAINTEXT_HIGH_ACTIVITY,CHALLENGE_SYNTHETIC,1.0,0.0,0.0,,,,,,1.0,0.0,,,0.0,0.0,1.0,3,1,1,1,CRITICAL
challenge-0077,chal-pop3-00307,CHALLENGE_ADVERSARIAL_MULTIPLE_HIGH_NO_CRIT_LABEL-0307,CHALLENGE_ADVERSARIAL_MULTIPLE_HIGH_NO_CRIT_LABEL,CHALLENGE_SYNTHETIC,0.0,0.0,1.0,1.0,0.0,0.0,0.0,0.0,0.0,0.0,0.0,0.0,0.0,0.0,1.0,0,3,2,2,HIGH
challenge-0078,chal-smtp-00308,CHALLENGE_ADVERSARIAL_CRITICAL_WITH_ZERO_FINDINGS-0308,CHALLENGE_ADVERSARIAL_CRITICAL_WITH_ZERO_FINDINGS,CHALLENGE_SYNTHETIC,1.0,0.0,0.0,,,,,,0.0,0.0,,,1.0,0.0,0.0,0,0,0,0,CRITICAL
challenge-0078,chal-pop3-00309,CHALLENGE_ADVERSARIAL_HIGH_WITH_ZERO_HIGH_COUNT-0309,CHALLENGE_ADVERSARIAL_HIGH_WITH_ZERO_HIGH_COUNT,CHALLENGE_SYNTHETIC,0.0,1.0,0.0,1.0,0.0,0.0,0.0,0.0,0.0,0.0,0.0,0.0,0.0,0.0,1.0,0,0,1,1,HIGH
challenge-0078,chal-imap-00310,CHALLENGE_ADVERSARIAL_MED_WITH_HIGH_LOW_COUNT-0310,CHALLENGE_ADVERSARIAL_MED_WITH_HIGH_LOW_COUNT,CHALLENGE_SYNTHETIC,0.0,1.0,0.0,0.0,0.0,0.0,0.0,0.0,0.0,0.0,1.0,0.0,0.0,1.0,0.0,0,0,0,3,MEDIUM
challenge-0078,chal-smtp-00311,CHALLENGE_BOUNDARY_MED_HIGH_COMPOUNDING_MODERATE-0311,CHALLENGE_BOUNDARY_MED_HIGH_COMPOUNDING_MODERATE,CHALLENGE_SYNTHETIC,0.0,1.0,0.0,0.0,0.0,0.0,0.0,0.0,0.0,0.0,1.0,1.0,1.0,0.0,0.0,0,0,1,2,MEDIUM
challenge-0079,chal-pop3-00312,CHALLENGE_BOUNDARY_MED_HIGH_ISOLATED_WEAK_KEY-0312,CHALLENGE_BOUNDARY_MED_HIGH_ISOLATED_WEAK_KEY,CHALLENGE_SYNTHETIC,0.0,0.0,1.0,0.0,0.0,0.0,0.0,1.0,0.0,0.0,0.0,0.0,0.0,0.0,1.0,0,1,2,0,HIGH
challenge-0079,chal-pop3-00313,CHALLENGE_PARTIAL_CAPTURE_UNOBSERVED_CERT_POP3-0313,CHALLENGE_PARTIAL_CAPTURE_UNOBSERVED_CERT_POP3,CHALLENGE_SYNTHETIC,0.0,1.0,0.0,0.0,0.0,,,,0.0,0.0,1.0,,0.0,0.0,1.0,0,0,1,0,MEDIUM
challenge-0079,chal-smtp-00314,CHALLENGE_PARTIAL_CAPTURE_IMPLICIT_HIGH_NAN_CLEAN-0314,CHALLENGE_PARTIAL_CAPTURE_IMPLICIT_HIGH_NAN_CLEAN,CHALLENGE_SYNTHETIC,0.0,0.0,1.0,0.0,0.0,,,,0.0,0.0,1.0,,1.0,0.0,0.0,0,0,1,1,MEDIUM
challenge-0079,chal-pop3-00315,CHALLENGE_RARE_POP3_STARTTLS_LEGACY_CIPHER-0315,CHALLENGE_RARE_POP3_STARTTLS_LEGACY_CIPHER,CHALLENGE_SYNTHETIC,0.0,1.0,0.0,1.0,1.0,0.0,0.0,0.0,0.0,0.0,1.0,1.0,0.0,0.0,1.0,0,1,0,0,HIGH
challenge-0080,chal-imap-00316,CHALLENGE_RARE_IMAP_DEPRECATED_TLS_WITH_PFS-0316,CHALLENGE_RARE_IMAP_DEPRECATED_TLS_WITH_PFS,CHALLENGE_SYNTHETIC,0.0,1.0,0.0,1.0,0.0,0.0,0.0,0.0,0.0,0.0,0.0,0.0,0.0,1.0,0.0,0,1,1,0,HIGH
challenge-0080,chal-smtp-00317,CHALLENGE_RARE_SMTP_WEAK_CIPHER_WITH_CLEAN_CERT-0317,CHALLENGE_RARE_SMTP_WEAK_CIPHER_WITH_CLEAN_CERT,CHALLENGE_SYNTHETIC,0.0,1.0,0.0,0.0,1.0,0.0,0.0,0.0,0.0,0.0,1.0,0.0,1.0,0.0,0.0,0,1,1,0,HIGH
challenge-0080,chal-imap-00318,CHALLENGE_RARE_NOT_YET_VALID_CERT_ISOLATED-0318,CHALLENGE_RARE_NOT_YET_VALID_CERT_ISOLATED,CHALLENGE_SYNTHETIC,0.0,1.0,0.0,0.0,0.0,0.0,1.0,0.0,0.0,0.0,0.0,0.0,0.0,1.0,0.0,0,0,1,0,HIGH
challenge-0080,chal-pop3-00319,CHALLENGE_RARE_POP3_PLAINTEXT_HIGH_ACTIVITY-0319,CHALLENGE_RARE_POP3_PLAINTEXT_HIGH_ACTIVITY,CHALLENGE_SYNTHETIC,1.0,0.0,0.0,,,,,,1.0,0.0,,,0.0,0.0,1.0,1,2,1,1,CRITICAL
challenge-0081,chal-pop3-00320,CHALLENGE_ADVERSARIAL_MULTIPLE_HIGH_NO_CRIT_LABEL-0320,CHALLENGE_ADVERSARIAL_MULTIPLE_HIGH_NO_CRIT_LABEL,CHALLENGE_SYNTHETIC,0.0,1.0,0.0,1.0,0.0,0.0,0.0,0.0,0.0,0.0,0.0,0.0,0.0,0.0,1.0,0,3,2,2,HIGH
challenge-0081,chal-pop3-00321,CHALLENGE_ADVERSARIAL_CRITICAL_WITH_ZERO_FINDINGS-0321,CHALLENGE_ADVERSARIAL_CRITICAL_WITH_ZERO_FINDINGS,CHALLENGE_SYNTHETIC,1.0,0.0,0.0,,,,,,0.0,0.0,,,0.0,0.0,1.0,0,0,0,0,CRITICAL
challenge-0081,chal-pop3-00322,CHALLENGE_ADVERSARIAL_HIGH_WITH_ZERO_HIGH_COUNT-0322,CHALLENGE_ADVERSARIAL_HIGH_WITH_ZERO_HIGH_COUNT,CHALLENGE_SYNTHETIC,0.0,1.0,0.0,1.0,0.0,0.0,0.0,0.0,0.0,0.0,0.0,0.0,0.0,0.0,1.0,0,0,1,0,HIGH
challenge-0081,chal-pop3-00323,CHALLENGE_ADVERSARIAL_MED_WITH_HIGH_LOW_COUNT-0323,CHALLENGE_ADVERSARIAL_MED_WITH_HIGH_LOW_COUNT,CHALLENGE_SYNTHETIC,0.0,1.0,0.0,0.0,0.0,0.0,0.0,0.0,0.0,0.0,1.0,0.0,0.0,0.0,1.0,0,0,0,3,MEDIUM
challenge-0082,chal-smtp-00324,CHALLENGE_BOUNDARY_MED_HIGH_ISOLATED_WEAK_KEY-0324,CHALLENGE_BOUNDARY_MED_HIGH_ISOLATED_WEAK_KEY,CHALLENGE_SYNTHETIC,0.0,0.0,1.0,0.0,0.0,0.0,0.0,1.0,0.0,0.0,1.0,1.0,1.0,0.0,0.0,0,1,0,1,HIGH
challenge-0082,chal-imap-00325,CHALLENGE_BOUNDARY_HIGH_CRIT_ZERO_CRIT_PLAINTEXT-0325,CHALLENGE_BOUNDARY_HIGH_CRIT_ZERO_CRIT_PLAINTEXT,CHALLENGE_SYNTHETIC,1.0,0.0,0.0,,,,,,1.0,0.0,,,0.0,1.0,0.0,0,1,0,0,CRITICAL
challenge-0082,chal-pop3-00326,CHALLENGE_RARE_POP3_STARTTLS_LEGACY_CIPHER-0326,CHALLENGE_RARE_POP3_STARTTLS_LEGACY_CIPHER,CHALLENGE_SYNTHETIC,0.0,1.0,0.0,1.0,1.0,0.0,0.0,0.0,0.0,0.0,1.0,1.0,0.0,0.0,1.0,0,2,2,0,HIGH
challenge-0082,chal-imap-00327,CHALLENGE_RARE_IMAP_DEPRECATED_TLS_WITH_PFS-0327,CHALLENGE_RARE_IMAP_DEPRECATED_TLS_WITH_PFS,CHALLENGE_SYNTHETIC,0.0,1.0,0.0,1.0,0.0,0.0,0.0,0.0,0.0,0.0,0.0,0.0,0.0,1.0,0.0,0,0,0,0,HIGH
challenge-0083,chal-smtp-00328,CHALLENGE_RARE_SMTP_WEAK_CIPHER_WITH_CLEAN_CERT-0328,CHALLENGE_RARE_SMTP_WEAK_CIPHER_WITH_CLEAN_CERT,CHALLENGE_SYNTHETIC,0.0,1.0,0.0,0.0,1.0,0.0,0.0,0.0,0.0,0.0,1.0,0.0,1.0,0.0,0.0,0,1,0,1,HIGH
challenge-0083,chal-pop3-00329,CHALLENGE_RARE_POP3_PLAINTEXT_HIGH_ACTIVITY-0329,CHALLENGE_RARE_POP3_PLAINTEXT_HIGH_ACTIVITY,CHALLENGE_SYNTHETIC,1.0,0.0,0.0,,,,,,1.0,0.0,,,0.0,0.0,1.0,1,2,1,1,CRITICAL
challenge-0083,chal-smtp-00330,CHALLENGE_ADVERSARIAL_MULTIPLE_HIGH_NO_CRIT_LABEL-0330,CHALLENGE_ADVERSARIAL_MULTIPLE_HIGH_NO_CRIT_LABEL,CHALLENGE_SYNTHETIC,0.0,0.0,1.0,1.0,0.0,0.0,0.0,0.0,0.0,0.0,0.0,0.0,1.0,0.0,0.0,0,3,2,1,HIGH
challenge-0083,chal-pop3-00331,CHALLENGE_ADVERSARIAL_HIGH_WITH_ZERO_HIGH_COUNT-0331,CHALLENGE_ADVERSARIAL_HIGH_WITH_ZERO_HIGH_COUNT,CHALLENGE_SYNTHETIC,0.0,0.0,1.0,1.0,0.0,0.0,0.0,0.0,0.0,0.0,0.0,0.0,0.0,0.0,1.0,0,0,1,1,HIGH
challenge-0084,chal-imap-00332,CHALLENGE_ADVERSARIAL_MED_WITH_HIGH_LOW_COUNT-0332,CHALLENGE_ADVERSARIAL_MED_WITH_HIGH_LOW_COUNT,CHALLENGE_SYNTHETIC,0.0,1.0,0.0,0.0,0.0,0.0,0.0,0.0,0.0,0.0,1.0,0.0,0.0,1.0,0.0,0,0,0,4,MEDIUM
challenge-0084,chal-pop3-00333,CHALLENGE_BOUNDARY_LOW_MED_MIN_FINDINGS-0333,CHALLENGE_BOUNDARY_LOW_MED_MIN_FINDINGS,CHALLENGE_SYNTHETIC,0.0,0.0,1.0,0.0,0.0,0.0,0.0,0.0,0.0,0.0,0.0,1.0,0.0,0.0,1.0,0,0,1,2,MEDIUM
challenge-0084,chal-smtp-00334,CHALLENGE_BOUNDARY_HIGH_CRIT_ZERO_CRIT_PLAINTEXT-0334,CHALLENGE_BOUNDARY_HIGH_CRIT_ZERO_CRIT_PLAINTEXT,CHALLENGE_SYNTHETIC,1.0,0.0,0.0,,,,,,0.0,0.0,,,1.0,0.0,0.0,0,1,1,1,CRITICAL
challenge-0084,chal-pop3-00335,CHALLENGE_PARTIAL_CAPTURE_UNOBSERVED_CERT_POP3-0335,CHALLENGE_PARTIAL_CAPTURE_UNOBSERVED_CERT_POP3,CHALLENGE_SYNTHETIC,0.0,1.0,0.0,0.0,0.0,,,,0.0,0.0,1.0,,0.0,0.0,1.0,0,0,1,1,MEDIUM
challenge-0085,chal-pop3-00336,CHALLENGE_PARTIAL_CAPTURE_IMPLICIT_HIGH_NAN_CLEAN-0336,CHALLENGE_PARTIAL_CAPTURE_IMPLICIT_HIGH_NAN_CLEAN,CHALLENGE_SYNTHETIC,0.0,0.0,1.0,0.0,0.0,,,,0.0,0.0,1.0,,0.0,0.0,1.0,0,0,1,1,MEDIUM
challenge-0085,chal-pop3-00337,CHALLENGE_RARE_POP3_STARTTLS_LEGACY_CIPHER-0337,CHALLENGE_RARE_POP3_STARTTLS_LEGACY_CIPHER,CHALLENGE_SYNTHETIC,0.0,1.0,0.0,1.0,1.0,0.0,0.0,0.0,0.0,0.0,1.0,1.0,0.0,0.0,1.0,0,1,2,0,HIGH
challenge-0085,chal-imap-00338,CHALLENGE_RARE_IMAP_DEPRECATED_TLS_WITH_PFS-0338,CHALLENGE_RARE_IMAP_DEPRECATED_TLS_WITH_PFS,CHALLENGE_SYNTHETIC,0.0,0.0,1.0,1.0,0.0,0.0,0.0,0.0,0.0,0.0,0.0,0.0,0.0,1.0,0.0,0,0,1,0,HIGH
challenge-0085,chal-smtp-00339,CHALLENGE_RARE_SMTP_WEAK_CIPHER_WITH_CLEAN_CERT-0339,CHALLENGE_RARE_SMTP_WEAK_CIPHER_WITH_CLEAN_CERT,CHALLENGE_SYNTHETIC,0.0,1.0,0.0,0.0,1.0,0.0,0.0,0.0,0.0,0.0,0.0,0.0,1.0,0.0,0.0,0,1,0,1,HIGH
challenge-0086,chal-pop3-00340,CHALLENGE_RARE_NOT_YET_VALID_CERT_ISOLATED-0340,CHALLENGE_RARE_NOT_YET_VALID_CERT_ISOLATED,CHALLENGE_SYNTHETIC,0.0,0.0,1.0,0.0,0.0,0.0,1.0,0.0,0.0,0.0,0.0,0.0,0.0,0.0,1.0,0,1,1,0,HIGH
challenge-0086,chal-pop3-00341,CHALLENGE_RARE_POP3_PLAINTEXT_HIGH_ACTIVITY-0341,CHALLENGE_RARE_POP3_PLAINTEXT_HIGH_ACTIVITY,CHALLENGE_SYNTHETIC,1.0,0.0,0.0,,,,,,1.0,0.0,,,0.0,0.0,1.0,1,2,1,1,CRITICAL
challenge-0086,chal-imap-00342,CHALLENGE_ADVERSARIAL_MULTIPLE_HIGH_NO_CRIT_LABEL-0342,CHALLENGE_ADVERSARIAL_MULTIPLE_HIGH_NO_CRIT_LABEL,CHALLENGE_SYNTHETIC,0.0,1.0,0.0,1.0,0.0,0.0,0.0,0.0,0.0,0.0,0.0,0.0,0.0,1.0,0.0,0,2,1,1,HIGH
challenge-0086,chal-pop3-00343,CHALLENGE_ADVERSARIAL_HIGH_WITH_ZERO_HIGH_COUNT-0343,CHALLENGE_ADVERSARIAL_HIGH_WITH_ZERO_HIGH_COUNT,CHALLENGE_SYNTHETIC,0.0,0.0,1.0,1.0,0.0,0.0,0.0,0.0,0.0,0.0,0.0,0.0,0.0,0.0,1.0,0,0,1,1,HIGH
challenge-0087,chal-pop3-00344,CHALLENGE_ADVERSARIAL_MED_WITH_HIGH_LOW_COUNT-0344,CHALLENGE_ADVERSARIAL_MED_WITH_HIGH_LOW_COUNT,CHALLENGE_SYNTHETIC,0.0,1.0,0.0,0.0,0.0,0.0,0.0,0.0,0.0,0.0,1.0,0.0,0.0,0.0,1.0,0,0,0,4,MEDIUM
challenge-0087,chal-imap-00345,CHALLENGE_BOUNDARY_HIGH_CRIT_ZERO_CRIT_PLAINTEXT-0345,CHALLENGE_BOUNDARY_HIGH_CRIT_ZERO_CRIT_PLAINTEXT,CHALLENGE_SYNTHETIC,1.0,0.0,0.0,,,,,,0.0,0.0,,,0.0,1.0,0.0,0,0,2,1,CRITICAL
challenge-0087,chal-smtp-00346,CHALLENGE_PARTIAL_CAPTURE_STARTTLS_NEGOTIATION_TRUNCATED-0346,CHALLENGE_PARTIAL_CAPTURE_STARTTLS_NEGOTIATION_TRUNCATED,CHALLENGE_SYNTHETIC,0.0,1.0,0.0,0.0,0.0,,,,0.0,1.0,0.0,,1.0,0.0,0.0,0,1,0,0,HIGH
challenge-0087,chal-imap-00347,CHALLENGE_RARE_IMAP_DEPRECATED_TLS_WITH_PFS-0347,CHALLENGE_RARE_IMAP_DEPRECATED_TLS_WITH_PFS,CHALLENGE_SYNTHETIC,0.0,0.0,1.0,1.0,0.0,0.0,0.0,0.0,0.0,0.0,0.0,0.0,0.0,1.0,0.0,0,1,1,1,HIGH
challenge-0088,chal-smtp-00348,CHALLENGE_RARE_SMTP_WEAK_CIPHER_WITH_CLEAN_CERT-0348,CHALLENGE_RARE_SMTP_WEAK_CIPHER_WITH_CLEAN_CERT,CHALLENGE_SYNTHETIC,0.0,1.0,0.0,0.0,1.0,0.0,0.0,0.0,0.0,0.0,1.0,0.0,1.0,0.0,0.0,0,1,1,0,HIGH
challenge-0088,chal-pop3-00349,CHALLENGE_RARE_POP3_PLAINTEXT_HIGH_ACTIVITY-0349,CHALLENGE_RARE_POP3_PLAINTEXT_HIGH_ACTIVITY,CHALLENGE_SYNTHETIC,1.0,0.0,0.0,,,,,,1.0,0.0,,,0.0,0.0,1.0,2,1,1,1,CRITICAL
challenge-0088,chal-smtp-00350,CHALLENGE_ADVERSARIAL_MULTIPLE_HIGH_NO_CRIT_LABEL-0350,CHALLENGE_ADVERSARIAL_MULTIPLE_HIGH_NO_CRIT_LABEL,CHALLENGE_SYNTHETIC,0.0,0.0,1.0,1.0,0.0,0.0,0.0,0.0,0.0,0.0,0.0,0.0,1.0,0.0,0.0,0,2,2,2,HIGH
challenge-0088,chal-pop3-00351,CHALLENGE_ADVERSARIAL_CRITICAL_WITH_ZERO_FINDINGS-0351,CHALLENGE_ADVERSARIAL_CRITICAL_WITH_ZERO_FINDINGS,CHALLENGE_SYNTHETIC,1.0,0.0,0.0,,,,,,0.0,0.0,,,0.0,0.0,1.0,0,0,0,0,CRITICAL
challenge-0089,chal-smtp-00352,CHALLENGE_ADVERSARIAL_HIGH_WITH_ZERO_HIGH_COUNT-0352,CHALLENGE_ADVERSARIAL_HIGH_WITH_ZERO_HIGH_COUNT,CHALLENGE_SYNTHETIC,0.0,0.0,1.0,1.0,0.0,0.0,0.0,0.0,0.0,0.0,0.0,0.0,1.0,0.0,0.0,0,0,2,0,HIGH
challenge-0089,chal-imap-00353,CHALLENGE_ADVERSARIAL_MED_WITH_HIGH_LOW_COUNT-0353,CHALLENGE_ADVERSARIAL_MED_WITH_HIGH_LOW_COUNT,CHALLENGE_SYNTHETIC,0.0,0.0,1.0,0.0,0.0,0.0,0.0,0.0,0.0,0.0,1.0,0.0,0.0,1.0,0.0,0,0,0,3,MEDIUM
challenge-0089,chal-imap-00354,CHALLENGE_BOUNDARY_MED_HIGH_ISOLATED_WEAK_KEY-0354,CHALLENGE_BOUNDARY_MED_HIGH_ISOLATED_WEAK_KEY,CHALLENGE_SYNTHETIC,0.0,1.0,0.0,0.0,0.0,0.0,0.0,1.0,0.0,0.0,1.0,0.0,0.0,1.0,0.0,0,1,0,0,HIGH
challenge-0089,chal-pop3-00355,CHALLENGE_RARE_POP3_STARTTLS_LEGACY_CIPHER-0355,CHALLENGE_RARE_POP3_STARTTLS_LEGACY_CIPHER,CHALLENGE_SYNTHETIC,0.0,1.0,0.0,1.0,1.0,0.0,0.0,0.0,0.0,0.0,1.0,1.0,0.0,0.0,1.0,0,2,2,0,HIGH
challenge-0090,chal-imap-00356,CHALLENGE_RARE_IMAP_DEPRECATED_TLS_WITH_PFS-0356,CHALLENGE_RARE_IMAP_DEPRECATED_TLS_WITH_PFS,CHALLENGE_SYNTHETIC,0.0,0.0,1.0,1.0,0.0,0.0,0.0,0.0,0.0,0.0,0.0,0.0,0.0,1.0,0.0,0,1,1,0,HIGH
challenge-0090,chal-smtp-00357,CHALLENGE_RARE_SMTP_WEAK_CIPHER_WITH_CLEAN_CERT-0357,CHALLENGE_RARE_SMTP_WEAK_CIPHER_WITH_CLEAN_CERT,CHALLENGE_SYNTHETIC,0.0,1.0,0.0,0.0,1.0,0.0,0.0,0.0,0.0,0.0,1.0,0.0,1.0,0.0,0.0,0,1,0,1,HIGH
challenge-0090,chal-pop3-00358,CHALLENGE_RARE_NOT_YET_VALID_CERT_ISOLATED-0358,CHALLENGE_RARE_NOT_YET_VALID_CERT_ISOLATED,CHALLENGE_SYNTHETIC,0.0,0.0,1.0,0.0,0.0,0.0,1.0,0.0,0.0,0.0,0.0,0.0,0.0,0.0,1.0,0,1,1,0,HIGH
challenge-0090,chal-imap-00359,CHALLENGE_ADVERSARIAL_MULTIPLE_HIGH_NO_CRIT_LABEL-0359,CHALLENGE_ADVERSARIAL_MULTIPLE_HIGH_NO_CRIT_LABEL,CHALLENGE_SYNTHETIC,0.0,0.0,1.0,1.0,0.0,0.0,0.0,0.0,0.0,0.0,0.0,0.0,0.0,1.0,0.0,0,2,2,2,HIGH
challenge-0091,chal-smtp-00360,CHALLENGE_ADVERSARIAL_CRITICAL_WITH_ZERO_FINDINGS-0360,CHALLENGE_ADVERSARIAL_CRITICAL_WITH_ZERO_FINDINGS,CHALLENGE_SYNTHETIC,1.0,0.0,0.0,,,,,,0.0,0.0,,,1.0,0.0,0.0,0,0,0,0,CRITICAL
challenge-0091,chal-pop3-00361,CHALLENGE_ADVERSARIAL_HIGH_WITH_ZERO_HIGH_COUNT-0361,CHALLENGE_ADVERSARIAL_HIGH_WITH_ZERO_HIGH_COUNT,CHALLENGE_SYNTHETIC,0.0,1.0,0.0,1.0,0.0,0.0,0.0,0.0,0.0,0.0,0.0,0.0,0.0,0.0,1.0,0,0,2,0,HIGH
challenge-0091,chal-pop3-00362,CHALLENGE_ADVERSARIAL_MED_WITH_HIGH_LOW_COUNT-0362,CHALLENGE_ADVERSARIAL_MED_WITH_HIGH_LOW_COUNT,CHALLENGE_SYNTHETIC,0.0,0.0,1.0,0.0,0.0,0.0,0.0,0.0,0.0,0.0,1.0,0.0,0.0,0.0,1.0,0,0,0,3,MEDIUM
challenge-0091,chal-smtp-00363,CHALLENGE_BOUNDARY_MED_HIGH_COMPOUNDING_MODERATE-0363,CHALLENGE_BOUNDARY_MED_HIGH_COMPOUNDING_MODERATE,CHALLENGE_SYNTHETIC,0.0,1.0,0.0,0.0,0.0,0.0,0.0,0.0,0.0,0.0,1.0,1.0,1.0,0.0,0.0,0,0,1,2,MEDIUM
challenge-0092,chal-imap-00364,CHALLENGE_BOUNDARY_MED_HIGH_ISOLATED_WEAK_KEY-0364,CHALLENGE_BOUNDARY_MED_HIGH_ISOLATED_WEAK_KEY,CHALLENGE_SYNTHETIC,0.0,0.0,1.0,0.0,0.0,0.0,0.0,1.0,0.0,0.0,1.0,1.0,0.0,1.0,0.0,0,0,2,1,HIGH
challenge-0092,chal-pop3-00365,CHALLENGE_BOUNDARY_HIGH_CRIT_ZERO_CRIT_PLAINTEXT-0365,CHALLENGE_BOUNDARY_HIGH_CRIT_ZERO_CRIT_PLAINTEXT,CHALLENGE_SYNTHETIC,1.0,0.0,0.0,,,,,,1.0,0.0,,,0.0,0.0,1.0,0,1,1,1,CRITICAL
challenge-0092,chal-smtp-00366,CHALLENGE_BOUNDARY_HIGH_CRIT_EARLY_AUTH_WITH_TLS13-0366,CHALLENGE_BOUNDARY_HIGH_CRIT_EARLY_AUTH_WITH_TLS13,CHALLENGE_SYNTHETIC,0.0,1.0,0.0,0.0,0.0,0.0,0.0,0.0,1.0,0.0,0.0,0.0,1.0,0.0,0.0,2,1,0,0,CRITICAL
challenge-0092,chal-imap-00367,CHALLENGE_PARTIAL_CAPTURE_STARTTLS_NEGOTIATION_TRUNCATED-0367,CHALLENGE_PARTIAL_CAPTURE_STARTTLS_NEGOTIATION_TRUNCATED,CHALLENGE_SYNTHETIC,0.0,1.0,0.0,0.0,0.0,,,,0.0,1.0,0.0,,0.0,1.0,0.0,0,1,0,0,HIGH
challenge-0093,chal-pop3-00368,CHALLENGE_RARE_POP3_STARTTLS_LEGACY_CIPHER-0368,CHALLENGE_RARE_POP3_STARTTLS_LEGACY_CIPHER,CHALLENGE_SYNTHETIC,0.0,1.0,0.0,1.0,1.0,0.0,0.0,1.0,0.0,0.0,1.0,0.0,0.0,0.0,1.0,0,1,0,0,CRITICAL
challenge-0093,chal-imap-00369,CHALLENGE_RARE_IMAP_DEPRECATED_TLS_WITH_PFS-0369,CHALLENGE_RARE_IMAP_DEPRECATED_TLS_WITH_PFS,CHALLENGE_SYNTHETIC,0.0,1.0,0.0,1.0,0.0,0.0,0.0,0.0,0.0,0.0,0.0,0.0,0.0,1.0,0.0,0,1,1,0,HIGH
challenge-0093,chal-pop3-00370,CHALLENGE_RARE_POP3_PLAINTEXT_HIGH_ACTIVITY-0370,CHALLENGE_RARE_POP3_PLAINTEXT_HIGH_ACTIVITY,CHALLENGE_SYNTHETIC,1.0,0.0,0.0,,,,,,1.0,0.0,,,0.0,0.0,1.0,1,2,1,1,CRITICAL
challenge-0093,chal-imap-00371,CHALLENGE_ADVERSARIAL_MULTIPLE_HIGH_NO_CRIT_LABEL-0371,CHALLENGE_ADVERSARIAL_MULTIPLE_HIGH_NO_CRIT_LABEL,CHALLENGE_SYNTHETIC,0.0,0.0,1.0,1.0,0.0,0.0,0.0,0.0,0.0,0.0,0.0,0.0,0.0,1.0,0.0,0,2,1,1,HIGH
challenge-0094,chal-smtp-00372,CHALLENGE_ADVERSARIAL_CRITICAL_WITH_ZERO_FINDINGS-0372,CHALLENGE_ADVERSARIAL_CRITICAL_WITH_ZERO_FINDINGS,CHALLENGE_SYNTHETIC,1.0,0.0,0.0,,,,,,0.0,0.0,,,1.0,0.0,0.0,0,0,0,0,CRITICAL
challenge-0094,chal-pop3-00373,CHALLENGE_ADVERSARIAL_HIGH_WITH_ZERO_HIGH_COUNT-0373,CHALLENGE_ADVERSARIAL_HIGH_WITH_ZERO_HIGH_COUNT,CHALLENGE_SYNTHETIC,0.0,1.0,0.0,1.0,0.0,0.0,0.0,0.0,0.0,0.0,0.0,0.0,0.0,0.0,1.0,0,0,2,0,HIGH
challenge-0094,chal-imap-00374,CHALLENGE_ADVERSARIAL_MED_WITH_HIGH_LOW_COUNT-0374,CHALLENGE_ADVERSARIAL_MED_WITH_HIGH_LOW_COUNT,CHALLENGE_SYNTHETIC,0.0,1.0,0.0,0.0,0.0,0.0,0.0,0.0,0.0,0.0,1.0,0.0,0.0,1.0,0.0,0,0,0,4,MEDIUM
challenge-0094,chal-pop3-00375,CHALLENGE_BOUNDARY_HIGH_CRIT_ZERO_CRIT_PLAINTEXT-0375,CHALLENGE_BOUNDARY_HIGH_CRIT_ZERO_CRIT_PLAINTEXT,CHALLENGE_SYNTHETIC,1.0,0.0,0.0,,,,,,1.0,0.0,,,0.0,0.0,1.0,0,0,2,0,CRITICAL
challenge-0095,chal-pop3-00376,CHALLENGE_PARTIAL_CAPTURE_UNOBSERVED_CERT_POP3-0376,CHALLENGE_PARTIAL_CAPTURE_UNOBSERVED_CERT_POP3,CHALLENGE_SYNTHETIC,0.0,1.0,0.0,0.0,0.0,,,,0.0,0.0,1.0,,0.0,0.0,1.0,0,0,1,1,MEDIUM
challenge-0095,chal-pop3-00377,CHALLENGE_PARTIAL_CAPTURE_IMPLICIT_HIGH_NAN_CLEAN-0377,CHALLENGE_PARTIAL_CAPTURE_IMPLICIT_HIGH_NAN_CLEAN,CHALLENGE_SYNTHETIC,0.0,0.0,1.0,0.0,0.0,,,,0.0,0.0,1.0,,0.0,0.0,1.0,0,0,1,1,MEDIUM
challenge-0095,chal-pop3-00378,CHALLENGE_RARE_POP3_STARTTLS_LEGACY_CIPHER-0378,CHALLENGE_RARE_POP3_STARTTLS_LEGACY_CIPHER,CHALLENGE_SYNTHETIC,0.0,1.0,0.0,1.0,1.0,0.0,0.0,1.0,0.0,0.0,1.0,1.0,0.0,0.0,1.0,0,2,0,0,CRITICAL
challenge-0095,chal-imap-00379,CHALLENGE_RARE_IMAP_DEPRECATED_TLS_WITH_PFS-0379,CHALLENGE_RARE_IMAP_DEPRECATED_TLS_WITH_PFS,CHALLENGE_SYNTHETIC,0.0,0.0,1.0,1.0,0.0,0.0,0.0,0.0,0.0,0.0,0.0,0.0,0.0,1.0,0.0,0,1,0,0,HIGH
challenge-0096,chal-smtp-00380,CHALLENGE_RARE_SMTP_WEAK_CIPHER_WITH_CLEAN_CERT-0380,CHALLENGE_RARE_SMTP_WEAK_CIPHER_WITH_CLEAN_CERT,CHALLENGE_SYNTHETIC,0.0,1.0,0.0,0.0,1.0,0.0,0.0,0.0,0.0,0.0,1.0,0.0,1.0,0.0,0.0,0,1,1,1,HIGH
challenge-0096,chal-pop3-00381,CHALLENGE_ADVERSARIAL_MULTIPLE_HIGH_NO_CRIT_LABEL-0381,CHALLENGE_ADVERSARIAL_MULTIPLE_HIGH_NO_CRIT_LABEL,CHALLENGE_SYNTHETIC,0.0,0.0,1.0,1.0,0.0,0.0,0.0,0.0,0.0,0.0,0.0,0.0,0.0,0.0,1.0,0,3,2,2,HIGH
challenge-0096,chal-pop3-00382,CHALLENGE_ADVERSARIAL_HIGH_WITH_ZERO_HIGH_COUNT-0382,CHALLENGE_ADVERSARIAL_HIGH_WITH_ZERO_HIGH_COUNT,CHALLENGE_SYNTHETIC,0.0,1.0,0.0,1.0,0.0,0.0,0.0,0.0,0.0,0.0,0.0,0.0,0.0,0.0,1.0,0,0,2,0,HIGH
challenge-0096,chal-imap-00383,CHALLENGE_ADVERSARIAL_MED_WITH_HIGH_LOW_COUNT-0383,CHALLENGE_ADVERSARIAL_MED_WITH_HIGH_LOW_COUNT,CHALLENGE_SYNTHETIC,0.0,1.0,0.0,0.0,0.0,0.0,0.0,0.0,0.0,0.0,1.0,0.0,0.0,1.0,0.0,0,0,0,3,MEDIUM
challenge-0097,chal-smtp-00384,CHALLENGE_BOUNDARY_MED_HIGH_COMPOUNDING_MODERATE-0384,CHALLENGE_BOUNDARY_MED_HIGH_COMPOUNDING_MODERATE,CHALLENGE_SYNTHETIC,0.0,0.0,1.0,0.0,0.0,0.0,0.0,0.0,0.0,0.0,1.0,1.0,1.0,0.0,0.0,0,0,2,0,HIGH
challenge-0097,chal-pop3-00385,CHALLENGE_BOUNDARY_MED_HIGH_ISOLATED_WEAK_KEY-0385,CHALLENGE_BOUNDARY_MED_HIGH_ISOLATED_WEAK_KEY,CHALLENGE_SYNTHETIC,0.0,1.0,0.0,0.0,0.0,0.0,0.0,1.0,0.0,0.0,1.0,0.0,0.0,0.0,1.0,0,1,0,0,HIGH
challenge-0097,chal-imap-00386,CHALLENGE_BOUNDARY_HIGH_CRIT_ZERO_CRIT_PLAINTEXT-0386,CHALLENGE_BOUNDARY_HIGH_CRIT_ZERO_CRIT_PLAINTEXT,CHALLENGE_SYNTHETIC,1.0,0.0,0.0,,,,,,0.0,0.0,,,0.0,1.0,0.0,0,1,2,1,CRITICAL
challenge-0097,chal-pop3-00387,CHALLENGE_PARTIAL_CAPTURE_UNOBSERVED_CERT_POP3-0387,CHALLENGE_PARTIAL_CAPTURE_UNOBSERVED_CERT_POP3,CHALLENGE_SYNTHETIC,0.0,1.0,0.0,0.0,0.0,,,,0.0,0.0,1.0,,0.0,0.0,1.0,0,0,1,0,MEDIUM
challenge-0098,chal-imap-00388,CHALLENGE_PARTIAL_CAPTURE_STARTTLS_NEGOTIATION_TRUNCATED-0388,CHALLENGE_PARTIAL_CAPTURE_STARTTLS_NEGOTIATION_TRUNCATED,CHALLENGE_SYNTHETIC,0.0,1.0,0.0,0.0,0.0,,,,0.0,1.0,0.0,,0.0,1.0,0.0,0,1,0,0,HIGH
challenge-0098,chal-imap-00389,CHALLENGE_RARE_IMAP_DEPRECATED_TLS_WITH_PFS-0389,CHALLENGE_RARE_IMAP_DEPRECATED_TLS_WITH_PFS,CHALLENGE_SYNTHETIC,0.0,0.0,1.0,1.0,0.0,0.0,0.0,0.0,0.0,0.0,0.0,0.0,0.0,1.0,0.0,0,0,1,0,HIGH
challenge-0098,chal-pop3-00390,CHALLENGE_RARE_NOT_YET_VALID_CERT_ISOLATED-0390,CHALLENGE_RARE_NOT_YET_VALID_CERT_ISOLATED,CHALLENGE_SYNTHETIC,0.0,1.0,0.0,0.0,0.0,0.0,1.0,0.0,0.0,0.0,0.0,0.0,0.0,0.0,1.0,0,0,0,0,HIGH
challenge-0098,chal-pop3-00391,CHALLENGE_RARE_POP3_PLAINTEXT_HIGH_ACTIVITY-0391,CHALLENGE_RARE_POP3_PLAINTEXT_HIGH_ACTIVITY,CHALLENGE_SYNTHETIC,1.0,0.0,0.0,,,,,,1.0,0.0,,,0.0,0.0,1.0,3,2,1,1,CRITICAL
challenge-0099,chal-pop3-00392,CHALLENGE_ADVERSARIAL_MULTIPLE_HIGH_NO_CRIT_LABEL-0392,CHALLENGE_ADVERSARIAL_MULTIPLE_HIGH_NO_CRIT_LABEL,CHALLENGE_SYNTHETIC,0.0,0.0,1.0,1.0,0.0,0.0,0.0,0.0,0.0,0.0,0.0,0.0,0.0,0.0,1.0,0,2,1,2,HIGH
challenge-0099,chal-smtp-00393,CHALLENGE_ADVERSARIAL_CRITICAL_WITH_ZERO_FINDINGS-0393,CHALLENGE_ADVERSARIAL_CRITICAL_WITH_ZERO_FINDINGS,CHALLENGE_SYNTHETIC,1.0,0.0,0.0,,,,,,0.0,0.0,,,1.0,0.0,0.0,0,0,0,0,CRITICAL
challenge-0099,chal-pop3-00394,CHALLENGE_ADVERSARIAL_HIGH_WITH_ZERO_HIGH_COUNT-0394,CHALLENGE_ADVERSARIAL_HIGH_WITH_ZERO_HIGH_COUNT,CHALLENGE_SYNTHETIC,0.0,0.0,1.0,1.0,0.0,0.0,0.0,0.0,0.0,0.0,0.0,0.0,0.0,0.0,1.0,0,0,1,0,HIGH
challenge-0099,chal-imap-00395,CHALLENGE_ADVERSARIAL_MED_WITH_HIGH_LOW_COUNT-0395,CHALLENGE_ADVERSARIAL_MED_WITH_HIGH_LOW_COUNT,CHALLENGE_SYNTHETIC,0.0,0.0,1.0,0.0,0.0,0.0,0.0,0.0,0.0,0.0,1.0,0.0,0.0,1.0,0.0,0,0,0,4,MEDIUM
challenge-0100,chal-smtp-00396,CHALLENGE_BOUNDARY_LOW_MED_MIN_FINDINGS-0396,CHALLENGE_BOUNDARY_LOW_MED_MIN_FINDINGS,CHALLENGE_SYNTHETIC,0.0,1.0,0.0,0.0,0.0,0.0,0.0,0.0,0.0,0.0,0.0,0.0,1.0,0.0,0.0,0,0,0,2,LOW
challenge-0100,chal-pop3-00397,CHALLENGE_PARTIAL_CAPTURE_STARTTLS_NEGOTIATION_TRUNCATED-0397,CHALLENGE_PARTIAL_CAPTURE_STARTTLS_NEGOTIATION_TRUNCATED,CHALLENGE_SYNTHETIC,0.0,1.0,0.0,0.0,0.0,,,,0.0,1.0,0.0,,0.0,0.0,1.0,0,1,0,1,HIGH
challenge-0100,chal-pop3-00398,CHALLENGE_PARTIAL_CAPTURE_IMPLICIT_HIGH_NAN_CLEAN-0398,CHALLENGE_PARTIAL_CAPTURE_IMPLICIT_HIGH_NAN_CLEAN,CHALLENGE_SYNTHETIC,0.0,0.0,1.0,0.0,0.0,,,,0.0,0.0,1.0,,0.0,0.0,1.0,0,0,1,1,MEDIUM
challenge-0100,chal-pop3-00399,CHALLENGE_RARE_POP3_STARTTLS_LEGACY_CIPHER-0399,CHALLENGE_RARE_POP3_STARTTLS_LEGACY_CIPHER,CHALLENGE_SYNTHETIC,0.0,1.0,0.0,1.0,1.0,0.0,0.0,0.0,0.0,0.0,1.0,0.0,0.0,0.0,1.0,0,2,2,0,HIGH
challenge-0101,chal-imap-00400,CHALLENGE_RARE_IMAP_DEPRECATED_TLS_WITH_PFS-0400,CHALLENGE_RARE_IMAP_DEPRECATED_TLS_WITH_PFS,CHALLENGE_SYNTHETIC,0.0,0.0,1.0,1.0,0.0,0.0,0.0,0.0,0.0,0.0,0.0,0.0,0.0,1.0,0.0,0,0,0,0,HIGH
challenge-0101,chal-pop3-00401,CHALLENGE_RARE_POP3_PLAINTEXT_HIGH_ACTIVITY-0401,CHALLENGE_RARE_POP3_PLAINTEXT_HIGH_ACTIVITY,CHALLENGE_SYNTHETIC,1.0,0.0,0.0,,,,,,1.0,0.0,,,0.0,0.0,1.0,2,1,1,1,CRITICAL
challenge-0101,chal-imap-00402,CHALLENGE_ADVERSARIAL_MULTIPLE_HIGH_NO_CRIT_LABEL-0402,CHALLENGE_ADVERSARIAL_MULTIPLE_HIGH_NO_CRIT_LABEL,CHALLENGE_SYNTHETIC,0.0,0.0,1.0,1.0,0.0,0.0,0.0,0.0,0.0,0.0,0.0,0.0,0.0,1.0,0.0,0,2,2,1,HIGH
challenge-0101,chal-pop3-00403,CHALLENGE_ADVERSARIAL_HIGH_WITH_ZERO_HIGH_COUNT-0403,CHALLENGE_ADVERSARIAL_HIGH_WITH_ZERO_HIGH_COUNT,CHALLENGE_SYNTHETIC,0.0,0.0,1.0,1.0,0.0,0.0,0.0,0.0,0.0,0.0,0.0,0.0,0.0,0.0,1.0,0,0,1,0,HIGH
challenge-0102,chal-smtp-00404,CHALLENGE_ADVERSARIAL_MED_WITH_HIGH_LOW_COUNT-0404,CHALLENGE_ADVERSARIAL_MED_WITH_HIGH_LOW_COUNT,CHALLENGE_SYNTHETIC,0.0,1.0,0.0,0.0,0.0,0.0,0.0,0.0,0.0,0.0,1.0,0.0,1.0,0.0,0.0,0,0,0,4,MEDIUM
challenge-0102,chal-imap-00405,CHALLENGE_BOUNDARY_MED_HIGH_ISOLATED_WEAK_KEY-0405,CHALLENGE_BOUNDARY_MED_HIGH_ISOLATED_WEAK_KEY,CHALLENGE_SYNTHETIC,0.0,1.0,0.0,0.0,0.0,0.0,0.0,1.0,0.0,0.0,1.0,1.0,0.0,1.0,0.0,0,0,0,1,HIGH
challenge-0102,chal-imap-00406,CHALLENGE_BOUNDARY_HIGH_CRIT_ZERO_CRIT_PLAINTEXT-0406,CHALLENGE_BOUNDARY_HIGH_CRIT_ZERO_CRIT_PLAINTEXT,CHALLENGE_SYNTHETIC,1.0,0.0,0.0,,,,,,0.0,0.0,,,0.0,1.0,0.0,0,0,0,1,CRITICAL
challenge-0102,chal-pop3-00407,CHALLENGE_RARE_POP3_STARTTLS_LEGACY_CIPHER-0407,CHALLENGE_RARE_POP3_STARTTLS_LEGACY_CIPHER,CHALLENGE_SYNTHETIC,0.0,1.0,0.0,1.0,1.0,0.0,0.0,0.0,0.0,0.0,1.0,0.0,0.0,0.0,1.0,0,2,2,0,HIGH
challenge-0103,chal-smtp-00408,CHALLENGE_RARE_SMTP_WEAK_CIPHER_WITH_CLEAN_CERT-0408,CHALLENGE_RARE_SMTP_WEAK_CIPHER_WITH_CLEAN_CERT,CHALLENGE_SYNTHETIC,0.0,1.0,0.0,0.0,1.0,0.0,0.0,0.0,0.0,0.0,0.0,0.0,1.0,0.0,0.0,0,1,1,1,HIGH
challenge-0103,chal-pop3-00409,CHALLENGE_RARE_POP3_PLAINTEXT_HIGH_ACTIVITY-0409,CHALLENGE_RARE_POP3_PLAINTEXT_HIGH_ACTIVITY,CHALLENGE_SYNTHETIC,1.0,0.0,0.0,,,,,,1.0,0.0,,,0.0,0.0,1.0,1,2,1,1,CRITICAL
challenge-0103,chal-pop3-00410,CHALLENGE_ADVERSARIAL_MULTIPLE_HIGH_NO_CRIT_LABEL-0410,CHALLENGE_ADVERSARIAL_MULTIPLE_HIGH_NO_CRIT_LABEL,CHALLENGE_SYNTHETIC,0.0,1.0,0.0,1.0,0.0,0.0,0.0,0.0,0.0,0.0,0.0,0.0,0.0,0.0,1.0,0,2,2,1,HIGH
challenge-0103,chal-smtp-00411,CHALLENGE_ADVERSARIAL_HIGH_WITH_ZERO_HIGH_COUNT-0411,CHALLENGE_ADVERSARIAL_HIGH_WITH_ZERO_HIGH_COUNT,CHALLENGE_SYNTHETIC,0.0,1.0,0.0,1.0,0.0,0.0,0.0,0.0,0.0,0.0,0.0,0.0,1.0,0.0,0.0,0,0,1,1,HIGH
challenge-0104,chal-smtp-00412,CHALLENGE_ADVERSARIAL_MED_WITH_HIGH_LOW_COUNT-0412,CHALLENGE_ADVERSARIAL_MED_WITH_HIGH_LOW_COUNT,CHALLENGE_SYNTHETIC,0.0,0.0,1.0,0.0,0.0,0.0,0.0,0.0,0.0,0.0,1.0,0.0,1.0,0.0,0.0,0,0,0,3,MEDIUM
challenge-0104,chal-pop3-00413,CHALLENGE_BOUNDARY_MED_HIGH_COMPOUNDING_MODERATE-0413,CHALLENGE_BOUNDARY_MED_HIGH_COMPOUNDING_MODERATE,CHALLENGE_SYNTHETIC,0.0,1.0,0.0,0.0,0.0,0.0,0.0,0.0,0.0,0.0,1.0,1.0,0.0,0.0,1.0,0,0,3,1,HIGH
challenge-0104,chal-pop3-00414,CHALLENGE_BOUNDARY_MED_HIGH_ISOLATED_WEAK_KEY-0414,CHALLENGE_BOUNDARY_MED_HIGH_ISOLATED_WEAK_KEY,CHALLENGE_SYNTHETIC,0.0,0.0,1.0,0.0,0.0,0.0,0.0,1.0,0.0,0.0,0.0,0.0,0.0,0.0,1.0,0,0,2,1,HIGH
challenge-0104,chal-pop3-00415,CHALLENGE_BOUNDARY_HIGH_CRIT_ZERO_CRIT_PLAINTEXT-0415,CHALLENGE_BOUNDARY_HIGH_CRIT_ZERO_CRIT_PLAINTEXT,CHALLENGE_SYNTHETIC,1.0,0.0,0.0,,,,,,0.0,0.0,,,0.0,0.0,1.0,0,0,0,1,CRITICAL
challenge-0105,chal-pop3-00416,CHALLENGE_PARTIAL_CAPTURE_IMPLICIT_HIGH_NAN_CLEAN-0416,CHALLENGE_PARTIAL_CAPTURE_IMPLICIT_HIGH_NAN_CLEAN,CHALLENGE_SYNTHETIC,0.0,0.0,1.0,0.0,0.0,,,,0.0,0.0,1.0,,0.0,0.0,1.0,0,0,1,1,MEDIUM
challenge-0105,chal-pop3-00417,CHALLENGE_RARE_POP3_STARTTLS_LEGACY_CIPHER-0417,CHALLENGE_RARE_POP3_STARTTLS_LEGACY_CIPHER,CHALLENGE_SYNTHETIC,0.0,1.0,0.0,1.0,1.0,0.0,0.0,0.0,0.0,0.0,1.0,1.0,0.0,0.0,1.0,0,1,1,0,HIGH
challenge-0105,chal-imap-00418,CHALLENGE_ADVERSARIAL_MULTIPLE_HIGH_NO_CRIT_LABEL-0418,CHALLENGE_ADVERSARIAL_MULTIPLE_HIGH_NO_CRIT_LABEL,CHALLENGE_SYNTHETIC,0.0,0.0,1.0,1.0,0.0,0.0,0.0,0.0,0.0,0.0,0.0,0.0,0.0,1.0,0.0,0,3,1,1,HIGH
challenge-0105,chal-pop3-00419,CHALLENGE_ADVERSARIAL_HIGH_WITH_ZERO_HIGH_COUNT-0419,CHALLENGE_ADVERSARIAL_HIGH_WITH_ZERO_HIGH_COUNT,CHALLENGE_SYNTHETIC,0.0,1.0,0.0,1.0,0.0,0.0,0.0,0.0,0.0,0.0,0.0,0.0,0.0,0.0,1.0,0,0,1,1,HIGH
challenge-0106,chal-imap-00420,CHALLENGE_ADVERSARIAL_MED_WITH_HIGH_LOW_COUNT-0420,CHALLENGE_ADVERSARIAL_MED_WITH_HIGH_LOW_COUNT,CHALLENGE_SYNTHETIC,0.0,1.0,0.0,0.0,0.0,0.0,0.0,0.0,0.0,0.0,1.0,0.0,0.0,1.0,0.0,0,0,0,3,MEDIUM
challenge-0106,chal-smtp-00421,CHALLENGE_BOUNDARY_LOW_MED_MIN_FINDINGS-0421,CHALLENGE_BOUNDARY_LOW_MED_MIN_FINDINGS,CHALLENGE_SYNTHETIC,0.0,1.0,0.0,0.0,0.0,0.0,0.0,0.0,0.0,0.0,0.0,1.0,1.0,0.0,0.0,0,0,1,3,MEDIUM
challenge-0106,chal-pop3-00422,CHALLENGE_BOUNDARY_HIGH_CRIT_ZERO_CRIT_PLAINTEXT-0422,CHALLENGE_BOUNDARY_HIGH_CRIT_ZERO_CRIT_PLAINTEXT,CHALLENGE_SYNTHETIC,1.0,0.0,0.0,,,,,,1.0,0.0,,,0.0,0.0,1.0,0,1,2,1,CRITICAL
challenge-0106,chal-pop3-00423,CHALLENGE_RARE_POP3_STARTTLS_LEGACY_CIPHER-0423,CHALLENGE_RARE_POP3_STARTTLS_LEGACY_CIPHER,CHALLENGE_SYNTHETIC,0.0,1.0,0.0,1.0,1.0,0.0,0.0,0.0,0.0,0.0,1.0,1.0,0.0,0.0,1.0,0,1,2,0,HIGH
challenge-0107,chal-imap-00424,CHALLENGE_RARE_IMAP_DEPRECATED_TLS_WITH_PFS-0424,CHALLENGE_RARE_IMAP_DEPRECATED_TLS_WITH_PFS,CHALLENGE_SYNTHETIC,0.0,1.0,0.0,1.0,0.0,0.0,0.0,0.0,0.0,0.0,0.0,0.0,0.0,1.0,0.0,0,1,0,1,HIGH
challenge-0107,chal-smtp-00425,CHALLENGE_RARE_SMTP_WEAK_CIPHER_WITH_CLEAN_CERT-0425,CHALLENGE_RARE_SMTP_WEAK_CIPHER_WITH_CLEAN_CERT,CHALLENGE_SYNTHETIC,0.0,1.0,0.0,0.0,1.0,0.0,0.0,0.0,0.0,0.0,1.0,0.0,1.0,0.0,0.0,0,1,1,1,HIGH
challenge-0107,chal-smtp-00426,CHALLENGE_RARE_NOT_YET_VALID_CERT_ISOLATED-0426,CHALLENGE_RARE_NOT_YET_VALID_CERT_ISOLATED,CHALLENGE_SYNTHETIC,0.0,1.0,0.0,0.0,0.0,0.0,1.0,0.0,0.0,0.0,0.0,0.0,1.0,0.0,0.0,0,0,0,0,HIGH
challenge-0107,chal-pop3-00427,CHALLENGE_ADVERSARIAL_MULTIPLE_HIGH_NO_CRIT_LABEL-0427,CHALLENGE_ADVERSARIAL_MULTIPLE_HIGH_NO_CRIT_LABEL,CHALLENGE_SYNTHETIC,0.0,1.0,0.0,1.0,0.0,0.0,0.0,0.0,0.0,0.0,0.0,0.0,0.0,0.0,1.0,0,2,1,1,HIGH
challenge-0108,chal-pop3-00428,CHALLENGE_ADVERSARIAL_HIGH_WITH_ZERO_HIGH_COUNT-0428,CHALLENGE_ADVERSARIAL_HIGH_WITH_ZERO_HIGH_COUNT,CHALLENGE_SYNTHETIC,0.0,0.0,1.0,1.0,0.0,0.0,0.0,0.0,0.0,0.0,0.0,0.0,0.0,0.0,1.0,0,0,2,1,HIGH
challenge-0108,chal-pop3-00429,CHALLENGE_ADVERSARIAL_MED_WITH_HIGH_LOW_COUNT-0429,CHALLENGE_ADVERSARIAL_MED_WITH_HIGH_LOW_COUNT,CHALLENGE_SYNTHETIC,0.0,1.0,0.0,0.0,0.0,0.0,0.0,0.0,0.0,0.0,1.0,0.0,0.0,0.0,1.0,0,0,0,3,MEDIUM
challenge-0108,chal-smtp-00430,CHALLENGE_BOUNDARY_LOW_MED_CERT_VISIBILITY-0430,CHALLENGE_BOUNDARY_LOW_MED_CERT_VISIBILITY,CHALLENGE_SYNTHETIC,0.0,1.0,0.0,0.0,0.0,,,,0.0,0.0,0.0,,1.0,0.0,0.0,0,0,0,2,MEDIUM
challenge-0108,chal-pop3-00431,CHALLENGE_BOUNDARY_LOW_MED_MIN_FINDINGS-0431,CHALLENGE_BOUNDARY_LOW_MED_MIN_FINDINGS,CHALLENGE_SYNTHETIC,0.0,1.0,0.0,0.0,0.0,0.0,0.0,0.0,0.0,0.0,0.0,0.0,0.0,0.0,1.0,0,0,0,1,LOW
challenge-0109,chal-smtp-00432,CHALLENGE_BOUNDARY_HIGH_CRIT_ZERO_CRIT_PLAINTEXT-0432,CHALLENGE_BOUNDARY_HIGH_CRIT_ZERO_CRIT_PLAINTEXT,CHALLENGE_SYNTHETIC,1.0,0.0,0.0,,,,,,1.0,0.0,,,1.0,0.0,0.0,0,0,0,0,CRITICAL
challenge-0109,chal-pop3-00433,CHALLENGE_PARTIAL_CAPTURE_STARTTLS_NEGOTIATION_TRUNCATED-0433,CHALLENGE_PARTIAL_CAPTURE_STARTTLS_NEGOTIATION_TRUNCATED,CHALLENGE_SYNTHETIC,0.0,1.0,0.0,0.0,0.0,,,,0.0,1.0,0.0,,0.0,0.0,1.0,0,1,0,0,HIGH
challenge-0109,chal-pop3-00434,CHALLENGE_RARE_POP3_STARTTLS_LEGACY_CIPHER-0434,CHALLENGE_RARE_POP3_STARTTLS_LEGACY_CIPHER,CHALLENGE_SYNTHETIC,0.0,1.0,0.0,1.0,1.0,0.0,0.0,0.0,0.0,0.0,1.0,0.0,0.0,0.0,1.0,0,2,2,0,HIGH
challenge-0109,chal-smtp-00435,CHALLENGE_RARE_SMTP_WEAK_CIPHER_WITH_CLEAN_CERT-0435,CHALLENGE_RARE_SMTP_WEAK_CIPHER_WITH_CLEAN_CERT,CHALLENGE_SYNTHETIC,0.0,1.0,0.0,0.0,1.0,0.0,0.0,0.0,0.0,0.0,0.0,0.0,1.0,0.0,0.0,0,1,0,0,HIGH
challenge-0110,chal-smtp-00436,CHALLENGE_RARE_NOT_YET_VALID_CERT_ISOLATED-0436,CHALLENGE_RARE_NOT_YET_VALID_CERT_ISOLATED,CHALLENGE_SYNTHETIC,0.0,0.0,1.0,0.0,0.0,0.0,1.0,0.0,0.0,0.0,0.0,0.0,1.0,0.0,0.0,0,1,0,0,HIGH
challenge-0110,chal-smtp-00437,CHALLENGE_ADVERSARIAL_MULTIPLE_HIGH_NO_CRIT_LABEL-0437,CHALLENGE_ADVERSARIAL_MULTIPLE_HIGH_NO_CRIT_LABEL,CHALLENGE_SYNTHETIC,0.0,0.0,1.0,1.0,0.0,0.0,0.0,0.0,0.0,0.0,0.0,0.0,1.0,0.0,0.0,0,2,2,1,HIGH
challenge-0110,chal-pop3-00438,CHALLENGE_ADVERSARIAL_CRITICAL_WITH_ZERO_FINDINGS-0438,CHALLENGE_ADVERSARIAL_CRITICAL_WITH_ZERO_FINDINGS,CHALLENGE_SYNTHETIC,1.0,0.0,0.0,,,,,,0.0,0.0,,,0.0,0.0,1.0,0,0,0,0,CRITICAL
challenge-0110,chal-smtp-00439,CHALLENGE_ADVERSARIAL_HIGH_WITH_ZERO_HIGH_COUNT-0439,CHALLENGE_ADVERSARIAL_HIGH_WITH_ZERO_HIGH_COUNT,CHALLENGE_SYNTHETIC,0.0,1.0,0.0,1.0,0.0,0.0,0.0,0.0,0.0,0.0,0.0,0.0,1.0,0.0,0.0,0,0,2,0,HIGH
challenge-0111,chal-imap-00440,CHALLENGE_ADVERSARIAL_MED_WITH_HIGH_LOW_COUNT-0440,CHALLENGE_ADVERSARIAL_MED_WITH_HIGH_LOW_COUNT,CHALLENGE_SYNTHETIC,0.0,0.0,1.0,0.0,0.0,0.0,0.0,0.0,0.0,0.0,1.0,0.0,0.0,1.0,0.0,0,0,0,4,MEDIUM
challenge-0111,chal-pop3-00441,CHALLENGE_BOUNDARY_LOW_MED_MIN_FINDINGS-0441,CHALLENGE_BOUNDARY_LOW_MED_MIN_FINDINGS,CHALLENGE_SYNTHETIC,0.0,1.0,0.0,0.0,0.0,0.0,0.0,0.0,0.0,0.0,0.0,1.0,0.0,0.0,1.0,0,0,1,3,MEDIUM
challenge-0111,chal-pop3-00442,CHALLENGE_BOUNDARY_MED_HIGH_ISOLATED_WEAK_KEY-0442,CHALLENGE_BOUNDARY_MED_HIGH_ISOLATED_WEAK_KEY,CHALLENGE_SYNTHETIC,0.0,1.0,0.0,0.0,0.0,0.0,0.0,1.0,0.0,0.0,1.0,0.0,0.0,0.0,1.0,0,1,1,0,HIGH
challenge-0111,chal-pop3-00443,CHALLENGE_BOUNDARY_HIGH_CRIT_ZERO_CRIT_PLAINTEXT-0443,CHALLENGE_BOUNDARY_HIGH_CRIT_ZERO_CRIT_PLAINTEXT,CHALLENGE_SYNTHETIC,1.0,0.0,0.0,,,,,,0.0,0.0,,,0.0,0.0,1.0,0,0,0,1,CRITICAL
challenge-0112,chal-pop3-00444,CHALLENGE_RARE_POP3_STARTTLS_LEGACY_CIPHER-0444,CHALLENGE_RARE_POP3_STARTTLS_LEGACY_CIPHER,CHALLENGE_SYNTHETIC,0.0,1.0,0.0,1.0,1.0,0.0,0.0,1.0,0.0,0.0,1.0,0.0,0.0,0.0,1.0,0,1,2,0,CRITICAL
challenge-0112,chal-imap-00445,CHALLENGE_RARE_IMAP_DEPRECATED_TLS_WITH_PFS-0445,CHALLENGE_RARE_IMAP_DEPRECATED_TLS_WITH_PFS,CHALLENGE_SYNTHETIC,0.0,0.0,1.0,1.0,0.0,0.0,0.0,0.0,0.0,0.0,0.0,0.0,0.0,1.0,0.0,0,0,1,1,HIGH
challenge-0112,chal-pop3-00446,CHALLENGE_RARE_POP3_PLAINTEXT_HIGH_ACTIVITY-0446,CHALLENGE_RARE_POP3_PLAINTEXT_HIGH_ACTIVITY,CHALLENGE_SYNTHETIC,1.0,0.0,0.0,,,,,,1.0,0.0,,,0.0,0.0,1.0,2,1,1,1,CRITICAL
challenge-0112,chal-smtp-00447,CHALLENGE_ADVERSARIAL_MULTIPLE_HIGH_NO_CRIT_LABEL-0447,CHALLENGE_ADVERSARIAL_MULTIPLE_HIGH_NO_CRIT_LABEL,CHALLENGE_SYNTHETIC,0.0,1.0,0.0,1.0,0.0,0.0,0.0,0.0,0.0,0.0,0.0,0.0,1.0,0.0,0.0,0,2,1,2,HIGH
challenge-0113,chal-imap-00448,CHALLENGE_ADVERSARIAL_HIGH_WITH_ZERO_HIGH_COUNT-0448,CHALLENGE_ADVERSARIAL_HIGH_WITH_ZERO_HIGH_COUNT,CHALLENGE_SYNTHETIC,0.0,1.0,0.0,1.0,0.0,0.0,0.0,0.0,0.0,0.0,0.0,0.0,0.0,1.0,0.0,0,0,2,0,HIGH
challenge-0113,chal-smtp-00449,CHALLENGE_ADVERSARIAL_MED_WITH_HIGH_LOW_COUNT-0449,CHALLENGE_ADVERSARIAL_MED_WITH_HIGH_LOW_COUNT,CHALLENGE_SYNTHETIC,0.0,1.0,0.0,0.0,0.0,0.0,0.0,0.0,0.0,0.0,1.0,0.0,1.0,0.0,0.0,0,0,0,4,MEDIUM
challenge-0113,chal-pop3-00450,CHALLENGE_BOUNDARY_MED_HIGH_ISOLATED_WEAK_KEY-0450,CHALLENGE_BOUNDARY_MED_HIGH_ISOLATED_WEAK_KEY,CHALLENGE_SYNTHETIC,0.0,0.0,1.0,0.0,0.0,0.0,0.0,1.0,0.0,0.0,1.0,1.0,0.0,0.0,1.0,0,1,1,0,HIGH
challenge-0113,chal-imap-00451,CHALLENGE_BOUNDARY_HIGH_CRIT_ZERO_CRIT_PLAINTEXT-0451,CHALLENGE_BOUNDARY_HIGH_CRIT_ZERO_CRIT_PLAINTEXT,CHALLENGE_SYNTHETIC,1.0,0.0,0.0,,,,,,1.0,0.0,,,0.0,1.0,0.0,0,1,1,1,CRITICAL
challenge-0114,chal-pop3-00452,CHALLENGE_PARTIAL_CAPTURE_UNOBSERVED_CERT_POP3-0452,CHALLENGE_PARTIAL_CAPTURE_UNOBSERVED_CERT_POP3,CHALLENGE_SYNTHETIC,0.0,1.0,0.0,0.0,0.0,,,,0.0,0.0,1.0,,0.0,0.0,1.0,0,0,1,1,MEDIUM
challenge-0114,chal-pop3-00453,CHALLENGE_RARE_POP3_STARTTLS_LEGACY_CIPHER-0453,CHALLENGE_RARE_POP3_STARTTLS_LEGACY_CIPHER,CHALLENGE_SYNTHETIC,0.0,1.0,0.0,1.0,1.0,0.0,0.0,1.0,0.0,0.0,1.0,0.0,0.0,0.0,1.0,0,1,2,0,CRITICAL
challenge-0114,chal-imap-00454,CHALLENGE_RARE_IMAP_DEPRECATED_TLS_WITH_PFS-0454,CHALLENGE_RARE_IMAP_DEPRECATED_TLS_WITH_PFS,CHALLENGE_SYNTHETIC,0.0,1.0,0.0,1.0,0.0,0.0,0.0,0.0,0.0,0.0,0.0,0.0,0.0,1.0,0.0,0,1,1,0,HIGH
challenge-0114,chal-smtp-00455,CHALLENGE_RARE_SMTP_WEAK_CIPHER_WITH_CLEAN_CERT-0455,CHALLENGE_RARE_SMTP_WEAK_CIPHER_WITH_CLEAN_CERT,CHALLENGE_SYNTHETIC,0.0,1.0,0.0,0.0,1.0,0.0,0.0,0.0,0.0,0.0,0.0,0.0,1.0,0.0,0.0,0,1,0,1,HIGH
challenge-0115,chal-pop3-00456,CHALLENGE_RARE_POP3_PLAINTEXT_HIGH_ACTIVITY-0456,CHALLENGE_RARE_POP3_PLAINTEXT_HIGH_ACTIVITY,CHALLENGE_SYNTHETIC,1.0,0.0,0.0,,,,,,1.0,0.0,,,0.0,0.0,1.0,1,2,1,1,CRITICAL
challenge-0115,chal-imap-00457,CHALLENGE_ADVERSARIAL_MULTIPLE_HIGH_NO_CRIT_LABEL-0457,CHALLENGE_ADVERSARIAL_MULTIPLE_HIGH_NO_CRIT_LABEL,CHALLENGE_SYNTHETIC,0.0,0.0,1.0,1.0,0.0,0.0,0.0,0.0,0.0,0.0,0.0,0.0,0.0,1.0,0.0,0,2,1,1,HIGH
challenge-0115,chal-smtp-00458,CHALLENGE_ADVERSARIAL_CRITICAL_WITH_ZERO_FINDINGS-0458,CHALLENGE_ADVERSARIAL_CRITICAL_WITH_ZERO_FINDINGS,CHALLENGE_SYNTHETIC,1.0,0.0,0.0,,,,,,0.0,0.0,,,1.0,0.0,0.0,0,0,0,0,CRITICAL
challenge-0115,chal-pop3-00459,CHALLENGE_ADVERSARIAL_HIGH_WITH_ZERO_HIGH_COUNT-0459,CHALLENGE_ADVERSARIAL_HIGH_WITH_ZERO_HIGH_COUNT,CHALLENGE_SYNTHETIC,0.0,1.0,0.0,1.0,0.0,0.0,0.0,0.0,0.0,0.0,0.0,0.0,0.0,0.0,1.0,0,0,1,1,HIGH
challenge-0116,chal-smtp-00460,CHALLENGE_ADVERSARIAL_MED_WITH_HIGH_LOW_COUNT-0460,CHALLENGE_ADVERSARIAL_MED_WITH_HIGH_LOW_COUNT,CHALLENGE_SYNTHETIC,0.0,1.0,0.0,0.0,0.0,0.0,0.0,0.0,0.0,0.0,1.0,0.0,1.0,0.0,0.0,0,0,0,4,MEDIUM
challenge-0116,chal-pop3-00461,CHALLENGE_BOUNDARY_LOW_MED_MIN_FINDINGS-0461,CHALLENGE_BOUNDARY_LOW_MED_MIN_FINDINGS,CHALLENGE_SYNTHETIC,0.0,0.0,1.0,0.0,0.0,0.0,0.0,0.0,0.0,0.0,0.0,1.0,0.0,0.0,1.0,0,0,1,3,MEDIUM
challenge-0116,chal-smtp-00462,CHALLENGE_PARTIAL_CAPTURE_STARTTLS_NEGOTIATION_TRUNCATED-0462,CHALLENGE_PARTIAL_CAPTURE_STARTTLS_NEGOTIATION_TRUNCATED,CHALLENGE_SYNTHETIC,0.0,1.0,0.0,0.0,0.0,,,,0.0,1.0,0.0,,1.0,0.0,0.0,0,1,0,1,HIGH
challenge-0116,chal-smtp-00463,CHALLENGE_PARTIAL_CAPTURE_IMPLICIT_HIGH_NAN_CLEAN-0463,CHALLENGE_PARTIAL_CAPTURE_IMPLICIT_HIGH_NAN_CLEAN,CHALLENGE_SYNTHETIC,0.0,0.0,1.0,0.0,0.0,,,,0.0,0.0,0.0,,1.0,0.0,0.0,0,0,0,1,LOW
challenge-0117,chal-pop3-00464,CHALLENGE_RARE_POP3_STARTTLS_LEGACY_CIPHER-0464,CHALLENGE_RARE_POP3_STARTTLS_LEGACY_CIPHER,CHALLENGE_SYNTHETIC,0.0,1.0,0.0,1.0,1.0,0.0,0.0,1.0,0.0,0.0,1.0,0.0,0.0,0.0,1.0,0,1,2,0,CRITICAL
challenge-0117,chal-imap-00465,CHALLENGE_RARE_IMAP_DEPRECATED_TLS_WITH_PFS-0465,CHALLENGE_RARE_IMAP_DEPRECATED_TLS_WITH_PFS,CHALLENGE_SYNTHETIC,0.0,0.0,1.0,1.0,0.0,0.0,0.0,0.0,0.0,0.0,0.0,0.0,0.0,1.0,0.0,0,1,1,1,HIGH
challenge-0117,chal-imap-00466,CHALLENGE_RARE_NOT_YET_VALID_CERT_ISOLATED-0466,CHALLENGE_RARE_NOT_YET_VALID_CERT_ISOLATED,CHALLENGE_SYNTHETIC,0.0,1.0,0.0,0.0,0.0,0.0,1.0,0.0,0.0,0.0,0.0,0.0,0.0,1.0,0.0,0,0,1,0,HIGH
challenge-0117,chal-pop3-00467,CHALLENGE_RARE_POP3_PLAINTEXT_HIGH_ACTIVITY-0467,CHALLENGE_RARE_POP3_PLAINTEXT_HIGH_ACTIVITY,CHALLENGE_SYNTHETIC,1.0,0.0,0.0,,,,,,1.0,0.0,,,0.0,0.0,1.0,2,1,1,1,CRITICAL
challenge-0118,chal-imap-00468,CHALLENGE_ADVERSARIAL_MULTIPLE_HIGH_NO_CRIT_LABEL-0468,CHALLENGE_ADVERSARIAL_MULTIPLE_HIGH_NO_CRIT_LABEL,CHALLENGE_SYNTHETIC,0.0,1.0,0.0,1.0,0.0,0.0,0.0,0.0,0.0,0.0,0.0,0.0,0.0,1.0,0.0,0,2,1,1,HIGH
challenge-0118,chal-smtp-00469,CHALLENGE_ADVERSARIAL_CRITICAL_WITH_ZERO_FINDINGS-0469,CHALLENGE_ADVERSARIAL_CRITICAL_WITH_ZERO_FINDINGS,CHALLENGE_SYNTHETIC,1.0,0.0,0.0,,,,,,0.0,0.0,,,1.0,0.0,0.0,0,0,0,0,CRITICAL
challenge-0118,chal-smtp-00470,CHALLENGE_ADVERSARIAL_HIGH_WITH_ZERO_HIGH_COUNT-0470,CHALLENGE_ADVERSARIAL_HIGH_WITH_ZERO_HIGH_COUNT,CHALLENGE_SYNTHETIC,0.0,0.0,1.0,1.0,0.0,0.0,0.0,0.0,0.0,0.0,0.0,0.0,1.0,0.0,0.0,0,0,1,1,HIGH
challenge-0118,chal-imap-00471,CHALLENGE_ADVERSARIAL_MED_WITH_HIGH_LOW_COUNT-0471,CHALLENGE_ADVERSARIAL_MED_WITH_HIGH_LOW_COUNT,CHALLENGE_SYNTHETIC,0.0,1.0,0.0,0.0,0.0,0.0,0.0,0.0,0.0,0.0,1.0,0.0,0.0,1.0,0.0,0,0,0,4,MEDIUM
challenge-0119,chal-pop3-00472,CHALLENGE_BOUNDARY_LOW_MED_MIN_FINDINGS-0472,CHALLENGE_BOUNDARY_LOW_MED_MIN_FINDINGS,CHALLENGE_SYNTHETIC,0.0,1.0,0.0,0.0,0.0,0.0,0.0,0.0,0.0,0.0,0.0,0.0,0.0,0.0,1.0,0,0,0,2,LOW
challenge-0119,chal-pop3-00473,CHALLENGE_BOUNDARY_MED_HIGH_COMPOUNDING_MODERATE-0473,CHALLENGE_BOUNDARY_MED_HIGH_COMPOUNDING_MODERATE,CHALLENGE_SYNTHETIC,0.0,0.0,1.0,0.0,0.0,0.0,0.0,0.0,0.0,0.0,1.0,1.0,0.0,0.0,1.0,0,0,1,2,MEDIUM
challenge-0119,chal-pop3-00474,CHALLENGE_BOUNDARY_MED_HIGH_ISOLATED_WEAK_KEY-0474,CHALLENGE_BOUNDARY_MED_HIGH_ISOLATED_WEAK_KEY,CHALLENGE_SYNTHETIC,0.0,0.0,1.0,0.0,0.0,0.0,0.0,1.0,0.0,0.0,1.0,1.0,0.0,0.0,1.0,0,1,2,0,HIGH
challenge-0119,chal-pop3-00475,CHALLENGE_BOUNDARY_HIGH_CRIT_ZERO_CRIT_PLAINTEXT-0475,CHALLENGE_BOUNDARY_HIGH_CRIT_ZERO_CRIT_PLAINTEXT,CHALLENGE_SYNTHETIC,1.0,0.0,0.0,,,,,,1.0,0.0,,,0.0,0.0,1.0,0,1,1,1,CRITICAL
challenge-0120,chal-pop3-00476,CHALLENGE_BOUNDARY_HIGH_CRIT_EARLY_AUTH_WITH_TLS13-0476,CHALLENGE_BOUNDARY_HIGH_CRIT_EARLY_AUTH_WITH_TLS13,CHALLENGE_SYNTHETIC,0.0,1.0,0.0,0.0,0.0,0.0,0.0,0.0,1.0,0.0,0.0,0.0,0.0,0.0,1.0,2,0,0,0,CRITICAL
challenge-0120,chal-imap-00477,CHALLENGE_RARE_IMAP_DEPRECATED_TLS_WITH_PFS-0477,CHALLENGE_RARE_IMAP_DEPRECATED_TLS_WITH_PFS,CHALLENGE_SYNTHETIC,0.0,0.0,1.0,1.0,0.0,0.0,0.0,0.0,0.0,0.0,0.0,0.0,0.0,1.0,0.0,0,1,1,1,HIGH
challenge-0120,chal-smtp-00478,CHALLENGE_RARE_SMTP_WEAK_CIPHER_WITH_CLEAN_CERT-0478,CHALLENGE_RARE_SMTP_WEAK_CIPHER_WITH_CLEAN_CERT,CHALLENGE_SYNTHETIC,0.0,1.0,0.0,0.0,1.0,0.0,0.0,0.0,0.0,0.0,1.0,0.0,1.0,0.0,0.0,0,0,0,1,HIGH
challenge-0120,chal-pop3-00479,CHALLENGE_RARE_POP3_PLAINTEXT_HIGH_ACTIVITY-0479,CHALLENGE_RARE_POP3_PLAINTEXT_HIGH_ACTIVITY,CHALLENGE_SYNTHETIC,1.0,0.0,0.0,,,,,,1.0,0.0,,,0.0,0.0,1.0,1,2,1,1,CRITICAL
challenge-0121,chal-pop3-00480,CHALLENGE_ADVERSARIAL_MULTIPLE_HIGH_NO_CRIT_LABEL-0480,CHALLENGE_ADVERSARIAL_MULTIPLE_HIGH_NO_CRIT_LABEL,CHALLENGE_SYNTHETIC,0.0,1.0,0.0,1.0,0.0,0.0,0.0,0.0,0.0,0.0,0.0,0.0,0.0,0.0,1.0,0,2,1,1,HIGH
challenge-0121,chal-imap-00481,CHALLENGE_ADVERSARIAL_HIGH_WITH_ZERO_HIGH_COUNT-0481,CHALLENGE_ADVERSARIAL_HIGH_WITH_ZERO_HIGH_COUNT,CHALLENGE_SYNTHETIC,0.0,1.0,0.0,1.0,0.0,0.0,0.0,0.0,0.0,0.0,0.0,0.0,0.0,1.0,0.0,0,0,1,1,HIGH
challenge-0121,chal-smtp-00482,CHALLENGE_ADVERSARIAL_MED_WITH_HIGH_LOW_COUNT-0482,CHALLENGE_ADVERSARIAL_MED_WITH_HIGH_LOW_COUNT,CHALLENGE_SYNTHETIC,0.0,0.0,1.0,0.0,0.0,0.0,0.0,0.0,0.0,0.0,1.0,0.0,1.0,0.0,0.0,0,0,0,4,MEDIUM
challenge-0121,chal-smtp-00483,CHALLENGE_BOUNDARY_MED_HIGH_ISOLATED_WEAK_KEY-0483,CHALLENGE_BOUNDARY_MED_HIGH_ISOLATED_WEAK_KEY,CHALLENGE_SYNTHETIC,0.0,1.0,0.0,0.0,0.0,0.0,0.0,1.0,0.0,0.0,1.0,0.0,1.0,0.0,0.0,0,1,0,1,HIGH
challenge-0122,chal-smtp-00484,CHALLENGE_BOUNDARY_HIGH_CRIT_ZERO_CRIT_PLAINTEXT-0484,CHALLENGE_BOUNDARY_HIGH_CRIT_ZERO_CRIT_PLAINTEXT,CHALLENGE_SYNTHETIC,1.0,0.0,0.0,,,,,,0.0,0.0,,,1.0,0.0,0.0,0,2,1,1,CRITICAL
challenge-0122,chal-pop3-00485,CHALLENGE_PARTIAL_CAPTURE_UNOBSERVED_CERT_POP3-0485,CHALLENGE_PARTIAL_CAPTURE_UNOBSERVED_CERT_POP3,CHALLENGE_SYNTHETIC,0.0,1.0,0.0,0.0,0.0,,,,0.0,0.0,1.0,,0.0,0.0,1.0,0,0,1,1,MEDIUM
challenge-0122,chal-pop3-00486,CHALLENGE_PARTIAL_CAPTURE_IMPLICIT_HIGH_NAN_CLEAN-0486,CHALLENGE_PARTIAL_CAPTURE_IMPLICIT_HIGH_NAN_CLEAN,CHALLENGE_SYNTHETIC,0.0,0.0,1.0,0.0,0.0,,,,0.0,0.0,1.0,,0.0,0.0,1.0,0,0,1,1,MEDIUM
challenge-0122,chal-pop3-00487,CHALLENGE_RARE_POP3_STARTTLS_LEGACY_CIPHER-0487,CHALLENGE_RARE_POP3_STARTTLS_LEGACY_CIPHER,CHALLENGE_SYNTHETIC,0.0,1.0,0.0,1.0,1.0,0.0,0.0,0.0,0.0,0.0,1.0,0.0,0.0,0.0,1.0,0,2,1,0,HIGH
challenge-0123,chal-imap-00488,CHALLENGE_RARE_IMAP_DEPRECATED_TLS_WITH_PFS-0488,CHALLENGE_RARE_IMAP_DEPRECATED_TLS_WITH_PFS,CHALLENGE_SYNTHETIC,0.0,0.0,1.0,1.0,0.0,0.0,0.0,0.0,0.0,0.0,0.0,0.0,0.0,1.0,0.0,0,0,0,0,HIGH
challenge-0123,chal-smtp-00489,CHALLENGE_RARE_SMTP_WEAK_CIPHER_WITH_CLEAN_CERT-0489,CHALLENGE_RARE_SMTP_WEAK_CIPHER_WITH_CLEAN_CERT,CHALLENGE_SYNTHETIC,0.0,1.0,0.0,0.0,1.0,0.0,0.0,0.0,0.0,0.0,1.0,0.0,1.0,0.0,0.0,0,0,0,1,HIGH
challenge-0123,chal-pop3-00490,CHALLENGE_RARE_NOT_YET_VALID_CERT_ISOLATED-0490,CHALLENGE_RARE_NOT_YET_VALID_CERT_ISOLATED,CHALLENGE_SYNTHETIC,0.0,0.0,1.0,0.0,0.0,0.0,1.0,0.0,0.0,0.0,0.0,0.0,0.0,0.0,1.0,0,1,0,0,HIGH
challenge-0123,chal-imap-00491,CHALLENGE_ADVERSARIAL_MULTIPLE_HIGH_NO_CRIT_LABEL-0491,CHALLENGE_ADVERSARIAL_MULTIPLE_HIGH_NO_CRIT_LABEL,CHALLENGE_SYNTHETIC,0.0,0.0,1.0,1.0,0.0,0.0,0.0,0.0,0.0,0.0,0.0,0.0,0.0,1.0,0.0,0,2,1,2,HIGH
challenge-0124,chal-pop3-00492,CHALLENGE_ADVERSARIAL_CRITICAL_WITH_ZERO_FINDINGS-0492,CHALLENGE_ADVERSARIAL_CRITICAL_WITH_ZERO_FINDINGS,CHALLENGE_SYNTHETIC,1.0,0.0,0.0,,,,,,0.0,0.0,,,0.0,0.0,1.0,0,0,0,0,CRITICAL
challenge-0124,chal-smtp-00493,CHALLENGE_ADVERSARIAL_HIGH_WITH_ZERO_HIGH_COUNT-0493,CHALLENGE_ADVERSARIAL_HIGH_WITH_ZERO_HIGH_COUNT,CHALLENGE_SYNTHETIC,0.0,0.0,1.0,1.0,0.0,0.0,0.0,0.0,0.0,0.0,0.0,0.0,1.0,0.0,0.0,0,0,1,0,HIGH
challenge-0124,chal-pop3-00494,CHALLENGE_ADVERSARIAL_MED_WITH_HIGH_LOW_COUNT-0494,CHALLENGE_ADVERSARIAL_MED_WITH_HIGH_LOW_COUNT,CHALLENGE_SYNTHETIC,0.0,1.0,0.0,0.0,0.0,0.0,0.0,0.0,0.0,0.0,1.0,0.0,0.0,0.0,1.0,0,0,0,3,MEDIUM
challenge-0124,chal-pop3-00495,CHALLENGE_BOUNDARY_LOW_MED_MIN_FINDINGS-0495,CHALLENGE_BOUNDARY_LOW_MED_MIN_FINDINGS,CHALLENGE_SYNTHETIC,0.0,1.0,0.0,0.0,0.0,0.0,0.0,0.0,0.0,0.0,0.0,1.0,0.0,0.0,1.0,0,0,1,3,MEDIUM
challenge-0125,chal-pop3-00496,CHALLENGE_PARTIAL_CAPTURE_UNOBSERVED_CERT_POP3-0496,CHALLENGE_PARTIAL_CAPTURE_UNOBSERVED_CERT_POP3,CHALLENGE_SYNTHETIC,0.0,1.0,0.0,0.0,0.0,,,,0.0,0.0,1.0,,0.0,0.0,1.0,0,0,1,0,MEDIUM
challenge-0125,chal-pop3-00497,CHALLENGE_RARE_POP3_STARTTLS_LEGACY_CIPHER-0497,CHALLENGE_RARE_POP3_STARTTLS_LEGACY_CIPHER,CHALLENGE_SYNTHETIC,0.0,1.0,0.0,1.0,1.0,0.0,0.0,0.0,0.0,0.0,1.0,0.0,0.0,0.0,1.0,0,3,2,0,HIGH
challenge-0125,chal-imap-00498,CHALLENGE_RARE_IMAP_DEPRECATED_TLS_WITH_PFS-0498,CHALLENGE_RARE_IMAP_DEPRECATED_TLS_WITH_PFS,CHALLENGE_SYNTHETIC,0.0,1.0,0.0,1.0,0.0,0.0,0.0,0.0,0.0,0.0,0.0,0.0,0.0,1.0,0.0,0,1,1,0,HIGH
challenge-0125,chal-smtp-00499,CHALLENGE_RARE_NOT_YET_VALID_CERT_ISOLATED-0499,CHALLENGE_RARE_NOT_YET_VALID_CERT_ISOLATED,CHALLENGE_SYNTHETIC,0.0,0.0,1.0,0.0,0.0,0.0,1.0,0.0,0.0,0.0,0.0,0.0,1.0,0.0,0.0,0,1,1,0,HIGH
challenge-0126,chal-pop3-00500,CHALLENGE_ADVERSARIAL_MULTIPLE_HIGH_NO_CRIT_LABEL-0500,CHALLENGE_ADVERSARIAL_MULTIPLE_HIGH_NO_CRIT_LABEL,CHALLENGE_SYNTHETIC,0.0,0.0,1.0,1.0,0.0,0.0,0.0,0.0,0.0,0.0,0.0,0.0,0.0,0.0,1.0,0,2,1,1,HIGH
