analysis_id,session_id,scenario_id,scenario_family,data_source,capture_scenario,risk_label,encryption_plaintext,encryption_starttls,encryption_implicit,deprecated_tls,weak_cipher,expired_cert,not_yet_valid_cert,weak_key,auth_before_tls,tls_upgrade_failed,pfs_missing,self_signed,protocol_smtp,protocol_imap,protocol_pop3,critical_count,high_count,medium_count,low_count,tls_handshake_observed,certificate_observed,starttls_command_observed,authentication_observed,session_truncated,asymmetric_capture
ANALYSIS_PARTIAL_FULL_SESSION_0000,partial_full_session_0000,ANALYSIS_PARTIAL_FULL_SESSION_0000_partial_full_session_0000,PARTIAL_CAPTURE_FULL_SESSION,PARTIAL_CAPTURE_CHALLENGE,FULL_SESSION,CRITICAL,0.0,0.0,1.0,1.0,1.0,1.0,0.0,0.0,0.0,0.0,0.0,0.0,1.0,0.0,0.0,0.0,2.0,0.0,0.0,1.0,1.0,0.0,1.0,0.0,0.0
ANALYSIS_PARTIAL_FULL_SESSION_0001,partial_full_session_0001,ANALYSIS_PARTIAL_FULL_SESSION_0001_partial_full_session_0001,PARTIAL_CAPTURE_FULL_SESSION,PARTIAL_CAPTURE_CHALLENGE,FULL_SESSION,MEDIUM,0.0,0.0,1.0,0.0,0.0,0.0,0.0,0.0,0.0,0.0,0.0,1.0,0.0,1.0,0.0,0.0,0.0,1.0,0.0,1.0,1.0,0.0,1.0,0.0,0.0
ANALYSIS_PARTIAL_FULL_SESSION_0002,partial_full_session_0002,ANALYSIS_PARTIAL_FULL_SESSION_0002_partial_full_session_0002,PARTIAL_CAPTURE_FULL_SESSION,PARTIAL_CAPTURE_CHALLENGE,FULL_SESSION,CRITICAL,1.0,0.0,0.0,,,,,,0.0,0.0,,,0.0,0.0,1.0,0.0,0.0,0.0,0.0,0.0,0.0,0.0,1.0,0.0,0.0
ANALYSIS_PARTIAL_FULL_SESSION_0003,partial_full_session_0003,ANALYSIS_PARTIAL_FULL_SESSION_0003_partial_full_session_0003,PARTIAL_CAPTURE_FULL_SESSION,PARTIAL_CAPTURE_CHALLENGE,FULL_SESSION,HIGH,0.0,1.0,0.0,0.0,1.0,0.0,0.0,0.0,0.0,0.0,0.0,0.0,1.0,0.0,0.0,0.0,1.0,0.0,0.0,1.0,1.0,1.0,1.0,0.0,0.0
ANALYSIS_PARTIAL_FULL_SESSION_0004,partial_full_session_0004,ANALYSIS_PARTIAL_FULL_SESSION_0004_partial_full_session_0004,PARTIAL_CAPTURE_FULL_SESSION,PARTIAL_CAPTURE_CHALLENGE,FULL_SESSION,MEDIUM,0.0,0.0,1.0,0.0,0.0,0.0,0.0,0.0,0.0,0.0,0.0,1.0,0.0,1.0,0.0,0.0,0.0,1.0,0.0,1.0,1.0,0.0,1.0,0.0,0.0
ANALYSIS_PARTIAL_FULL_SESSION_0005,partial_full_session_0005,ANALYSIS_PARTIAL_FULL_SESSION_0005_partial_full_session_0005,PARTIAL_CAPTURE_FULL_SESSION,PARTIAL_CAPTURE_CHALLENGE,FULL_SESSION,HIGH,0.0,0.0,1.0,0.0,0.0,1.0,0.0,0.0,0.0,0.0,0.0,0.0,0.0,0.0,1.0,0.0,1.0,0.0,0.0,1.0,1.0,0.0,1.0,0.0,0.0
ANALYSIS_PARTIAL_FULL_SESSION_0006,partial_full_session_0006,ANALYSIS_PARTIAL_FULL_SESSION_0006_partial_full_session_0006,PARTIAL_CAPTURE_FULL_SESSION,PARTIAL_CAPTURE_CHALLENGE,FULL_SESSION,HIGH,0.0,1.0,0.0,0.0,0.0,1.0,0.0,0.0,0.0,0.0,0.0,0.0,1.0,0.0,0.0,0.0,1.0,0.0,0.0,1.0,1.0,1.0,1.0,0.0,0.0
ANALYSIS_PARTIAL_FULL_SESSION_0007,partial_full_session_0007,ANALYSIS_PARTIAL_FULL_SESSION_0007_partial_full_session_0007,PARTIAL_CAPTURE_FULL_SESSION,PARTIAL_CAPTURE_CHALLENGE,FULL_SESSION,HIGH,0.0,1.0,0.0,0.0,0.0,0.0,0.0,1.0,0.0,0.0,0.0,0.0,0.0,1.0,0.0,0.0,1.0,0.0,0.0,1.0,1.0,1.0,1.0,0.0,0.0
ANALYSIS_PARTIAL_FULL_SESSION_0008,partial_full_session_0008,ANALYSIS_PARTIAL_FULL_SESSION_0008_partial_full_session_0008,PARTIAL_CAPTURE_FULL_SESSION,PARTIAL_CAPTURE_CHALLENGE,FULL_SESSION,HIGH,0.0,0.0,1.0,0.0,1.0,0.0,0.0,0.0,0.0,0.0,0.0,0.0,0.0,0.0,1.0,0.0,1.0,0.0,0.0,1.0,1.0,0.0,1.0,0.0,0.0
ANALYSIS_PARTIAL_FULL_SESSION_0009,partial_full_session_0009,ANALYSIS_PARTIAL_FULL_SESSION_0009_partial_full_session_0009,PARTIAL_CAPTURE_FULL_SESSION,PARTIAL_CAPTURE_CHALLENGE,FULL_SESSION,CRITICAL,0.0,1.0,0.0,1.0,1.0,1.0,0.0,0.0,0.0,0.0,0.0,0.0,1.0,0.0,0.0,0.0,2.0,0.0,0.0,1.0,1.0,1.0,1.0,0.0,0.0
ANALYSIS_PARTIAL_FULL_SESSION_0010,partial_full_session_0010,ANALYSIS_PARTIAL_FULL_SESSION_0010_partial_full_session_0010,PARTIAL_CAPTURE_FULL_SESSION,PARTIAL_CAPTURE_CHALLENGE,FULL_SESSION,LOW,0.0,1.0,0.0,0.0,0.0,0.0,0.0,0.0,0.0,0.0,0.0,0.0,0.0,1.0,0.0,0.0,0.0,0.0,0.0,1.0,1.0,1.0,1.0,0.0,0.0
ANALYSIS_PARTIAL_FULL_SESSION_0011,partial_full_session_0011,ANALYSIS_PARTIAL_FULL_SESSION_0011_partial_full_session_0011,PARTIAL_CAPTURE_FULL_SESSION,PARTIAL_CAPTURE_CHALLENGE,FULL_SESSION,HIGH,0.0,1.0,0.0,0.0,0.0,1.0,0.0,0.0,0.0,0.0,0.0,0.0,0.0,0.0,1.0,0.0,1.0,0.0,0.0,1.0,1.0,1.0,1.0,0.0,0.0
ANALYSIS_PARTIAL_FULL_SESSION_0012,partial_full_session_0012,ANALYSIS_PARTIAL_FULL_SESSION_0012_partial_full_session_0012,PARTIAL_CAPTURE_FULL_SESSION,PARTIAL_CAPTURE_CHALLENGE,FULL_SESSION,CRITICAL,1.0,0.0,0.0,,,,,,1.0,0.0,,,1.0,0.0,0.0,0.0,0.0,0.0,0.0,0.0,0.0,0.0,1.0,0.0,0.0
ANALYSIS_PARTIAL_FULL_SESSION_0013,partial_full_session_0013,ANALYSIS_PARTIAL_FULL_SESSION_0013_partial_full_session_0013,PARTIAL_CAPTURE_FULL_SESSION,PARTIAL_CAPTURE_CHALLENGE,FULL_SESSION,MEDIUM,0.0,0.0,1.0,0.0,0.0,0.0,0.0,0.0,0.0,0.0,1.0,0.0,0.0,1.0,0.0,0.0,0.0,1.0,0.0,1.0,1.0,0.0,1.0,0.0,0.0
ANALYSIS_PARTIAL_FULL_SESSION_0014,partial_full_session_0014,ANALYSIS_PARTIAL_FULL_SESSION_0014_partial_full_session_0014,PARTIAL_CAPTURE_FULL_SESSION,PARTIAL_CAPTURE_CHALLENGE,FULL_SESSION,HIGH,0.0,0.0,1.0,1.0,0.0,0.0,0.0,0.0,0.0,0.0,1.0,0.0,0.0,0.0,1.0,0.0,1.0,0.0,0.0,1.0,1.0,0.0,1.0,0.0,0.0
ANALYSIS_PARTIAL_FULL_SESSION_0015,partial_full_session_0015,ANALYSIS_PARTIAL_FULL_SESSION_0015_partial_full_session_0015,PARTIAL_CAPTURE_FULL_SESSION,PARTIAL_CAPTURE_CHALLENGE,FULL_SESSION,LOW,0.0,0.0,1.0,0.0,0.0,0.0,0.0,0.0,0.0,0.0,0.0,0.0,1.0,0.0,0.0,0.0,0.0,0.0,1.0,1.0,1.0,0.0,1.0,0.0,0.0
ANALYSIS_PARTIAL_FULL_SESSION_0016,partial_full_session_0016,ANALYSIS_PARTIAL_FULL_SESSION_0016_partial_full_session_0016,PARTIAL_CAPTURE_FULL_SESSION,PARTIAL_CAPTURE_CHALLENGE,FULL_SESSION,HIGH,0.0,0.0,1.0,1.0,0.0,0.0,0.0,0.0,0.0,0.0,1.0,0.0,0.0,1.0,0.0,0.0,1.0,0.0,0.0,1.0,1.0,0.0,1.0,0.0,0.0
ANALYSIS_PARTIAL_FULL_SESSION_0017,partial_full_session_0017,ANALYSIS_PARTIAL_FULL_SESSION_0017_partial_full_session_0017,PARTIAL_CAPTURE_FULL_SESSION,PARTIAL_CAPTURE_CHALLENGE,FULL_SESSION,CRITICAL,1.0,0.0,0.0,,,,,,1.0,0.0,,,0.0,0.0,1.0,0.0,0.0,0.0,0.0,0.0,0.0,0.0,1.0,0.0,0.0
ANALYSIS_PARTIAL_FULL_SESSION_0018,partial_full_session_0018,ANALYSIS_PARTIAL_FULL_SESSION_0018_partial_full_session_0018,PARTIAL_CAPTURE_FULL_SESSION,PARTIAL_CAPTURE_CHALLENGE,FULL_SESSION,LOW,0.0,0.0,1.0,0.0,0.0,0.0,0.0,0.0,0.0,0.0,0.0,0.0,1.0,0.0,0.0,0.0,0.0,0.0,1.0,1.0,1.0,0.0,1.0,0.0,0.0
ANALYSIS_PARTIAL_FULL_SESSION_0019,partial_full_session_0019,ANALYSIS_PARTIAL_FULL_SESSION_0019_partial_full_session_0019,PARTIAL_CAPTURE_FULL_SESSION,PARTIAL_CAPTURE_CHALLENGE,FULL_SESSION,MEDIUM,0.0,0.0,1.0,0.0,0.0,0.0,0.0,0.0,0.0,0.0,0.0,1.0,0.0,1.0,0.0,0.0,0.0,1.0,0.0,1.0,1.0,0.0,1.0,0.0,0.0
ANALYSIS_PARTIAL_FULL_SESSION_0020,partial_full_session_0020,ANALYSIS_PARTIAL_FULL_SESSION_0020_partial_full_session_0020,PARTIAL_CAPTURE_FULL_SESSION,PARTIAL_CAPTURE_CHALLENGE,FULL_SESSION,CRITICAL,0.0,0.0,1.0,1.0,1.0,1.0,0.0,0.0,0.0,0.0,0.0,0.0,0.0,0.0,1.0,0.0,2.0,0.0,0.0,1.0,1.0,0.0,1.0,0.0,0.0
ANALYSIS_PARTIAL_FULL_SESSION_0021,partial_full_session_0021,ANALYSIS_PARTIAL_FULL_SESSION_0021_partial_full_session_0021,PARTIAL_CAPTURE_FULL_SESSION,PARTIAL_CAPTURE_CHALLENGE,FULL_SESSION,LOW,0.0,0.0,1.0,0.0,0.0,0.0,0.0,0.0,0.0,0.0,0.0,0.0,1.0,0.0,0.0,0.0,0.0,0.0,0.0,1.0,1.0,0.0,1.0,0.0,0.0
ANALYSIS_PARTIAL_FULL_SESSION_0022,partial_full_session_0022,ANALYSIS_PARTIAL_FULL_SESSION_0022_partial_full_session_0022,PARTIAL_CAPTURE_FULL_SESSION,PARTIAL_CAPTURE_CHALLENGE,FULL_SESSION,CRITICAL,0.0,1.0,0.0,1.0,1.0,1.0,0.0,0.0,0.0,0.0,0.0,0.0,0.0,1.0,0.0,0.0,2.0,0.0,0.0,1.0,1.0,1.0,1.0,0.0,0.0
ANALYSIS_PARTIAL_FULL_SESSION_0023,partial_full_session_0023,ANALYSIS_PARTIAL_FULL_SESSION_0023_partial_full_session_0023,PARTIAL_CAPTURE_FULL_SESSION,PARTIAL_CAPTURE_CHALLENGE,FULL_SESSION,CRITICAL,0.0,0.0,1.0,1.0,1.0,1.0,0.0,0.0,0.0,0.0,0.0,0.0,0.0,0.0,1.0,0.0,2.0,0.0,0.0,1.0,1.0,0.0,1.0,0.0,0.0
ANALYSIS_PARTIAL_FULL_SESSION_0024,partial_full_session_0024,ANALYSIS_PARTIAL_FULL_SESSION_0024_partial_full_session_0024,PARTIAL_CAPTURE_FULL_SESSION,PARTIAL_CAPTURE_CHALLENGE,FULL_SESSION,HIGH,0.0,0.0,1.0,0.0,1.0,0.0,0.0,0.0,0.0,0.0,0.0,0.0,1.0,0.0,0.0,0.0,1.0,0.0,0.0,1.0,1.0,0.0,1.0,0.0,0.0
ANALYSIS_PARTIAL_FULL_SESSION_0025,partial_full_session_0025,ANALYSIS_PARTIAL_FULL_SESSION_0025_partial_full_session_0025,PARTIAL_CAPTURE_FULL_SESSION,PARTIAL_CAPTURE_CHALLENGE,FULL_SESSION,HIGH,0.0,0.0,1.0,0.0,0.0,1.0,0.0,0.0,0.0,0.0,0.0,0.0,0.0,1.0,0.0,0.0,1.0,0.0,0.0,1.0,1.0,0.0,1.0,0.0,0.0
ANALYSIS_PARTIAL_FULL_SESSION_0026,partial_full_session_0026,ANALYSIS_PARTIAL_FULL_SESSION_0026_partial_full_session_0026,PARTIAL_CAPTURE_FULL_SESSION,PARTIAL_CAPTURE_CHALLENGE,FULL_SESSION,HIGH,0.0,0.0,1.0,1.0,0.0,0.0,0.0,0.0,0.0,0.0,0.0,0.0,0.0,0.0,1.0,0.0,1.0,0.0,0.0,1.0,1.0,0.0,1.0,0.0,0.0
ANALYSIS_PARTIAL_FULL_SESSION_0027,partial_full_session_0027,ANALYSIS_PARTIAL_FULL_SESSION_0027_partial_full_session_0027,PARTIAL_CAPTURE_FULL_SESSION,PARTIAL_CAPTURE_CHALLENGE,FULL_SESSION,HIGH,0.0,1.0,0.0,1.0,0.0,0.0,0.0,0.0,0.0,0.0,1.0,0.0,1.0,0.0,0.0,0.0,1.0,0.0,0.0,1.0,1.0,1.0,1.0,0.0,0.0
ANALYSIS_PARTIAL_FULL_SESSION_0028,partial_full_session_0028,ANALYSIS_PARTIAL_FULL_SESSION_0028_partial_full_session_0028,PARTIAL_CAPTURE_FULL_SESSION,PARTIAL_CAPTURE_CHALLENGE,FULL_SESSION,CRITICAL,0.0,0.0,1.0,1.0,1.0,1.0,0.0,0.0,0.0,0.0,0.0,0.0,0.0,1.0,0.0,0.0,2.0,0.0,0.0,1.0,1.0,0.0,1.0,0.0,0.0
ANALYSIS_PARTIAL_FULL_SESSION_0029,partial_full_session_0029,ANALYSIS_PARTIAL_FULL_SESSION_0029_partial_full_session_0029,PARTIAL_CAPTURE_FULL_SESSION,PARTIAL_CAPTURE_CHALLENGE,FULL_SESSION,CRITICAL,1.0,0.0,0.0,,,,,,0.0,0.0,,,0.0,0.0,1.0,0.0,0.0,0.0,0.0,0.0,0.0,0.0,1.0,0.0,0.0
ANALYSIS_PARTIAL_FULL_SESSION_0030,partial_full_session_0030,ANALYSIS_PARTIAL_FULL_SESSION_0030_partial_full_session_0030,PARTIAL_CAPTURE_FULL_SESSION,PARTIAL_CAPTURE_CHALLENGE,FULL_SESSION,HIGH,0.0,1.0,0.0,0.0,0.0,0.0,0.0,1.0,0.0,0.0,0.0,0.0,1.0,0.0,0.0,0.0,1.0,0.0,0.0,1.0,1.0,1.0,1.0,0.0,0.0
ANALYSIS_PARTIAL_FULL_SESSION_0031,partial_full_session_0031,ANALYSIS_PARTIAL_FULL_SESSION_0031_partial_full_session_0031,PARTIAL_CAPTURE_FULL_SESSION,PARTIAL_CAPTURE_CHALLENGE,FULL_SESSION,CRITICAL,0.0,0.0,1.0,1.0,1.0,1.0,0.0,0.0,0.0,0.0,0.0,0.0,0.0,1.0,0.0,0.0,2.0,0.0,0.0,1.0,1.0,0.0,1.0,0.0,0.0
ANALYSIS_PARTIAL_FULL_SESSION_0032,partial_full_session_0032,ANALYSIS_PARTIAL_FULL_SESSION_0032_partial_full_session_0032,PARTIAL_CAPTURE_FULL_SESSION,PARTIAL_CAPTURE_CHALLENGE,FULL_SESSION,LOW,0.0,1.0,0.0,0.0,0.0,0.0,0.0,0.0,0.0,0.0,0.0,0.0,0.0,0.0,1.0,0.0,0.0,0.0,1.0,1.0,1.0,1.0,1.0,0.0,0.0
ANALYSIS_PARTIAL_FULL_SESSION_0033,partial_full_session_0033,ANALYSIS_PARTIAL_FULL_SESSION_0033_partial_full_session_0033,PARTIAL_CAPTURE_FULL_SESSION,PARTIAL_CAPTURE_CHALLENGE,FULL_SESSION,HIGH,0.0,1.0,0.0,0.0,1.0,0.0,0.0,0.0,0.0,0.0,0.0,0.0,1.0,0.0,0.0,0.0,1.0,0.0,0.0,1.0,1.0,1.0,1.0,0.0,0.0
ANALYSIS_PARTIAL_FULL_SESSION_0034,partial_full_session_0034,ANALYSIS_PARTIAL_FULL_SESSION_0034_partial_full_session_0034,PARTIAL_CAPTURE_FULL_SESSION,PARTIAL_CAPTURE_CHALLENGE,FULL_SESSION,HIGH,0.0,1.0,0.0,0.0,0.0,0.0,0.0,1.0,0.0,0.0,0.0,0.0,0.0,1.0,0.0,0.0,1.0,0.0,0.0,1.0,1.0,1.0,1.0,0.0,0.0
ANALYSIS_PARTIAL_FULL_SESSION_0035,partial_full_session_0035,ANALYSIS_PARTIAL_FULL_SESSION_0035_partial_full_session_0035,PARTIAL_CAPTURE_FULL_SESSION,PARTIAL_CAPTURE_CHALLENGE,FULL_SESSION,CRITICAL,1.0,0.0,0.0,,,,,,1.0,0.0,,,0.0,0.0,1.0,0.0,0.0,0.0,0.0,0.0,0.0,0.0,1.0,0.0,0.0
ANALYSIS_PARTIAL_FULL_SESSION_0036,partial_full_session_0036,ANALYSIS_PARTIAL_FULL_SESSION_0036_partial_full_session_0036,PARTIAL_CAPTURE_FULL_SESSION,PARTIAL_CAPTURE_CHALLENGE,FULL_SESSION,LOW,0.0,0.0,1.0,0.0,0.0,0.0,0.0,0.0,0.0,0.0,0.0,0.0,1.0,0.0,0.0,0.0,0.0,0.0,1.0,1.0,1.0,0.0,1.0,0.0,0.0
ANALYSIS_PARTIAL_FULL_SESSION_0037,partial_full_session_0037,ANALYSIS_PARTIAL_FULL_SESSION_0037_partial_full_session_0037,PARTIAL_CAPTURE_FULL_SESSION,PARTIAL_CAPTURE_CHALLENGE,FULL_SESSION,LOW,0.0,1.0,0.0,0.0,0.0,0.0,0.0,0.0,0.0,0.0,0.0,0.0,0.0,1.0,0.0,0.0,0.0,0.0,0.0,1.0,1.0,1.0,1.0,0.0,0.0
ANALYSIS_PARTIAL_FULL_SESSION_0038,partial_full_session_0038,ANALYSIS_PARTIAL_FULL_SESSION_0038_partial_full_session_0038,PARTIAL_CAPTURE_FULL_SESSION,PARTIAL_CAPTURE_CHALLENGE,FULL_SESSION,HIGH,0.0,0.0,1.0,1.0,0.0,0.0,0.0,0.0,0.0,0.0,1.0,0.0,0.0,0.0,1.0,0.0,1.0,0.0,0.0,1.0,1.0,0.0,1.0,0.0,0.0
ANALYSIS_PARTIAL_FULL_SESSION_0039,partial_full_session_0039,ANALYSIS_PARTIAL_FULL_SESSION_0039_partial_full_session_0039,PARTIAL_CAPTURE_FULL_SESSION,PARTIAL_CAPTURE_CHALLENGE,FULL_SESSION,CRITICAL,0.0,1.0,0.0,1.0,1.0,1.0,0.0,0.0,0.0,0.0,0.0,0.0,1.0,0.0,0.0,0.0,2.0,0.0,0.0,1.0,1.0,1.0,1.0,0.0,0.0
ANALYSIS_PARTIAL_FULL_SESSION_0040,partial_full_session_0040,ANALYSIS_PARTIAL_FULL_SESSION_0040_partial_full_session_0040,PARTIAL_CAPTURE_FULL_SESSION,PARTIAL_CAPTURE_CHALLENGE,FULL_SESSION,MEDIUM,0.0,0.0,1.0,0.0,0.0,0.0,0.0,0.0,0.0,0.0,0.0,1.0,0.0,1.0,0.0,0.0,0.0,1.0,0.0,1.0,1.0,0.0,1.0,0.0,0.0
ANALYSIS_PARTIAL_FULL_SESSION_0041,partial_full_session_0041,ANALYSIS_PARTIAL_FULL_SESSION_0041_partial_full_session_0041,PARTIAL_CAPTURE_FULL_SESSION,PARTIAL_CAPTURE_CHALLENGE,FULL_SESSION,HIGH,0.0,1.0,0.0,0.0,0.0,1.0,0.0,0.0,0.0,0.0,0.0,0.0,0.0,0.0,1.0,0.0,1.0,0.0,0.0,1.0,1.0,1.0,1.0,0.0,0.0
ANALYSIS_PARTIAL_FULL_SESSION_0042,partial_full_session_0042,ANALYSIS_PARTIAL_FULL_SESSION_0042_partial_full_session_0042,PARTIAL_CAPTURE_FULL_SESSION,PARTIAL_CAPTURE_CHALLENGE,FULL_SESSION,LOW,0.0,0.0,1.0,0.0,0.0,0.0,0.0,0.0,0.0,0.0,0.0,0.0,1.0,0.0,0.0,0.0,0.0,0.0,0.0,1.0,1.0,0.0,1.0,0.0,0.0
ANALYSIS_PARTIAL_FULL_SESSION_0043,partial_full_session_0043,ANALYSIS_PARTIAL_FULL_SESSION_0043_partial_full_session_0043,PARTIAL_CAPTURE_FULL_SESSION,PARTIAL_CAPTURE_CHALLENGE,FULL_SESSION,CRITICAL,0.0,0.0,1.0,1.0,1.0,1.0,0.0,0.0,0.0,0.0,0.0,0.0,0.0,1.0,0.0,0.0,2.0,0.0,0.0,1.0,1.0,0.0,1.0,0.0,0.0
ANALYSIS_PARTIAL_FULL_SESSION_0044,partial_full_session_0044,ANALYSIS_PARTIAL_FULL_SESSION_0044_partial_full_session_0044,PARTIAL_CAPTURE_FULL_SESSION,PARTIAL_CAPTURE_CHALLENGE,FULL_SESSION,CRITICAL,0.0,0.0,1.0,1.0,1.0,1.0,0.0,0.0,0.0,0.0,0.0,0.0,0.0,0.0,1.0,0.0,2.0,0.0,0.0,1.0,1.0,0.0,1.0,0.0,0.0
ANALYSIS_PARTIAL_FULL_SESSION_0045,partial_full_session_0045,ANALYSIS_PARTIAL_FULL_SESSION_0045_partial_full_session_0045,PARTIAL_CAPTURE_FULL_SESSION,PARTIAL_CAPTURE_CHALLENGE,FULL_SESSION,LOW,0.0,0.0,1.0,0.0,0.0,0.0,0.0,0.0,0.0,0.0,0.0,0.0,1.0,0.0,0.0,0.0,0.0,0.0,0.0,1.0,1.0,0.0,1.0,0.0,0.0
ANALYSIS_PARTIAL_FULL_SESSION_0046,partial_full_session_0046,ANALYSIS_PARTIAL_FULL_SESSION_0046_partial_full_session_0046,PARTIAL_CAPTURE_FULL_SESSION,PARTIAL_CAPTURE_CHALLENGE,FULL_SESSION,HIGH,0.0,0.0,1.0,0.0,1.0,0.0,0.0,0.0,0.0,0.0,0.0,0.0,0.0,1.0,0.0,0.0,1.0,0.0,0.0,1.0,1.0,0.0,1.0,0.0,0.0
ANALYSIS_PARTIAL_FULL_SESSION_0047,partial_full_session_0047,ANALYSIS_PARTIAL_FULL_SESSION_0047_partial_full_session_0047,PARTIAL_CAPTURE_FULL_SESSION,PARTIAL_CAPTURE_CHALLENGE,FULL_SESSION,HIGH,0.0,1.0,0.0,0.0,1.0,0.0,0.0,0.0,0.0,0.0,0.0,0.0,0.0,0.0,1.0,0.0,1.0,0.0,0.0,1.0,1.0,1.0,1.0,0.0,0.0
ANALYSIS_PARTIAL_FULL_SESSION_0048,partial_full_session_0048,ANALYSIS_PARTIAL_FULL_SESSION_0048_partial_full_session_0048,PARTIAL_CAPTURE_FULL_SESSION,PARTIAL_CAPTURE_CHALLENGE,FULL_SESSION,LOW,0.0,0.0,1.0,0.0,0.0,0.0,0.0,0.0,0.0,0.0,0.0,0.0,1.0,0.0,0.0,0.0,0.0,0.0,0.0,1.0,1.0,0.0,1.0,0.0,0.0
ANALYSIS_PARTIAL_FULL_SESSION_0049,partial_full_session_0049,ANALYSIS_PARTIAL_FULL_SESSION_0049_partial_full_session_0049,PARTIAL_CAPTURE_FULL_SESSION,PARTIAL_CAPTURE_CHALLENGE,FULL_SESSION,MEDIUM,0.0,0.0,1.0,0.0,0.0,0.0,0.0,0.0,0.0,0.0,0.0,1.0,0.0,1.0,0.0,0.0,0.0,1.0,0.0,1.0,1.0,0.0,1.0,0.0,0.0
ANALYSIS_PARTIAL_FULL_SESSION_0050,partial_full_session_0050,ANALYSIS_PARTIAL_FULL_SESSION_0050_partial_full_session_0050,PARTIAL_CAPTURE_FULL_SESSION,PARTIAL_CAPTURE_CHALLENGE,FULL_SESSION,LOW,0.0,1.0,0.0,0.0,0.0,0.0,0.0,0.0,0.0,0.0,0.0,0.0,0.0,0.0,1.0,0.0,0.0,0.0,1.0,1.0,1.0,1.0,1.0,0.0,0.0
ANALYSIS_PARTIAL_FULL_SESSION_0051,partial_full_session_0051,ANALYSIS_PARTIAL_FULL_SESSION_0051_partial_full_session_0051,PARTIAL_CAPTURE_FULL_SESSION,PARTIAL_CAPTURE_CHALLENGE,FULL_SESSION,LOW,0.0,0.0,1.0,0.0,0.0,0.0,0.0,0.0,0.0,0.0,0.0,0.0,1.0,0.0,0.0,0.0,0.0,0.0,0.0,1.0,1.0,0.0,1.0,0.0,0.0
ANALYSIS_PARTIAL_FULL_SESSION_0052,partial_full_session_0052,ANALYSIS_PARTIAL_FULL_SESSION_0052_partial_full_session_0052,PARTIAL_CAPTURE_FULL_SESSION,PARTIAL_CAPTURE_CHALLENGE,FULL_SESSION,MEDIUM,0.0,0.0,1.0,0.0,0.0,0.0,0.0,0.0,0.0,0.0,1.0,0.0,0.0,1.0,0.0,0.0,0.0,0.0,1.0,1.0,1.0,0.0,1.0,0.0,0.0
ANALYSIS_PARTIAL_FULL_SESSION_0053,partial_full_session_0053,ANALYSIS_PARTIAL_FULL_SESSION_0053_partial_full_session_0053,PARTIAL_CAPTURE_FULL_SESSION,PARTIAL_CAPTURE_CHALLENGE,FULL_SESSION,HIGH,0.0,1.0,0.0,0.0,0.0,1.0,0.0,0.0,0.0,0.0,0.0,0.0,0.0,0.0,1.0,0.0,1.0,0.0,0.0,1.0,1.0,1.0,1.0,0.0,0.0
ANALYSIS_PARTIAL_FULL_SESSION_0054,partial_full_session_0054,ANALYSIS_PARTIAL_FULL_SESSION_0054_partial_full_session_0054,PARTIAL_CAPTURE_FULL_SESSION,PARTIAL_CAPTURE_CHALLENGE,FULL_SESSION,CRITICAL,0.0,1.0,0.0,1.0,1.0,1.0,0.0,0.0,0.0,0.0,0.0,0.0,1.0,0.0,0.0,0.0,2.0,0.0,0.0,1.0,1.0,1.0,1.0,0.0,0.0
ANALYSIS_PARTIAL_FULL_SESSION_0055,partial_full_session_0055,ANALYSIS_PARTIAL_FULL_SESSION_0055_partial_full_session_0055,PARTIAL_CAPTURE_FULL_SESSION,PARTIAL_CAPTURE_CHALLENGE,FULL_SESSION,HIGH,0.0,1.0,0.0,0.0,0.0,0.0,0.0,1.0,0.0,0.0,0.0,0.0,0.0,1.0,0.0,0.0,1.0,0.0,0.0,1.0,1.0,1.0,1.0,0.0,0.0
ANALYSIS_PARTIAL_FULL_SESSION_0056,partial_full_session_0056,ANALYSIS_PARTIAL_FULL_SESSION_0056_partial_full_session_0056,PARTIAL_CAPTURE_FULL_SESSION,PARTIAL_CAPTURE_CHALLENGE,FULL_SESSION,CRITICAL,0.0,0.0,1.0,1.0,1.0,1.0,0.0,0.0,0.0,0.0,0.0,0.0,0.0,0.0,1.0,0.0,2.0,0.0,0.0,1.0,1.0,0.0,1.0,0.0,0.0
ANALYSIS_PARTIAL_FULL_SESSION_0057,partial_full_session_0057,ANALYSIS_PARTIAL_FULL_SESSION_0057_partial_full_session_0057,PARTIAL_CAPTURE_FULL_SESSION,PARTIAL_CAPTURE_CHALLENGE,FULL_SESSION,HIGH,0.0,1.0,0.0,0.0,0.0,0.0,0.0,1.0,0.0,0.0,0.0,0.0,1.0,0.0,0.0,0.0,1.0,0.0,0.0,1.0,1.0,1.0,1.0,0.0,0.0
ANALYSIS_PARTIAL_FULL_SESSION_0058,partial_full_session_0058,ANALYSIS_PARTIAL_FULL_SESSION_0058_partial_full_session_0058,PARTIAL_CAPTURE_FULL_SESSION,PARTIAL_CAPTURE_CHALLENGE,FULL_SESSION,CRITICAL,0.0,1.0,0.0,1.0,1.0,1.0,0.0,0.0,0.0,0.0,0.0,0.0,0.0,1.0,0.0,0.0,2.0,0.0,0.0,1.0,1.0,1.0,1.0,0.0,0.0
ANALYSIS_PARTIAL_FULL_SESSION_0059,partial_full_session_0059,ANALYSIS_PARTIAL_FULL_SESSION_0059_partial_full_session_0059,PARTIAL_CAPTURE_FULL_SESSION,PARTIAL_CAPTURE_CHALLENGE,FULL_SESSION,HIGH,0.0,1.0,0.0,0.0,0.0,1.0,0.0,0.0,0.0,0.0,0.0,0.0,0.0,0.0,1.0,0.0,1.0,0.0,0.0,1.0,1.0,1.0,1.0,0.0,0.0
ANALYSIS_PARTIAL_FULL_SESSION_0060,partial_full_session_0060,ANALYSIS_PARTIAL_FULL_SESSION_0060_partial_full_session_0060,PARTIAL_CAPTURE_FULL_SESSION,PARTIAL_CAPTURE_CHALLENGE,FULL_SESSION,LOW,0.0,0.0,1.0,0.0,0.0,0.0,0.0,0.0,0.0,0.0,0.0,0.0,1.0,0.0,0.0,0.0,0.0,0.0,0.0,1.0,1.0,0.0,1.0,0.0,0.0
ANALYSIS_PARTIAL_FULL_SESSION_0061,partial_full_session_0061,ANALYSIS_PARTIAL_FULL_SESSION_0061_partial_full_session_0061,PARTIAL_CAPTURE_FULL_SESSION,PARTIAL_CAPTURE_CHALLENGE,FULL_SESSION,MEDIUM,0.0,0.0,1.0,0.0,0.0,0.0,0.0,0.0,0.0,0.0,1.0,0.0,0.0,1.0,0.0,0.0,0.0,1.0,0.0,1.0,1.0,0.0,1.0,0.0,0.0
ANALYSIS_PARTIAL_FULL_SESSION_0062,partial_full_session_0062,ANALYSIS_PARTIAL_FULL_SESSION_0062_partial_full_session_0062,PARTIAL_CAPTURE_FULL_SESSION,PARTIAL_CAPTURE_CHALLENGE,FULL_SESSION,CRITICAL,1.0,0.0,0.0,,,,,,1.0,0.0,,,0.0,0.0,1.0,0.0,0.0,0.0,0.0,0.0,0.0,0.0,1.0,0.0,0.0
ANALYSIS_PARTIAL_FULL_SESSION_0063,partial_full_session_0063,ANALYSIS_PARTIAL_FULL_SESSION_0063_partial_full_session_0063,PARTIAL_CAPTURE_FULL_SESSION,PARTIAL_CAPTURE_CHALLENGE,FULL_SESSION,HIGH,0.0,0.0,1.0,1.0,0.0,0.0,0.0,0.0,0.0,0.0,0.0,0.0,1.0,0.0,0.0,0.0,1.0,0.0,0.0,1.0,1.0,0.0,1.0,0.0,0.0
ANALYSIS_PARTIAL_FULL_SESSION_0064,partial_full_session_0064,ANALYSIS_PARTIAL_FULL_SESSION_0064_partial_full_session_0064,PARTIAL_CAPTURE_FULL_SESSION,PARTIAL_CAPTURE_CHALLENGE,FULL_SESSION,HIGH,0.0,1.0,0.0,0.0,0.0,0.0,0.0,1.0,0.0,0.0,0.0,0.0,0.0,1.0,0.0,0.0,1.0,0.0,0.0,1.0,1.0,1.0,1.0,0.0,0.0
ANALYSIS_PARTIAL_FULL_SESSION_0065,partial_full_session_0065,ANALYSIS_PARTIAL_FULL_SESSION_0065_partial_full_session_0065,PARTIAL_CAPTURE_FULL_SESSION,PARTIAL_CAPTURE_CHALLENGE,FULL_SESSION,HIGH,0.0,0.0,1.0,0.0,0.0,1.0,0.0,0.0,0.0,0.0,0.0,0.0,0.0,0.0,1.0,0.0,1.0,0.0,0.0,1.0,1.0,0.0,1.0,0.0,0.0
ANALYSIS_PARTIAL_FULL_SESSION_0066,partial_full_session_0066,ANALYSIS_PARTIAL_FULL_SESSION_0066_partial_full_session_0066,PARTIAL_CAPTURE_FULL_SESSION,PARTIAL_CAPTURE_CHALLENGE,FULL_SESSION,HIGH,0.0,0.0,1.0,1.0,0.0,0.0,0.0,0.0,0.0,0.0,1.0,0.0,1.0,0.0,0.0,0.0,1.0,0.0,0.0,1.0,1.0,0.0,1.0,0.0,0.0
ANALYSIS_PARTIAL_FULL_SESSION_0067,partial_full_session_0067,ANALYSIS_PARTIAL_FULL_SESSION_0067_partial_full_session_0067,PARTIAL_CAPTURE_FULL_SESSION,PARTIAL_CAPTURE_CHALLENGE,FULL_SESSION,LOW,0.0,1.0,0.0,0.0,0.0,0.0,0.0,0.0,0.0,0.0,0.0,0.0,0.0,1.0,0.0,0.0,0.0,0.0,0.0,1.0,1.0,1.0,1.0,0.0,0.0
ANALYSIS_PARTIAL_FULL_SESSION_0068,partial_full_session_0068,ANALYSIS_PARTIAL_FULL_SESSION_0068_partial_full_session_0068,PARTIAL_CAPTURE_FULL_SESSION,PARTIAL_CAPTURE_CHALLENGE,FULL_SESSION,CRITICAL,0.0,1.0,0.0,1.0,1.0,1.0,0.0,0.0,0.0,0.0,0.0,0.0,0.0,0.0,1.0,0.0,2.0,0.0,0.0,1.0,1.0,1.0,1.0,0.0,0.0
ANALYSIS_PARTIAL_FULL_SESSION_0069,partial_full_session_0069,ANALYSIS_PARTIAL_FULL_SESSION_0069_partial_full_session_0069,PARTIAL_CAPTURE_FULL_SESSION,PARTIAL_CAPTURE_CHALLENGE,FULL_SESSION,CRITICAL,1.0,0.0,0.0,,,,,,0.0,0.0,,,1.0,0.0,0.0,0.0,0.0,0.0,0.0,0.0,0.0,0.0,1.0,0.0,0.0
ANALYSIS_PARTIAL_FULL_SESSION_0070,partial_full_session_0070,ANALYSIS_PARTIAL_FULL_SESSION_0070_partial_full_session_0070,PARTIAL_CAPTURE_FULL_SESSION,PARTIAL_CAPTURE_CHALLENGE,FULL_SESSION,LOW,0.0,1.0,0.0,0.0,0.0,0.0,0.0,0.0,0.0,0.0,0.0,0.0,0.0,1.0,0.0,0.0,0.0,0.0,0.0,1.0,1.0,1.0,1.0,0.0,0.0
ANALYSIS_PARTIAL_FULL_SESSION_0071,partial_full_session_0071,ANALYSIS_PARTIAL_FULL_SESSION_0071_partial_full_session_0071,PARTIAL_CAPTURE_FULL_SESSION,PARTIAL_CAPTURE_CHALLENGE,FULL_SESSION,CRITICAL,0.0,1.0,0.0,1.0,1.0,1.0,0.0,0.0,0.0,0.0,0.0,0.0,0.0,0.0,1.0,0.0,2.0,0.0,0.0,1.0,1.0,1.0,1.0,0.0,0.0
ANALYSIS_PARTIAL_FULL_SESSION_0072,partial_full_session_0072,ANALYSIS_PARTIAL_FULL_SESSION_0072_partial_full_session_0072,PARTIAL_CAPTURE_FULL_SESSION,PARTIAL_CAPTURE_CHALLENGE,FULL_SESSION,CRITICAL,0.0,1.0,0.0,1.0,1.0,1.0,0.0,0.0,0.0,0.0,0.0,0.0,1.0,0.0,0.0,0.0,2.0,0.0,0.0,1.0,1.0,1.0,1.0,0.0,0.0
ANALYSIS_PARTIAL_FULL_SESSION_0073,partial_full_session_0073,ANALYSIS_PARTIAL_FULL_SESSION_0073_partial_full_session_0073,PARTIAL_CAPTURE_FULL_SESSION,PARTIAL_CAPTURE_CHALLENGE,FULL_SESSION,HIGH,0.0,1.0,0.0,1.0,0.0,0.0,0.0,0.0,0.0,0.0,1.0,0.0,0.0,1.0,0.0,0.0,1.0,0.0,0.0,1.0,1.0,1.0,1.0,0.0,0.0
ANALYSIS_PARTIAL_FULL_SESSION_0074,partial_full_session_0074,ANALYSIS_PARTIAL_FULL_SESSION_0074_partial_full_session_0074,PARTIAL_CAPTURE_FULL_SESSION,PARTIAL_CAPTURE_CHALLENGE,FULL_SESSION,HIGH,0.0,0.0,1.0,0.0,0.0,1.0,0.0,0.0,0.0,0.0,0.0,0.0,0.0,0.0,1.0,0.0,1.0,0.0,0.0,1.0,1.0,0.0,1.0,0.0,0.0
ANALYSIS_PARTIAL_FULL_SESSION_0075,partial_full_session_0075,ANALYSIS_PARTIAL_FULL_SESSION_0075_partial_full_session_0075,PARTIAL_CAPTURE_FULL_SESSION,PARTIAL_CAPTURE_CHALLENGE,FULL_SESSION,HIGH,0.0,0.0,1.0,1.0,0.0,0.0,0.0,0.0,0.0,0.0,1.0,0.0,1.0,0.0,0.0,0.0,1.0,0.0,0.0,1.0,1.0,0.0,1.0,0.0,0.0
ANALYSIS_PARTIAL_FULL_SESSION_0076,partial_full_session_0076,ANALYSIS_PARTIAL_FULL_SESSION_0076_partial_full_session_0076,PARTIAL_CAPTURE_FULL_SESSION,PARTIAL_CAPTURE_CHALLENGE,FULL_SESSION,HIGH,0.0,0.0,1.0,1.0,0.0,0.0,0.0,0.0,0.0,0.0,1.0,0.0,0.0,1.0,0.0,0.0,1.0,0.0,0.0,1.0,1.0,0.0,1.0,0.0,0.0
ANALYSIS_PARTIAL_FULL_SESSION_0077,partial_full_session_0077,ANALYSIS_PARTIAL_FULL_SESSION_0077_partial_full_session_0077,PARTIAL_CAPTURE_FULL_SESSION,PARTIAL_CAPTURE_CHALLENGE,FULL_SESSION,HIGH,0.0,1.0,0.0,0.0,0.0,1.0,0.0,0.0,0.0,0.0,0.0,0.0,0.0,0.0,1.0,0.0,1.0,0.0,0.0,1.0,1.0,1.0,1.0,0.0,0.0
ANALYSIS_PARTIAL_FULL_SESSION_0078,partial_full_session_0078,ANALYSIS_PARTIAL_FULL_SESSION_0078_partial_full_session_0078,PARTIAL_CAPTURE_FULL_SESSION,PARTIAL_CAPTURE_CHALLENGE,FULL_SESSION,HIGH,0.0,0.0,1.0,0.0,0.0,1.0,0.0,0.0,0.0,0.0,0.0,0.0,1.0,0.0,0.0,0.0,1.0,0.0,0.0,1.0,1.0,0.0,1.0,0.0,0.0
ANALYSIS_PARTIAL_FULL_SESSION_0079,partial_full_session_0079,ANALYSIS_PARTIAL_FULL_SESSION_0079_partial_full_session_0079,PARTIAL_CAPTURE_FULL_SESSION,PARTIAL_CAPTURE_CHALLENGE,FULL_SESSION,MEDIUM,0.0,0.0,1.0,0.0,0.0,0.0,0.0,0.0,0.0,0.0,1.0,0.0,0.0,1.0,0.0,0.0,0.0,1.0,0.0,1.0,1.0,0.0,1.0,0.0,0.0
ANALYSIS_PARTIAL_FULL_SESSION_0080,partial_full_session_0080,ANALYSIS_PARTIAL_FULL_SESSION_0080_partial_full_session_0080,PARTIAL_CAPTURE_FULL_SESSION,PARTIAL_CAPTURE_CHALLENGE,FULL_SESSION,LOW,0.0,1.0,0.0,0.0,0.0,0.0,0.0,0.0,0.0,0.0,0.0,0.0,0.0,0.0,1.0,0.0,0.0,0.0,1.0,1.0,1.0,1.0,1.0,0.0,0.0
ANALYSIS_PARTIAL_FULL_SESSION_0081,partial_full_session_0081,ANALYSIS_PARTIAL_FULL_SESSION_0081_partial_full_session_0081,PARTIAL_CAPTURE_FULL_SESSION,PARTIAL_CAPTURE_CHALLENGE,FULL_SESSION,CRITICAL,0.0,0.0,1.0,1.0,1.0,1.0,0.0,0.0,0.0,0.0,0.0,0.0,1.0,0.0,0.0,0.0,2.0,0.0,0.0,1.0,1.0,0.0,1.0,0.0,0.0
ANALYSIS_PARTIAL_FULL_SESSION_0082,partial_full_session_0082,ANALYSIS_PARTIAL_FULL_SESSION_0082_partial_full_session_0082,PARTIAL_CAPTURE_FULL_SESSION,PARTIAL_CAPTURE_CHALLENGE,FULL_SESSION,CRITICAL,0.0,1.0,0.0,1.0,1.0,1.0,0.0,0.0,0.0,0.0,0.0,0.0,0.0,1.0,0.0,0.0,2.0,0.0,0.0,1.0,1.0,1.0,1.0,0.0,0.0
ANALYSIS_PARTIAL_FULL_SESSION_0083,partial_full_session_0083,ANALYSIS_PARTIAL_FULL_SESSION_0083_partial_full_session_0083,PARTIAL_CAPTURE_FULL_SESSION,PARTIAL_CAPTURE_CHALLENGE,FULL_SESSION,HIGH,0.0,1.0,0.0,0.0,0.0,1.0,0.0,0.0,0.0,0.0,0.0,0.0,0.0,0.0,1.0,0.0,1.0,0.0,0.0,1.0,1.0,1.0,1.0,0.0,0.0
ANALYSIS_PARTIAL_FULL_SESSION_0084,partial_full_session_0084,ANALYSIS_PARTIAL_FULL_SESSION_0084_partial_full_session_0084,PARTIAL_CAPTURE_FULL_SESSION,PARTIAL_CAPTURE_CHALLENGE,FULL_SESSION,LOW,0.0,0.0,1.0,0.0,0.0,0.0,0.0,0.0,0.0,0.0,0.0,0.0,1.0,0.0,0.0,0.0,0.0,0.0,1.0,1.0,1.0,0.0,1.0,0.0,0.0
ANALYSIS_PARTIAL_FULL_SESSION_0085,partial_full_session_0085,ANALYSIS_PARTIAL_FULL_SESSION_0085_partial_full_session_0085,PARTIAL_CAPTURE_FULL_SESSION,PARTIAL_CAPTURE_CHALLENGE,FULL_SESSION,LOW,0.0,1.0,0.0,0.0,0.0,0.0,0.0,0.0,0.0,0.0,0.0,0.0,0.0,1.0,0.0,0.0,0.0,0.0,0.0,1.0,1.0,1.0,1.0,0.0,0.0
ANALYSIS_PARTIAL_FULL_SESSION_0086,partial_full_session_0086,ANALYSIS_PARTIAL_FULL_SESSION_0086_partial_full_session_0086,PARTIAL_CAPTURE_FULL_SESSION,PARTIAL_CAPTURE_CHALLENGE,FULL_SESSION,LOW,0.0,1.0,0.0,0.0,0.0,0.0,0.0,0.0,0.0,0.0,0.0,0.0,0.0,0.0,1.0,0.0,0.0,0.0,1.0,1.0,1.0,1.0,1.0,0.0,0.0
ANALYSIS_PARTIAL_FULL_SESSION_0087,partial_full_session_0087,ANALYSIS_PARTIAL_FULL_SESSION_0087_partial_full_session_0087,PARTIAL_CAPTURE_FULL_SESSION,PARTIAL_CAPTURE_CHALLENGE,FULL_SESSION,HIGH,0.0,0.0,1.0,1.0,0.0,0.0,0.0,0.0,0.0,0.0,1.0,0.0,1.0,0.0,0.0,0.0,1.0,0.0,0.0,1.0,1.0,0.0,1.0,0.0,0.0
ANALYSIS_PARTIAL_FULL_SESSION_0088,partial_full_session_0088,ANALYSIS_PARTIAL_FULL_SESSION_0088_partial_full_session_0088,PARTIAL_CAPTURE_FULL_SESSION,PARTIAL_CAPTURE_CHALLENGE,FULL_SESSION,HIGH,0.0,1.0,0.0,0.0,0.0,0.0,0.0,1.0,0.0,0.0,0.0,0.0,0.0,1.0,0.0,0.0,1.0,0.0,0.0,1.0,1.0,1.0,1.0,0.0,0.0
ANALYSIS_PARTIAL_FULL_SESSION_0089,partial_full_session_0089,ANALYSIS_PARTIAL_FULL_SESSION_0089_partial_full_session_0089,PARTIAL_CAPTURE_FULL_SESSION,PARTIAL_CAPTURE_CHALLENGE,FULL_SESSION,HIGH,0.0,0.0,1.0,1.0,0.0,0.0,0.0,0.0,0.0,0.0,1.0,0.0,0.0,0.0,1.0,0.0,1.0,0.0,0.0,1.0,1.0,0.0,1.0,0.0,0.0
ANALYSIS_PARTIAL_FULL_SESSION_0090,partial_full_session_0090,ANALYSIS_PARTIAL_FULL_SESSION_0090_partial_full_session_0090,PARTIAL_CAPTURE_FULL_SESSION,PARTIAL_CAPTURE_CHALLENGE,FULL_SESSION,HIGH,0.0,1.0,0.0,0.0,1.0,0.0,0.0,0.0,0.0,0.0,0.0,0.0,1.0,0.0,0.0,0.0,1.0,0.0,0.0,1.0,1.0,1.0,1.0,0.0,0.0
ANALYSIS_PARTIAL_FULL_SESSION_0091,partial_full_session_0091,ANALYSIS_PARTIAL_FULL_SESSION_0091_partial_full_session_0091,PARTIAL_CAPTURE_FULL_SESSION,PARTIAL_CAPTURE_CHALLENGE,FULL_SESSION,MEDIUM,0.0,0.0,1.0,0.0,0.0,0.0,0.0,0.0,0.0,0.0,1.0,0.0,0.0,1.0,0.0,0.0,0.0,1.0,0.0,1.0,1.0,0.0,1.0,0.0,0.0
ANALYSIS_PARTIAL_FULL_SESSION_0092,partial_full_session_0092,ANALYSIS_PARTIAL_FULL_SESSION_0092_partial_full_session_0092,PARTIAL_CAPTURE_FULL_SESSION,PARTIAL_CAPTURE_CHALLENGE,FULL_SESSION,CRITICAL,0.0,0.0,1.0,1.0,1.0,1.0,0.0,0.0,0.0,0.0,0.0,0.0,0.0,0.0,1.0,0.0,2.0,0.0,0.0,1.0,1.0,0.0,1.0,0.0,0.0
ANALYSIS_PARTIAL_FULL_SESSION_0093,partial_full_session_0093,ANALYSIS_PARTIAL_FULL_SESSION_0093_partial_full_session_0093,PARTIAL_CAPTURE_FULL_SESSION,PARTIAL_CAPTURE_CHALLENGE,FULL_SESSION,HIGH,0.0,1.0,0.0,1.0,0.0,0.0,0.0,0.0,0.0,0.0,0.0,0.0,1.0,0.0,0.0,0.0,1.0,0.0,0.0,1.0,1.0,1.0,1.0,0.0,0.0
ANALYSIS_PARTIAL_FULL_SESSION_0094,partial_full_session_0094,ANALYSIS_PARTIAL_FULL_SESSION_0094_partial_full_session_0094,PARTIAL_CAPTURE_FULL_SESSION,PARTIAL_CAPTURE_CHALLENGE,FULL_SESSION,HIGH,0.0,1.0,0.0,0.0,1.0,0.0,0.0,0.0,0.0,0.0,0.0,0.0,0.0,1.0,0.0,0.0,1.0,0.0,0.0,1.0,1.0,1.0,1.0,0.0,0.0
ANALYSIS_PARTIAL_FULL_SESSION_0095,partial_full_session_0095,ANALYSIS_PARTIAL_FULL_SESSION_0095_partial_full_session_0095,PARTIAL_CAPTURE_FULL_SESSION,PARTIAL_CAPTURE_CHALLENGE,FULL_SESSION,CRITICAL,0.0,0.0,1.0,1.0,1.0,1.0,0.0,0.0,0.0,0.0,0.0,0.0,0.0,0.0,1.0,0.0,2.0,0.0,0.0,1.0,1.0,0.0,1.0,0.0,0.0
ANALYSIS_PARTIAL_FULL_SESSION_0096,partial_full_session_0096,ANALYSIS_PARTIAL_FULL_SESSION_0096_partial_full_session_0096,PARTIAL_CAPTURE_FULL_SESSION,PARTIAL_CAPTURE_CHALLENGE,FULL_SESSION,HIGH,0.0,0.0,1.0,0.0,1.0,0.0,0.0,0.0,0.0,0.0,0.0,0.0,1.0,0.0,0.0,0.0,1.0,0.0,0.0,1.0,1.0,0.0,1.0,0.0,0.0
ANALYSIS_PARTIAL_FULL_SESSION_0097,partial_full_session_0097,ANALYSIS_PARTIAL_FULL_SESSION_0097_partial_full_session_0097,PARTIAL_CAPTURE_FULL_SESSION,PARTIAL_CAPTURE_CHALLENGE,FULL_SESSION,LOW,0.0,1.0,0.0,0.0,0.0,0.0,0.0,0.0,0.0,0.0,0.0,0.0,0.0,1.0,0.0,0.0,0.0,0.0,0.0,1.0,1.0,1.0,1.0,0.0,0.0
ANALYSIS_PARTIAL_FULL_SESSION_0098,partial_full_session_0098,ANALYSIS_PARTIAL_FULL_SESSION_0098_partial_full_session_0098,PARTIAL_CAPTURE_FULL_SESSION,PARTIAL_CAPTURE_CHALLENGE,FULL_SESSION,CRITICAL,1.0,0.0,0.0,,,,,,1.0,0.0,,,0.0,0.0,1.0,0.0,0.0,0.0,0.0,0.0,0.0,0.0,1.0,0.0,0.0
ANALYSIS_PARTIAL_FULL_SESSION_0099,partial_full_session_0099,ANALYSIS_PARTIAL_FULL_SESSION_0099_partial_full_session_0099,PARTIAL_CAPTURE_FULL_SESSION,PARTIAL_CAPTURE_CHALLENGE,FULL_SESSION,HIGH,0.0,0.0,1.0,0.0,1.0,0.0,0.0,0.0,0.0,0.0,0.0,0.0,1.0,0.0,0.0,0.0,1.0,0.0,0.0,1.0,1.0,0.0,1.0,0.0,0.0
ANALYSIS_PARTIAL_START_MID_SESSION_0000,partial_start_mid_session_0000,ANALYSIS_PARTIAL_START_MID_SESSION_0000_partial_start_mid_session_0000,PARTIAL_CAPTURE_START_MID_SESSION,PARTIAL_CAPTURE_CHALLENGE,START_MID_SESSION,MEDIUM,0.0,1.0,0.0,,,0.0,0.0,0.0,0.0,0.0,,0.0,1.0,0.0,0.0,0.0,0.0,1.0,0.0,0.0,1.0,0.0,1.0,0.0,0.0
ANALYSIS_PARTIAL_START_MID_SESSION_0001,partial_start_mid_session_0001,ANALYSIS_PARTIAL_START_MID_SESSION_0001_partial_start_mid_session_0001,PARTIAL_CAPTURE_START_MID_SESSION,PARTIAL_CAPTURE_CHALLENGE,START_MID_SESSION,HIGH,0.0,0.0,1.0,,,1.0,0.0,0.0,0.0,0.0,,0.0,0.0,1.0,0.0,0.0,2.0,0.0,0.0,0.0,1.0,0.0,1.0,0.0,0.0
ANALYSIS_PARTIAL_START_MID_SESSION_0002,partial_start_mid_session_0002,ANALYSIS_PARTIAL_START_MID_SESSION_0002_partial_start_mid_session_0002,PARTIAL_CAPTURE_START_MID_SESSION,PARTIAL_CAPTURE_CHALLENGE,START_MID_SESSION,HIGH,0.0,0.0,1.0,0.0,1.0,0.0,0.0,0.0,,0.0,0.0,0.0,0.0,0.0,1.0,0.0,1.0,0.0,0.0,1.0,1.0,0.0,0.0,0.0,0.0
ANALYSIS_PARTIAL_START_MID_SESSION_0003,partial_start_mid_session_0003,ANALYSIS_PARTIAL_START_MID_SESSION_0003_partial_start_mid_session_0003,PARTIAL_CAPTURE_START_MID_SESSION,PARTIAL_CAPTURE_CHALLENGE,START_MID_SESSION,HIGH,0.0,1.0,0.0,,,1.0,0.0,0.0,0.0,0.0,,0.0,1.0,0.0,0.0,0.0,1.0,0.0,0.0,0.0,1.0,0.0,1.0,0.0,0.0
ANALYSIS_PARTIAL_START_MID_SESSION_0004,partial_start_mid_session_0004,ANALYSIS_PARTIAL_START_MID_SESSION_0004_partial_start_mid_session_0004,PARTIAL_CAPTURE_START_MID_SESSION,PARTIAL_CAPTURE_CHALLENGE,START_MID_SESSION,HIGH,0.0,1.0,0.0,,,0.0,0.0,0.0,0.0,0.0,,0.0,0.0,1.0,0.0,0.0,1.0,0.0,0.0,0.0,1.0,0.0,1.0,0.0,0.0
ANALYSIS_PARTIAL_START_MID_SESSION_0005,partial_start_mid_session_0005,ANALYSIS_PARTIAL_START_MID_SESSION_0005_partial_start_mid_session_0005,PARTIAL_CAPTURE_START_MID_SESSION,PARTIAL_CAPTURE_CHALLENGE,START_MID_SESSION,MEDIUM,0.0,0.0,1.0,,,0.0,0.0,0.0,,0.0,,0.0,0.0,0.0,1.0,0.0,0.0,1.0,0.0,0.0,1.0,0.0,0.0,0.0,0.0
ANALYSIS_PARTIAL_START_MID_SESSION_0006,partial_start_mid_session_0006,ANALYSIS_PARTIAL_START_MID_SESSION_0006_partial_start_mid_session_0006,PARTIAL_CAPTURE_START_MID_SESSION,PARTIAL_CAPTURE_CHALLENGE,START_MID_SESSION,MEDIUM,0.0,1.0,0.0,0.0,0.0,0.0,0.0,0.0,,0.0,1.0,0.0,1.0,0.0,0.0,0.0,0.0,1.0,0.0,1.0,1.0,0.0,0.0,0.0,0.0
ANALYSIS_PARTIAL_START_MID_SESSION_0007,partial_start_mid_session_0007,ANALYSIS_PARTIAL_START_MID_SESSION_0007_partial_start_mid_session_0007,PARTIAL_CAPTURE_START_MID_SESSION,PARTIAL_CAPTURE_CHALLENGE,START_MID_SESSION,LOW,0.0,0.0,1.0,0.0,0.0,0.0,0.0,0.0,,0.0,0.0,0.0,0.0,1.0,0.0,0.0,0.0,0.0,1.0,1.0,1.0,0.0,0.0,0.0,0.0
ANALYSIS_PARTIAL_START_MID_SESSION_0008,partial_start_mid_session_0008,ANALYSIS_PARTIAL_START_MID_SESSION_0008_partial_start_mid_session_0008,PARTIAL_CAPTURE_START_MID_SESSION,PARTIAL_CAPTURE_CHALLENGE,START_MID_SESSION,HIGH,0.0,0.0,1.0,0.0,0.0,1.0,0.0,0.0,0.0,0.0,0.0,0.0,0.0,0.0,1.0,0.0,1.0,0.0,0.0,1.0,1.0,0.0,1.0,0.0,0.0
ANALYSIS_PARTIAL_START_MID_SESSION_0009,partial_start_mid_session_0009,ANALYSIS_PARTIAL_START_MID_SESSION_0009_partial_start_mid_session_0009,PARTIAL_CAPTURE_START_MID_SESSION,PARTIAL_CAPTURE_CHALLENGE,START_MID_SESSION,HIGH,0.0,0.0,1.0,0.0,0.0,1.0,0.0,0.0,0.0,0.0,0.0,0.0,1.0,0.0,0.0,0.0,1.0,0.0,0.0,1.0,1.0,0.0,1.0,0.0,0.0
ANALYSIS_PARTIAL_START_MID_SESSION_0010,partial_start_mid_session_0010,ANALYSIS_PARTIAL_START_MID_SESSION_0010_partial_start_mid_session_0010,PARTIAL_CAPTURE_START_MID_SESSION,PARTIAL_CAPTURE_CHALLENGE,START_MID_SESSION,HIGH,0.0,1.0,0.0,,,1.0,0.0,0.0,,0.0,,0.0,0.0,1.0,0.0,0.0,1.0,0.0,0.0,0.0,1.0,0.0,0.0,0.0,0.0
ANALYSIS_PARTIAL_START_MID_SESSION_0011,partial_start_mid_session_0011,ANALYSIS_PARTIAL_START_MID_SESSION_0011_partial_start_mid_session_0011,PARTIAL_CAPTURE_START_MID_SESSION,PARTIAL_CAPTURE_CHALLENGE,START_MID_SESSION,LOW,0.0,1.0,0.0,,,0.0,0.0,0.0,0.0,0.0,,0.0,0.0,0.0,1.0,0.0,0.0,0.0,1.0,0.0,1.0,0.0,1.0,0.0,0.0
ANALYSIS_PARTIAL_START_MID_SESSION_0012,partial_start_mid_session_0012,ANALYSIS_PARTIAL_START_MID_SESSION_0012_partial_start_mid_session_0012,PARTIAL_CAPTURE_START_MID_SESSION,PARTIAL_CAPTURE_CHALLENGE,START_MID_SESSION,LOW,0.0,1.0,0.0,,,0.0,0.0,0.0,,0.0,,0.0,1.0,0.0,0.0,0.0,0.0,0.0,0.0,0.0,1.0,0.0,0.0,0.0,0.0
ANALYSIS_PARTIAL_START_MID_SESSION_0013,partial_start_mid_session_0013,ANALYSIS_PARTIAL_START_MID_SESSION_0013_partial_start_mid_session_0013,PARTIAL_CAPTURE_START_MID_SESSION,PARTIAL_CAPTURE_CHALLENGE,START_MID_SESSION,LOW,0.0,1.0,0.0,,,0.0,0.0,0.0,,0.0,,0.0,0.0,1.0,0.0,0.0,0.0,0.0,1.0,0.0,1.0,0.0,0.0,0.0,0.0
ANALYSIS_PARTIAL_START_MID_SESSION_0014,partial_start_mid_session_0014,ANALYSIS_PARTIAL_START_MID_SESSION_0014_partial_start_mid_session_0014,PARTIAL_CAPTURE_START_MID_SESSION,PARTIAL_CAPTURE_CHALLENGE,START_MID_SESSION,CRITICAL,0.0,0.0,1.0,1.0,1.0,1.0,0.0,0.0,,0.0,0.0,0.0,0.0,0.0,1.0,0.0,2.0,0.0,0.0,1.0,1.0,0.0,0.0,0.0,0.0
ANALYSIS_PARTIAL_START_MID_SESSION_0015,partial_start_mid_session_0015,ANALYSIS_PARTIAL_START_MID_SESSION_0015_partial_start_mid_session_0015,PARTIAL_CAPTURE_START_MID_SESSION,PARTIAL_CAPTURE_CHALLENGE,START_MID_SESSION,LOW,0.0,1.0,0.0,0.0,0.0,0.0,0.0,0.0,,0.0,0.0,0.0,1.0,0.0,0.0,0.0,0.0,0.0,0.0,1.0,1.0,0.0,0.0,0.0,0.0
ANALYSIS_PARTIAL_START_MID_SESSION_0016,partial_start_mid_session_0016,ANALYSIS_PARTIAL_START_MID_SESSION_0016_partial_start_mid_session_0016,PARTIAL_CAPTURE_START_MID_SESSION,PARTIAL_CAPTURE_CHALLENGE,START_MID_SESSION,MEDIUM,0.0,0.0,1.0,0.0,0.0,0.0,0.0,0.0,0.0,0.0,1.0,0.0,0.0,1.0,0.0,0.0,0.0,1.0,0.0,1.0,1.0,0.0,1.0,0.0,0.0
ANALYSIS_PARTIAL_START_MID_SESSION_0017,partial_start_mid_session_0017,ANALYSIS_PARTIAL_START_MID_SESSION_0017_partial_start_mid_session_0017,PARTIAL_CAPTURE_START_MID_SESSION,PARTIAL_CAPTURE_CHALLENGE,START_MID_SESSION,LOW,0.0,0.0,1.0,,,0.0,0.0,0.0,0.0,0.0,,0.0,0.0,0.0,1.0,0.0,0.0,0.0,0.0,0.0,1.0,0.0,1.0,0.0,0.0
ANALYSIS_PARTIAL_START_MID_SESSION_0018,partial_start_mid_session_0018,ANALYSIS_PARTIAL_START_MID_SESSION_0018_partial_start_mid_session_0018,PARTIAL_CAPTURE_START_MID_SESSION,PARTIAL_CAPTURE_CHALLENGE,START_MID_SESSION,LOW,0.0,1.0,0.0,0.0,0.0,0.0,0.0,0.0,,0.0,0.0,0.0,1.0,0.0,0.0,0.0,0.0,0.0,0.0,1.0,1.0,0.0,0.0,0.0,0.0
ANALYSIS_PARTIAL_START_MID_SESSION_0019,partial_start_mid_session_0019,ANALYSIS_PARTIAL_START_MID_SESSION_0019_partial_start_mid_session_0019,PARTIAL_CAPTURE_START_MID_SESSION,PARTIAL_CAPTURE_CHALLENGE,START_MID_SESSION,LOW,0.0,1.0,0.0,,,0.0,0.0,0.0,0.0,0.0,,0.0,0.0,1.0,0.0,0.0,0.0,0.0,0.0,0.0,1.0,0.0,1.0,0.0,0.0
ANALYSIS_PARTIAL_START_MID_SESSION_0020,partial_start_mid_session_0020,ANALYSIS_PARTIAL_START_MID_SESSION_0020_partial_start_mid_session_0020,PARTIAL_CAPTURE_START_MID_SESSION,PARTIAL_CAPTURE_CHALLENGE,START_MID_SESSION,MEDIUM,0.0,0.0,1.0,,,0.0,0.0,0.0,,0.0,,0.0,0.0,0.0,1.0,0.0,0.0,1.0,0.0,0.0,1.0,0.0,0.0,0.0,0.0
ANALYSIS_PARTIAL_START_MID_SESSION_0021,partial_start_mid_session_0021,ANALYSIS_PARTIAL_START_MID_SESSION_0021_partial_start_mid_session_0021,PARTIAL_CAPTURE_START_MID_SESSION,PARTIAL_CAPTURE_CHALLENGE,START_MID_SESSION,HIGH,0.0,0.0,1.0,0.0,0.0,1.0,0.0,0.0,,0.0,0.0,0.0,1.0,0.0,0.0,0.0,1.0,0.0,0.0,1.0,1.0,0.0,0.0,0.0,0.0
ANALYSIS_PARTIAL_START_MID_SESSION_0022,partial_start_mid_session_0022,ANALYSIS_PARTIAL_START_MID_SESSION_0022_partial_start_mid_session_0022,PARTIAL_CAPTURE_START_MID_SESSION,PARTIAL_CAPTURE_CHALLENGE,START_MID_SESSION,HIGH,0.0,0.0,1.0,,,0.0,0.0,0.0,0.0,0.0,,0.0,0.0,1.0,0.0,0.0,1.0,0.0,0.0,0.0,1.0,0.0,1.0,0.0,0.0
ANALYSIS_PARTIAL_START_MID_SESSION_0023,partial_start_mid_session_0023,ANALYSIS_PARTIAL_START_MID_SESSION_0023_partial_start_mid_session_0023,PARTIAL_CAPTURE_START_MID_SESSION,PARTIAL_CAPTURE_CHALLENGE,START_MID_SESSION,LOW,0.0,1.0,0.0,,,0.0,0.0,0.0,0.0,0.0,,0.0,0.0,0.0,1.0,0.0,0.0,0.0,0.0,0.0,1.0,0.0,1.0,0.0,0.0
ANALYSIS_PARTIAL_START_MID_SESSION_0024,partial_start_mid_session_0024,ANALYSIS_PARTIAL_START_MID_SESSION_0024_partial_start_mid_session_0024,PARTIAL_CAPTURE_START_MID_SESSION,PARTIAL_CAPTURE_CHALLENGE,START_MID_SESSION,LOW,0.0,1.0,0.0,,,0.0,0.0,0.0,0.0,0.0,,0.0,1.0,0.0,0.0,0.0,0.0,0.0,1.0,0.0,1.0,0.0,1.0,0.0,0.0
ANALYSIS_PARTIAL_START_MID_SESSION_0025,partial_start_mid_session_0025,ANALYSIS_PARTIAL_START_MID_SESSION_0025_partial_start_mid_session_0025,PARTIAL_CAPTURE_START_MID_SESSION,PARTIAL_CAPTURE_CHALLENGE,START_MID_SESSION,MEDIUM,0.0,1.0,0.0,0.0,0.0,0.0,0.0,0.0,,0.0,0.0,1.0,0.0,1.0,0.0,0.0,0.0,1.0,0.0,1.0,1.0,0.0,0.0,0.0,0.0
ANALYSIS_PARTIAL_START_MID_SESSION_0026,partial_start_mid_session_0026,ANALYSIS_PARTIAL_START_MID_SESSION_0026_partial_start_mid_session_0026,PARTIAL_CAPTURE_START_MID_SESSION,PARTIAL_CAPTURE_CHALLENGE,START_MID_SESSION,HIGH,0.0,0.0,1.0,,,0.0,0.0,0.0,,0.0,,0.0,0.0,0.0,1.0,0.0,1.0,0.0,0.0,0.0,1.0,0.0,0.0,0.0,0.0
ANALYSIS_PARTIAL_START_MID_SESSION_0027,partial_start_mid_session_0027,ANALYSIS_PARTIAL_START_MID_SESSION_0027_partial_start_mid_session_0027,PARTIAL_CAPTURE_START_MID_SESSION,PARTIAL_CAPTURE_CHALLENGE,START_MID_SESSION,CRITICAL,1.0,0.0,0.0,,,,,,,0.0,,,1.0,0.0,0.0,0.0,0.0,0.0,0.0,0.0,0.0,0.0,0.0,0.0,0.0
ANALYSIS_PARTIAL_START_MID_SESSION_0028,partial_start_mid_session_0028,ANALYSIS_PARTIAL_START_MID_SESSION_0028_partial_start_mid_session_0028,PARTIAL_CAPTURE_START_MID_SESSION,PARTIAL_CAPTURE_CHALLENGE,START_MID_SESSION,HIGH,0.0,1.0,0.0,0.0,0.0,1.0,0.0,0.0,,0.0,0.0,0.0,0.0,1.0,0.0,0.0,1.0,0.0,0.0,1.0,1.0,0.0,0.0,0.0,0.0
ANALYSIS_PARTIAL_START_MID_SESSION_0029,partial_start_mid_session_0029,ANALYSIS_PARTIAL_START_MID_SESSION_0029_partial_start_mid_session_0029,PARTIAL_CAPTURE_START_MID_SESSION,PARTIAL_CAPTURE_CHALLENGE,START_MID_SESSION,MEDIUM,0.0,0.0,1.0,0.0,0.0,0.0,0.0,0.0,,0.0,0.0,1.0,0.0,0.0,1.0,0.0,0.0,1.0,0.0,1.0,1.0,0.0,0.0,0.0,0.0
ANALYSIS_PARTIAL_START_MID_SESSION_0030,partial_start_mid_session_0030,ANALYSIS_PARTIAL_START_MID_SESSION_0030_partial_start_mid_session_0030,PARTIAL_CAPTURE_START_MID_SESSION,PARTIAL_CAPTURE_CHALLENGE,START_MID_SESSION,HIGH,0.0,1.0,0.0,,,1.0,0.0,0.0,0.0,0.0,,0.0,1.0,0.0,0.0,0.0,2.0,0.0,0.0,0.0,1.0,0.0,1.0,0.0,0.0
ANALYSIS_PARTIAL_START_MID_SESSION_0031,partial_start_mid_session_0031,ANALYSIS_PARTIAL_START_MID_SESSION_0031_partial_start_mid_session_0031,PARTIAL_CAPTURE_START_MID_SESSION,PARTIAL_CAPTURE_CHALLENGE,START_MID_SESSION,HIGH,0.0,1.0,0.0,,,0.0,0.0,0.0,,0.0,,0.0,0.0,1.0,0.0,0.0,1.0,0.0,0.0,0.0,1.0,0.0,0.0,0.0,0.0
ANALYSIS_PARTIAL_START_MID_SESSION_0032,partial_start_mid_session_0032,ANALYSIS_PARTIAL_START_MID_SESSION_0032_partial_start_mid_session_0032,PARTIAL_CAPTURE_START_MID_SESSION,PARTIAL_CAPTURE_CHALLENGE,START_MID_SESSION,HIGH,0.0,0.0,1.0,1.0,0.0,0.0,0.0,0.0,0.0,0.0,1.0,0.0,0.0,0.0,1.0,0.0,1.0,0.0,0.0,1.0,1.0,0.0,1.0,0.0,0.0
ANALYSIS_PARTIAL_START_MID_SESSION_0033,partial_start_mid_session_0033,ANALYSIS_PARTIAL_START_MID_SESSION_0033_partial_start_mid_session_0033,PARTIAL_CAPTURE_START_MID_SESSION,PARTIAL_CAPTURE_CHALLENGE,START_MID_SESSION,CRITICAL,1.0,0.0,0.0,,,,,,1.0,0.0,,,1.0,0.0,0.0,0.0,0.0,0.0,0.0,0.0,0.0,0.0,1.0,0.0,0.0
ANALYSIS_PARTIAL_START_MID_SESSION_0034,partial_start_mid_session_0034,ANALYSIS_PARTIAL_START_MID_SESSION_0034_partial_start_mid_session_0034,PARTIAL_CAPTURE_START_MID_SESSION,PARTIAL_CAPTURE_CHALLENGE,START_MID_SESSION,LOW,0.0,0.0,1.0,,,0.0,0.0,0.0,,0.0,,0.0,0.0,1.0,0.0,0.0,0.0,0.0,0.0,0.0,1.0,0.0,0.0,0.0,0.0
ANALYSIS_PARTIAL_START_MID_SESSION_0035,partial_start_mid_session_0035,ANALYSIS_PARTIAL_START_MID_SESSION_0035_partial_start_mid_session_0035,PARTIAL_CAPTURE_START_MID_SESSION,PARTIAL_CAPTURE_CHALLENGE,START_MID_SESSION,HIGH,0.0,1.0,0.0,,,0.0,0.0,1.0,,0.0,,0.0,0.0,0.0,1.0,0.0,1.0,0.0,0.0,0.0,1.0,0.0,0.0,0.0,0.0
ANALYSIS_PARTIAL_START_MID_SESSION_0036,partial_start_mid_session_0036,ANALYSIS_PARTIAL_START_MID_SESSION_0036_partial_start_mid_session_0036,PARTIAL_CAPTURE_START_MID_SESSION,PARTIAL_CAPTURE_CHALLENGE,START_MID_SESSION,MEDIUM,0.0,1.0,0.0,,,0.0,0.0,0.0,0.0,0.0,,0.0,1.0,0.0,0.0,0.0,0.0,1.0,0.0,0.0,1.0,0.0,1.0,0.0,0.0
ANALYSIS_PARTIAL_START_MID_SESSION_0037,partial_start_mid_session_0037,ANALYSIS_PARTIAL_START_MID_SESSION_0037_partial_start_mid_session_0037,PARTIAL_CAPTURE_START_MID_SESSION,PARTIAL_CAPTURE_CHALLENGE,START_MID_SESSION,MEDIUM,0.0,0.0,1.0,,,0.0,0.0,0.0,,0.0,,1.0,0.0,1.0,0.0,0.0,0.0,1.0,0.0,0.0,1.0,0.0,0.0,0.0,0.0
ANALYSIS_PARTIAL_START_MID_SESSION_0038,partial_start_mid_session_0038,ANALYSIS_PARTIAL_START_MID_SESSION_0038_partial_start_mid_session_0038,PARTIAL_CAPTURE_START_MID_SESSION,PARTIAL_CAPTURE_CHALLENGE,START_MID_SESSION,LOW,0.0,1.0,0.0,,,0.0,0.0,0.0,,0.0,,0.0,0.0,0.0,1.0,0.0,0.0,0.0,0.0,0.0,1.0,0.0,0.0,0.0,0.0
ANALYSIS_PARTIAL_START_MID_SESSION_0039,partial_start_mid_session_0039,ANALYSIS_PARTIAL_START_MID_SESSION_0039_partial_start_mid_session_0039,PARTIAL_CAPTURE_START_MID_SESSION,PARTIAL_CAPTURE_CHALLENGE,START_MID_SESSION,HIGH,0.0,1.0,0.0,,,0.0,0.0,0.0,,0.0,,0.0,1.0,0.0,0.0,0.0,1.0,0.0,0.0,0.0,1.0,0.0,0.0,0.0,0.0
ANALYSIS_PARTIAL_START_MID_SESSION_0040,partial_start_mid_session_0040,ANALYSIS_PARTIAL_START_MID_SESSION_0040_partial_start_mid_session_0040,PARTIAL_CAPTURE_START_MID_SESSION,PARTIAL_CAPTURE_CHALLENGE,START_MID_SESSION,HIGH,0.0,1.0,0.0,,,0.0,0.0,0.0,,0.0,,0.0,0.0,1.0,0.0,0.0,1.0,0.0,0.0,0.0,1.0,0.0,0.0,0.0,0.0
ANALYSIS_PARTIAL_START_MID_SESSION_0041,partial_start_mid_session_0041,ANALYSIS_PARTIAL_START_MID_SESSION_0041_partial_start_mid_session_0041,PARTIAL_CAPTURE_START_MID_SESSION,PARTIAL_CAPTURE_CHALLENGE,START_MID_SESSION,LOW,0.0,0.0,1.0,0.0,0.0,0.0,0.0,0.0,,0.0,0.0,0.0,0.0,0.0,1.0,0.0,0.0,0.0,0.0,1.0,1.0,0.0,0.0,0.0,0.0
ANALYSIS_PARTIAL_START_MID_SESSION_0042,partial_start_mid_session_0042,ANALYSIS_PARTIAL_START_MID_SESSION_0042_partial_start_mid_session_0042,PARTIAL_CAPTURE_START_MID_SESSION,PARTIAL_CAPTURE_CHALLENGE,START_MID_SESSION,MEDIUM,0.0,0.0,1.0,0.0,0.0,0.0,0.0,0.0,0.0,0.0,0.0,1.0,1.0,0.0,0.0,0.0,0.0,1.0,0.0,1.0,1.0,0.0,1.0,0.0,0.0
ANALYSIS_PARTIAL_START_MID_SESSION_0043,partial_start_mid_session_0043,ANALYSIS_PARTIAL_START_MID_SESSION_0043_partial_start_mid_session_0043,PARTIAL_CAPTURE_START_MID_SESSION,PARTIAL_CAPTURE_CHALLENGE,START_MID_SESSION,HIGH,0.0,0.0,1.0,,,0.0,0.0,0.0,0.0,0.0,,0.0,0.0,1.0,0.0,0.0,1.0,0.0,0.0,0.0,1.0,0.0,1.0,0.0,0.0
ANALYSIS_PARTIAL_START_MID_SESSION_0044,partial_start_mid_session_0044,ANALYSIS_PARTIAL_START_MID_SESSION_0044_partial_start_mid_session_0044,PARTIAL_CAPTURE_START_MID_SESSION,PARTIAL_CAPTURE_CHALLENGE,START_MID_SESSION,LOW,0.0,1.0,0.0,,,0.0,0.0,0.0,,0.0,,0.0,0.0,0.0,1.0,0.0,0.0,0.0,0.0,0.0,1.0,0.0,0.0,0.0,0.0
ANALYSIS_PARTIAL_START_MID_SESSION_0045,partial_start_mid_session_0045,ANALYSIS_PARTIAL_START_MID_SESSION_0045_partial_start_mid_session_0045,PARTIAL_CAPTURE_START_MID_SESSION,PARTIAL_CAPTURE_CHALLENGE,START_MID_SESSION,CRITICAL,0.0,1.0,0.0,1.0,1.0,1.0,0.0,0.0,0.0,0.0,0.0,0.0,1.0,0.0,0.0,0.0,2.0,0.0,0.0,1.0,1.0,0.0,1.0,0.0,0.0
ANALYSIS_PARTIAL_START_MID_SESSION_0046,partial_start_mid_session_0046,ANALYSIS_PARTIAL_START_MID_SESSION_0046_partial_start_mid_session_0046,PARTIAL_CAPTURE_START_MID_SESSION,PARTIAL_CAPTURE_CHALLENGE,START_MID_SESSION,MEDIUM,0.0,0.0,1.0,0.0,0.0,0.0,0.0,0.0,0.0,0.0,0.0,1.0,0.0,1.0,0.0,0.0,0.0,1.0,0.0,1.0,1.0,0.0,1.0,0.0,0.0
ANALYSIS_PARTIAL_START_MID_SESSION_0047,partial_start_mid_session_0047,ANALYSIS_PARTIAL_START_MID_SESSION_0047_partial_start_mid_session_0047,PARTIAL_CAPTURE_START_MID_SESSION,PARTIAL_CAPTURE_CHALLENGE,START_MID_SESSION,LOW,0.0,1.0,0.0,,,0.0,0.0,0.0,,0.0,,0.0,0.0,0.0,1.0,0.0,0.0,0.0,0.0,0.0,1.0,0.0,0.0,0.0,0.0
ANALYSIS_PARTIAL_START_MID_SESSION_0048,partial_start_mid_session_0048,ANALYSIS_PARTIAL_START_MID_SESSION_0048_partial_start_mid_session_0048,PARTIAL_CAPTURE_START_MID_SESSION,PARTIAL_CAPTURE_CHALLENGE,START_MID_SESSION,HIGH,0.0,1.0,0.0,1.0,0.0,0.0,0.0,0.0,0.0,0.0,1.0,0.0,1.0,0.0,0.0,0.0,1.0,0.0,0.0,1.0,1.0,0.0,1.0,0.0,0.0
ANALYSIS_PARTIAL_START_MID_SESSION_0049,partial_start_mid_session_0049,ANALYSIS_PARTIAL_START_MID_SESSION_0049_partial_start_mid_session_0049,PARTIAL_CAPTURE_START_MID_SESSION,PARTIAL_CAPTURE_CHALLENGE,START_MID_SESSION,HIGH,0.0,0.0,1.0,0.0,0.0,0.0,0.0,1.0,,0.0,0.0,0.0,0.0,1.0,0.0,0.0,1.0,0.0,0.0,1.0,1.0,0.0,0.0,0.0,0.0
ANALYSIS_PARTIAL_START_MID_SESSION_0050,partial_start_mid_session_0050,ANALYSIS_PARTIAL_START_MID_SESSION_0050_partial_start_mid_session_0050,PARTIAL_CAPTURE_START_MID_SESSION,PARTIAL_CAPTURE_CHALLENGE,START_MID_SESSION,MEDIUM,0.0,0.0,1.0,,,0.0,0.0,0.0,,0.0,,1.0,0.0,0.0,1.0,0.0,0.0,1.0,0.0,0.0,1.0,0.0,0.0,0.0,0.0
ANALYSIS_PARTIAL_START_MID_SESSION_0051,partial_start_mid_session_0051,ANALYSIS_PARTIAL_START_MID_SESSION_0051_partial_start_mid_session_0051,PARTIAL_CAPTURE_START_MID_SESSION,PARTIAL_CAPTURE_CHALLENGE,START_MID_SESSION,LOW,0.0,0.0,1.0,,,0.0,0.0,0.0,0.0,0.0,,0.0,1.0,0.0,0.0,0.0,0.0,0.0,1.0,0.0,1.0,0.0,1.0,0.0,0.0
ANALYSIS_PARTIAL_START_MID_SESSION_0052,partial_start_mid_session_0052,ANALYSIS_PARTIAL_START_MID_SESSION_0052_partial_start_mid_session_0052,PARTIAL_CAPTURE_START_MID_SESSION,PARTIAL_CAPTURE_CHALLENGE,START_MID_SESSION,MEDIUM,0.0,1.0,0.0,,,0.0,0.0,0.0,0.0,0.0,,0.0,0.0,1.0,0.0,0.0,0.0,1.0,0.0,0.0,1.0,0.0,1.0,0.0,0.0
ANALYSIS_PARTIAL_START_MID_SESSION_0053,partial_start_mid_session_0053,ANALYSIS_PARTIAL_START_MID_SESSION_0053_partial_start_mid_session_0053,PARTIAL_CAPTURE_START_MID_SESSION,PARTIAL_CAPTURE_CHALLENGE,START_MID_SESSION,LOW,0.0,1.0,0.0,,,0.0,0.0,0.0,,0.0,,0.0,0.0,0.0,1.0,0.0,0.0,0.0,0.0,0.0,1.0,0.0,0.0,0.0,0.0
ANALYSIS_PARTIAL_START_MID_SESSION_0054,partial_start_mid_session_0054,ANALYSIS_PARTIAL_START_MID_SESSION_0054_partial_start_mid_session_0054,PARTIAL_CAPTURE_START_MID_SESSION,PARTIAL_CAPTURE_CHALLENGE,START_MID_SESSION,HIGH,0.0,1.0,0.0,1.0,0.0,0.0,0.0,0.0,,0.0,1.0,0.0,1.0,0.0,0.0,0.0,1.0,0.0,0.0,1.0,1.0,0.0,0.0,0.0,0.0
ANALYSIS_PARTIAL_START_MID_SESSION_0055,partial_start_mid_session_0055,ANALYSIS_PARTIAL_START_MID_SESSION_0055_partial_start_mid_session_0055,PARTIAL_CAPTURE_START_MID_SESSION,PARTIAL_CAPTURE_CHALLENGE,START_MID_SESSION,CRITICAL,0.0,1.0,0.0,,,0.0,0.0,0.0,1.0,0.0,,0.0,0.0,1.0,0.0,0.0,0.0,0.0,0.0,0.0,1.0,0.0,1.0,0.0,0.0
ANALYSIS_PARTIAL_START_MID_SESSION_0056,partial_start_mid_session_0056,ANALYSIS_PARTIAL_START_MID_SESSION_0056_partial_start_mid_session_0056,PARTIAL_CAPTURE_START_MID_SESSION,PARTIAL_CAPTURE_CHALLENGE,START_MID_SESSION,LOW,0.0,0.0,1.0,,,0.0,0.0,0.0,,0.0,,0.0,0.0,0.0,1.0,0.0,0.0,0.0,0.0,0.0,1.0,0.0,0.0,0.0,0.0
ANALYSIS_PARTIAL_START_MID_SESSION_0057,partial_start_mid_session_0057,ANALYSIS_PARTIAL_START_MID_SESSION_0057_partial_start_mid_session_0057,PARTIAL_CAPTURE_START_MID_SESSION,PARTIAL_CAPTURE_CHALLENGE,START_MID_SESSION,LOW,0.0,1.0,0.0,0.0,0.0,0.0,0.0,0.0,,0.0,0.0,0.0,1.0,0.0,0.0,0.0,0.0,0.0,1.0,1.0,1.0,0.0,0.0,0.0,0.0
ANALYSIS_PARTIAL_START_MID_SESSION_0058,partial_start_mid_session_0058,ANALYSIS_PARTIAL_START_MID_SESSION_0058_partial_start_mid_session_0058,PARTIAL_CAPTURE_START_MID_SESSION,PARTIAL_CAPTURE_CHALLENGE,START_MID_SESSION,HIGH,0.0,0.0,1.0,,,0.0,0.0,1.0,0.0,0.0,,0.0,0.0,1.0,0.0,0.0,1.0,0.0,0.0,0.0,1.0,0.0,1.0,0.0,0.0
ANALYSIS_PARTIAL_START_MID_SESSION_0059,partial_start_mid_session_0059,ANALYSIS_PARTIAL_START_MID_SESSION_0059_partial_start_mid_session_0059,PARTIAL_CAPTURE_START_MID_SESSION,PARTIAL_CAPTURE_CHALLENGE,START_MID_SESSION,HIGH,0.0,0.0,1.0,,,1.0,0.0,0.0,,0.0,,0.0,0.0,0.0,1.0,0.0,2.0,0.0,0.0,0.0,1.0,0.0,0.0,0.0,0.0
ANALYSIS_PARTIAL_START_MID_SESSION_0060,partial_start_mid_session_0060,ANALYSIS_PARTIAL_START_MID_SESSION_0060_partial_start_mid_session_0060,PARTIAL_CAPTURE_START_MID_SESSION,PARTIAL_CAPTURE_CHALLENGE,START_MID_SESSION,LOW,0.0,1.0,0.0,,,0.0,0.0,0.0,,0.0,,0.0,1.0,0.0,0.0,0.0,0.0,0.0,1.0,0.0,1.0,0.0,0.0,0.0,0.0
ANALYSIS_PARTIAL_START_MID_SESSION_0061,partial_start_mid_session_0061,ANALYSIS_PARTIAL_START_MID_SESSION_0061_partial_start_mid_session_0061,PARTIAL_CAPTURE_START_MID_SESSION,PARTIAL_CAPTURE_CHALLENGE,START_MID_SESSION,HIGH,0.0,1.0,0.0,,,1.0,0.0,0.0,0.0,0.0,,0.0,0.0,1.0,0.0,0.0,1.0,0.0,0.0,0.0,1.0,0.0,1.0,0.0,0.0
ANALYSIS_PARTIAL_START_MID_SESSION_0062,partial_start_mid_session_0062,ANALYSIS_PARTIAL_START_MID_SESSION_0062_partial_start_mid_session_0062,PARTIAL_CAPTURE_START_MID_SESSION,PARTIAL_CAPTURE_CHALLENGE,START_MID_SESSION,MEDIUM,0.0,1.0,0.0,0.0,0.0,0.0,0.0,0.0,,0.0,0.0,1.0,0.0,0.0,1.0,0.0,0.0,1.0,0.0,1.0,1.0,0.0,0.0,0.0,0.0
ANALYSIS_PARTIAL_START_MID_SESSION_0063,partial_start_mid_session_0063,ANALYSIS_PARTIAL_START_MID_SESSION_0063_partial_start_mid_session_0063,PARTIAL_CAPTURE_START_MID_SESSION,PARTIAL_CAPTURE_CHALLENGE,START_MID_SESSION,MEDIUM,0.0,0.0,1.0,0.0,0.0,0.0,0.0,0.0,,0.0,0.0,1.0,1.0,0.0,0.0,0.0,0.0,1.0,0.0,1.0,1.0,0.0,0.0,0.0,0.0
ANALYSIS_PARTIAL_START_MID_SESSION_0064,partial_start_mid_session_0064,ANALYSIS_PARTIAL_START_MID_SESSION_0064_partial_start_mid_session_0064,PARTIAL_CAPTURE_START_MID_SESSION,PARTIAL_CAPTURE_CHALLENGE,START_MID_SESSION,HIGH,0.0,1.0,0.0,1.0,0.0,0.0,0.0,0.0,,0.0,1.0,0.0,0.0,1.0,0.0,0.0,1.0,0.0,0.0,1.0,1.0,0.0,0.0,0.0,0.0
ANALYSIS_PARTIAL_START_MID_SESSION_0065,partial_start_mid_session_0065,ANALYSIS_PARTIAL_START_MID_SESSION_0065_partial_start_mid_session_0065,PARTIAL_CAPTURE_START_MID_SESSION,PARTIAL_CAPTURE_CHALLENGE,START_MID_SESSION,LOW,0.0,0.0,1.0,,,0.0,0.0,0.0,0.0,0.0,,0.0,0.0,0.0,1.0,0.0,0.0,0.0,0.0,0.0,1.0,0.0,1.0,0.0,0.0
ANALYSIS_PARTIAL_START_MID_SESSION_0066,partial_start_mid_session_0066,ANALYSIS_PARTIAL_START_MID_SESSION_0066_partial_start_mid_session_0066,PARTIAL_CAPTURE_START_MID_SESSION,PARTIAL_CAPTURE_CHALLENGE,START_MID_SESSION,HIGH,0.0,1.0,0.0,0.0,1.0,0.0,0.0,0.0,0.0,0.0,0.0,0.0,1.0,0.0,0.0,0.0,1.0,0.0,0.0,1.0,1.0,0.0,1.0,0.0,0.0
ANALYSIS_PARTIAL_START_MID_SESSION_0067,partial_start_mid_session_0067,ANALYSIS_PARTIAL_START_MID_SESSION_0067_partial_start_mid_session_0067,PARTIAL_CAPTURE_START_MID_SESSION,PARTIAL_CAPTURE_CHALLENGE,START_MID_SESSION,MEDIUM,0.0,0.0,1.0,0.0,0.0,0.0,0.0,0.0,0.0,0.0,1.0,0.0,0.0,1.0,0.0,0.0,0.0,1.0,0.0,1.0,1.0,0.0,1.0,0.0,0.0
ANALYSIS_PARTIAL_START_MID_SESSION_0068,partial_start_mid_session_0068,ANALYSIS_PARTIAL_START_MID_SESSION_0068_partial_start_mid_session_0068,PARTIAL_CAPTURE_START_MID_SESSION,PARTIAL_CAPTURE_CHALLENGE,START_MID_SESSION,LOW,0.0,0.0,1.0,0.0,0.0,0.0,0.0,0.0,,0.0,0.0,0.0,0.0,0.0,1.0,0.0,0.0,0.0,0.0,1.0,1.0,0.0,0.0,0.0,0.0
ANALYSIS_PARTIAL_START_MID_SESSION_0069,partial_start_mid_session_0069,ANALYSIS_PARTIAL_START_MID_SESSION_0069_partial_start_mid_session_0069,PARTIAL_CAPTURE_START_MID_SESSION,PARTIAL_CAPTURE_CHALLENGE,START_MID_SESSION,HIGH,0.0,1.0,0.0,,,0.0,0.0,1.0,,0.0,,0.0,1.0,0.0,0.0,0.0,1.0,0.0,0.0,0.0,1.0,0.0,0.0,0.0,0.0
ANALYSIS_PARTIAL_START_MID_SESSION_0070,partial_start_mid_session_0070,ANALYSIS_PARTIAL_START_MID_SESSION_0070_partial_start_mid_session_0070,PARTIAL_CAPTURE_START_MID_SESSION,PARTIAL_CAPTURE_CHALLENGE,START_MID_SESSION,MEDIUM,0.0,1.0,0.0,,,0.0,0.0,0.0,,0.0,,0.0,0.0,1.0,0.0,0.0,0.0,1.0,0.0,0.0,1.0,0.0,0.0,0.0,0.0
ANALYSIS_PARTIAL_START_MID_SESSION_0071,partial_start_mid_session_0071,ANALYSIS_PARTIAL_START_MID_SESSION_0071_partial_start_mid_session_0071,PARTIAL_CAPTURE_START_MID_SESSION,PARTIAL_CAPTURE_CHALLENGE,START_MID_SESSION,LOW,0.0,1.0,0.0,0.0,0.0,0.0,0.0,0.0,,0.0,0.0,0.0,0.0,0.0,1.0,0.0,0.0,0.0,0.0,1.0,1.0,0.0,0.0,0.0,0.0
ANALYSIS_PARTIAL_START_MID_SESSION_0072,partial_start_mid_session_0072,ANALYSIS_PARTIAL_START_MID_SESSION_0072_partial_start_mid_session_0072,PARTIAL_CAPTURE_START_MID_SESSION,PARTIAL_CAPTURE_CHALLENGE,START_MID_SESSION,HIGH,0.0,1.0,0.0,0.0,0.0,1.0,0.0,0.0,,0.0,0.0,0.0,1.0,0.0,0.0,0.0,1.0,0.0,0.0,1.0,1.0,0.0,0.0,0.0,0.0
ANALYSIS_PARTIAL_START_MID_SESSION_0073,partial_start_mid_session_0073,ANALYSIS_PARTIAL_START_MID_SESSION_0073_partial_start_mid_session_0073,PARTIAL_CAPTURE_START_MID_SESSION,PARTIAL_CAPTURE_CHALLENGE,START_MID_SESSION,HIGH,0.0,0.0,1.0,,,0.0,0.0,0.0,,0.0,,0.0,0.0,1.0,0.0,0.0,1.0,0.0,0.0,0.0,1.0,0.0,0.0,0.0,0.0
ANALYSIS_PARTIAL_START_MID_SESSION_0074,partial_start_mid_session_0074,ANALYSIS_PARTIAL_START_MID_SESSION_0074_partial_start_mid_session_0074,PARTIAL_CAPTURE_START_MID_SESSION,PARTIAL_CAPTURE_CHALLENGE,START_MID_SESSION,HIGH,0.0,1.0,0.0,,,0.0,0.0,0.0,0.0,0.0,,0.0,0.0,0.0,1.0,0.0,1.0,0.0,0.0,0.0,1.0,0.0,1.0,0.0,0.0
ANALYSIS_PARTIAL_START_MID_SESSION_0075,partial_start_mid_session_0075,ANALYSIS_PARTIAL_START_MID_SESSION_0075_partial_start_mid_session_0075,PARTIAL_CAPTURE_START_MID_SESSION,PARTIAL_CAPTURE_CHALLENGE,START_MID_SESSION,HIGH,0.0,0.0,1.0,0.0,1.0,0.0,0.0,0.0,0.0,0.0,0.0,0.0,1.0,0.0,0.0,0.0,1.0,0.0,0.0,1.0,1.0,0.0,1.0,0.0,0.0
ANALYSIS_PARTIAL_START_MID_SESSION_0076,partial_start_mid_session_0076,ANALYSIS_PARTIAL_START_MID_SESSION_0076_partial_start_mid_session_0076,PARTIAL_CAPTURE_START_MID_SESSION,PARTIAL_CAPTURE_CHALLENGE,START_MID_SESSION,LOW,0.0,1.0,0.0,0.0,0.0,0.0,0.0,0.0,,0.0,0.0,0.0,0.0,1.0,0.0,0.0,0.0,0.0,0.0,1.0,1.0,0.0,0.0,0.0,0.0
ANALYSIS_PARTIAL_START_MID_SESSION_0077,partial_start_mid_session_0077,ANALYSIS_PARTIAL_START_MID_SESSION_0077_partial_start_mid_session_0077,PARTIAL_CAPTURE_START_MID_SESSION,PARTIAL_CAPTURE_CHALLENGE,START_MID_SESSION,CRITICAL,0.0,1.0,0.0,0.0,0.0,0.0,0.0,0.0,,0.0,0.0,0.0,0.0,0.0,1.0,1.0,0.0,0.0,0.0,1.0,1.0,0.0,0.0,0.0,0.0
ANALYSIS_PARTIAL_START_MID_SESSION_0078,partial_start_mid_session_0078,ANALYSIS_PARTIAL_START_MID_SESSION_0078_partial_start_mid_session_0078,PARTIAL_CAPTURE_START_MID_SESSION,PARTIAL_CAPTURE_CHALLENGE,START_MID_SESSION,HIGH,0.0,0.0,1.0,,,1.0,0.0,0.0,0.0,0.0,,0.0,1.0,0.0,0.0,0.0,2.0,0.0,0.0,0.0,1.0,0.0,1.0,0.0,0.0
ANALYSIS_PARTIAL_START_MID_SESSION_0079,partial_start_mid_session_0079,ANALYSIS_PARTIAL_START_MID_SESSION_0079_partial_start_mid_session_0079,PARTIAL_CAPTURE_START_MID_SESSION,PARTIAL_CAPTURE_CHALLENGE,START_MID_SESSION,LOW,0.0,1.0,0.0,,,0.0,0.0,0.0,0.0,0.0,,0.0,0.0,1.0,0.0,0.0,0.0,0.0,0.0,0.0,1.0,0.0,1.0,0.0,0.0
ANALYSIS_PARTIAL_START_MID_SESSION_0080,partial_start_mid_session_0080,ANALYSIS_PARTIAL_START_MID_SESSION_0080_partial_start_mid_session_0080,PARTIAL_CAPTURE_START_MID_SESSION,PARTIAL_CAPTURE_CHALLENGE,START_MID_SESSION,MEDIUM,0.0,0.0,1.0,,,0.0,0.0,0.0,,0.0,,1.0,0.0,0.0,1.0,0.0,0.0,1.0,0.0,0.0,1.0,0.0,0.0,0.0,0.0
ANALYSIS_PARTIAL_START_MID_SESSION_0081,partial_start_mid_session_0081,ANALYSIS_PARTIAL_START_MID_SESSION_0081_partial_start_mid_session_0081,PARTIAL_CAPTURE_START_MID_SESSION,PARTIAL_CAPTURE_CHALLENGE,START_MID_SESSION,MEDIUM,0.0,1.0,0.0,0.0,0.0,0.0,0.0,0.0,,0.0,1.0,0.0,1.0,0.0,0.0,0.0,0.0,1.0,0.0,1.0,1.0,0.0,0.0,0.0,0.0
ANALYSIS_PARTIAL_START_MID_SESSION_0082,partial_start_mid_session_0082,ANALYSIS_PARTIAL_START_MID_SESSION_0082_partial_start_mid_session_0082,PARTIAL_CAPTURE_START_MID_SESSION,PARTIAL_CAPTURE_CHALLENGE,START_MID_SESSION,LOW,0.0,0.0,1.0,,,0.0,0.0,0.0,,0.0,,0.0,0.0,1.0,0.0,0.0,0.0,0.0,0.0,0.0,1.0,0.0,0.0,0.0,0.0
ANALYSIS_PARTIAL_START_MID_SESSION_0083,partial_start_mid_session_0083,ANALYSIS_PARTIAL_START_MID_SESSION_0083_partial_start_mid_session_0083,PARTIAL_CAPTURE_START_MID_SESSION,PARTIAL_CAPTURE_CHALLENGE,START_MID_SESSION,LOW,0.0,0.0,1.0,,,0.0,0.0,0.0,0.0,0.0,,0.0,0.0,0.0,1.0,0.0,0.0,0.0,0.0,0.0,1.0,0.0,1.0,0.0,0.0
ANALYSIS_PARTIAL_START_MID_SESSION_0084,partial_start_mid_session_0084,ANALYSIS_PARTIAL_START_MID_SESSION_0084_partial_start_mid_session_0084,PARTIAL_CAPTURE_START_MID_SESSION,PARTIAL_CAPTURE_CHALLENGE,START_MID_SESSION,HIGH,0.0,0.0,1.0,,,0.0,0.0,0.0,0.0,0.0,,0.0,1.0,0.0,0.0,0.0,1.0,0.0,0.0,0.0,1.0,0.0,1.0,0.0,0.0
ANALYSIS_PARTIAL_START_MID_SESSION_0085,partial_start_mid_session_0085,ANALYSIS_PARTIAL_START_MID_SESSION_0085_partial_start_mid_session_0085,PARTIAL_CAPTURE_START_MID_SESSION,PARTIAL_CAPTURE_CHALLENGE,START_MID_SESSION,HIGH,0.0,1.0,0.0,,,1.0,0.0,0.0,,0.0,,0.0,0.0,1.0,0.0,0.0,1.0,0.0,0.0,0.0,1.0,0.0,0.0,0.0,0.0
ANALYSIS_PARTIAL_START_MID_SESSION_0086,partial_start_mid_session_0086,ANALYSIS_PARTIAL_START_MID_SESSION_0086_partial_start_mid_session_0086,PARTIAL_CAPTURE_START_MID_SESSION,PARTIAL_CAPTURE_CHALLENGE,START_MID_SESSION,CRITICAL,1.0,0.0,0.0,,,,,,,0.0,,,0.0,0.0,1.0,0.0,0.0,0.0,0.0,0.0,0.0,0.0,0.0,0.0,0.0
ANALYSIS_PARTIAL_START_MID_SESSION_0087,partial_start_mid_session_0087,ANALYSIS_PARTIAL_START_MID_SESSION_0087_partial_start_mid_session_0087,PARTIAL_CAPTURE_START_MID_SESSION,PARTIAL_CAPTURE_CHALLENGE,START_MID_SESSION,HIGH,0.0,1.0,0.0,0.0,1.0,0.0,0.0,0.0,0.0,0.0,0.0,0.0,1.0,0.0,0.0,0.0,1.0,0.0,0.0,1.0,1.0,0.0,1.0,0.0,0.0
ANALYSIS_PARTIAL_START_MID_SESSION_0088,partial_start_mid_session_0088,ANALYSIS_PARTIAL_START_MID_SESSION_0088_partial_start_mid_session_0088,PARTIAL_CAPTURE_START_MID_SESSION,PARTIAL_CAPTURE_CHALLENGE,START_MID_SESSION,LOW,0.0,0.0,1.0,0.0,0.0,0.0,0.0,0.0,,0.0,0.0,0.0,0.0,1.0,0.0,0.0,0.0,0.0,1.0,1.0,1.0,0.0,0.0,0.0,0.0
ANALYSIS_PARTIAL_START_MID_SESSION_0089,partial_start_mid_session_0089,ANALYSIS_PARTIAL_START_MID_SESSION_0089_partial_start_mid_session_0089,PARTIAL_CAPTURE_START_MID_SESSION,PARTIAL_CAPTURE_CHALLENGE,START_MID_SESSION,HIGH,0.0,0.0,1.0,0.0,0.0,0.0,0.0,1.0,,0.0,0.0,0.0,0.0,0.0,1.0,0.0,1.0,0.0,0.0,1.0,1.0,0.0,0.0,0.0,0.0
ANALYSIS_PARTIAL_START_MID_SESSION_0090,partial_start_mid_session_0090,ANALYSIS_PARTIAL_START_MID_SESSION_0090_partial_start_mid_session_0090,PARTIAL_CAPTURE_START_MID_SESSION,PARTIAL_CAPTURE_CHALLENGE,START_MID_SESSION,LOW,0.0,0.0,1.0,0.0,0.0,0.0,0.0,0.0,0.0,0.0,0.0,0.0,1.0,0.0,0.0,0.0,0.0,0.0,0.0,1.0,1.0,0.0,1.0,0.0,0.0
ANALYSIS_PARTIAL_START_MID_SESSION_0091,partial_start_mid_session_0091,ANALYSIS_PARTIAL_START_MID_SESSION_0091_partial_start_mid_session_0091,PARTIAL_CAPTURE_START_MID_SESSION,PARTIAL_CAPTURE_CHALLENGE,START_MID_SESSION,HIGH,0.0,1.0,0.0,,,0.0,0.0,0.0,,0.0,,0.0,0.0,1.0,0.0,0.0,1.0,0.0,0.0,0.0,1.0,0.0,0.0,0.0,0.0
ANALYSIS_PARTIAL_START_MID_SESSION_0092,partial_start_mid_session_0092,ANALYSIS_PARTIAL_START_MID_SESSION_0092_partial_start_mid_session_0092,PARTIAL_CAPTURE_START_MID_SESSION,PARTIAL_CAPTURE_CHALLENGE,START_MID_SESSION,LOW,0.0,0.0,1.0,,,0.0,0.0,0.0,,0.0,,0.0,0.0,0.0,1.0,0.0,0.0,0.0,0.0,0.0,1.0,0.0,0.0,0.0,0.0
ANALYSIS_PARTIAL_START_MID_SESSION_0093,partial_start_mid_session_0093,ANALYSIS_PARTIAL_START_MID_SESSION_0093_partial_start_mid_session_0093,PARTIAL_CAPTURE_START_MID_SESSION,PARTIAL_CAPTURE_CHALLENGE,START_MID_SESSION,CRITICAL,1.0,0.0,0.0,,,,,,,0.0,,,1.0,0.0,0.0,0.0,0.0,0.0,0.0,0.0,0.0,0.0,0.0,0.0,0.0
ANALYSIS_PARTIAL_START_MID_SESSION_0094,partial_start_mid_session_0094,ANALYSIS_PARTIAL_START_MID_SESSION_0094_partial_start_mid_session_0094,PARTIAL_CAPTURE_START_MID_SESSION,PARTIAL_CAPTURE_CHALLENGE,START_MID_SESSION,MEDIUM,0.0,0.0,1.0,,,0.0,0.0,0.0,,0.0,,0.0,0.0,1.0,0.0,0.0,0.0,1.0,0.0,0.0,1.0,0.0,0.0,0.0,0.0
ANALYSIS_PARTIAL_START_MID_SESSION_0095,partial_start_mid_session_0095,ANALYSIS_PARTIAL_START_MID_SESSION_0095_partial_start_mid_session_0095,PARTIAL_CAPTURE_START_MID_SESSION,PARTIAL_CAPTURE_CHALLENGE,START_MID_SESSION,LOW,0.0,1.0,0.0,,,0.0,0.0,0.0,,0.0,,0.0,0.0,0.0,1.0,0.0,0.0,0.0,0.0,0.0,1.0,0.0,0.0,0.0,0.0
ANALYSIS_PARTIAL_START_MID_SESSION_0096,partial_start_mid_session_0096,ANALYSIS_PARTIAL_START_MID_SESSION_0096_partial_start_mid_session_0096,PARTIAL_CAPTURE_START_MID_SESSION,PARTIAL_CAPTURE_CHALLENGE,START_MID_SESSION,MEDIUM,0.0,1.0,0.0,,,0.0,0.0,0.0,,0.0,,1.0,1.0,0.0,0.0,0.0,0.0,1.0,0.0,0.0,1.0,0.0,0.0,0.0,0.0
ANALYSIS_PARTIAL_START_MID_SESSION_0097,partial_start_mid_session_0097,ANALYSIS_PARTIAL_START_MID_SESSION_0097_partial_start_mid_session_0097,PARTIAL_CAPTURE_START_MID_SESSION,PARTIAL_CAPTURE_CHALLENGE,START_MID_SESSION,MEDIUM,0.0,1.0,0.0,,,0.0,0.0,0.0,0.0,0.0,,0.0,0.0,1.0,0.0,0.0,0.0,1.0,0.0,0.0,1.0,0.0,1.0,0.0,0.0
ANALYSIS_PARTIAL_START_MID_SESSION_0098,partial_start_mid_session_0098,ANALYSIS_PARTIAL_START_MID_SESSION_0098_partial_start_mid_session_0098,PARTIAL_CAPTURE_START_MID_SESSION,PARTIAL_CAPTURE_CHALLENGE,START_MID_SESSION,MEDIUM,0.0,0.0,1.0,0.0,0.0,0.0,0.0,0.0,,0.0,0.0,1.0,0.0,0.0,1.0,0.0,0.0,1.0,0.0,1.0,1.0,0.0,0.0,0.0,0.0
ANALYSIS_PARTIAL_START_MID_SESSION_0099,partial_start_mid_session_0099,ANALYSIS_PARTIAL_START_MID_SESSION_0099_partial_start_mid_session_0099,PARTIAL_CAPTURE_START_MID_SESSION,PARTIAL_CAPTURE_CHALLENGE,START_MID_SESSION,HIGH,0.0,1.0,0.0,0.0,1.0,0.0,0.0,0.0,,0.0,0.0,0.0,1.0,0.0,0.0,0.0,1.0,0.0,0.0,1.0,1.0,0.0,0.0,0.0,0.0
ANALYSIS_PARTIAL_START_AFTER_STARTTLS_0000,partial_start_after_starttls_0000,ANALYSIS_PARTIAL_START_AFTER_STARTTLS_0000_partial_start_after_starttls_0000,PARTIAL_CAPTURE_START_AFTER_STARTTLS,PARTIAL_CAPTURE_CHALLENGE,START_AFTER_STARTTLS,HIGH,0.0,1.0,0.0,1.0,0.0,0.0,0.0,0.0,0.0,0.0,1.0,0.0,1.0,0.0,0.0,0.0,1.0,0.0,0.0,1.0,1.0,0.0,1.0,0.0,0.0
ANALYSIS_PARTIAL_START_AFTER_STARTTLS_0001,partial_start_after_starttls_0001,ANALYSIS_PARTIAL_START_AFTER_STARTTLS_0001_partial_start_after_starttls_0001,PARTIAL_CAPTURE_START_AFTER_STARTTLS,PARTIAL_CAPTURE_CHALLENGE,START_AFTER_STARTTLS,HIGH,0.0,1.0,0.0,0.0,1.0,0.0,0.0,0.0,0.0,0.0,0.0,0.0,0.0,1.0,0.0,0.0,1.0,0.0,0.0,1.0,1.0,0.0,1.0,0.0,0.0
ANALYSIS_PARTIAL_START_AFTER_STARTTLS_0002,partial_start_after_starttls_0002,ANALYSIS_PARTIAL_START_AFTER_STARTTLS_0002_partial_start_after_starttls_0002,PARTIAL_CAPTURE_START_AFTER_STARTTLS,PARTIAL_CAPTURE_CHALLENGE,START_AFTER_STARTTLS,CRITICAL,0.0,0.0,1.0,1.0,1.0,1.0,0.0,0.0,0.0,0.0,0.0,0.0,0.0,0.0,1.0,0.0,2.0,0.0,0.0,1.0,1.0,0.0,1.0,0.0,0.0
ANALYSIS_PARTIAL_START_AFTER_STARTTLS_0003,partial_start_after_starttls_0003,ANALYSIS_PARTIAL_START_AFTER_STARTTLS_0003_partial_start_after_starttls_0003,PARTIAL_CAPTURE_START_AFTER_STARTTLS,PARTIAL_CAPTURE_CHALLENGE,START_AFTER_STARTTLS,HIGH,0.0,1.0,0.0,1.0,0.0,0.0,0.0,0.0,0.0,0.0,1.0,0.0,1.0,0.0,0.0,0.0,1.0,0.0,0.0,1.0,1.0,0.0,1.0,0.0,0.0
ANALYSIS_PARTIAL_START_AFTER_STARTTLS_0004,partial_start_after_starttls_0004,ANALYSIS_PARTIAL_START_AFTER_STARTTLS_0004_partial_start_after_starttls_0004,PARTIAL_CAPTURE_START_AFTER_STARTTLS,PARTIAL_CAPTURE_CHALLENGE,START_AFTER_STARTTLS,HIGH,0.0,0.0,1.0,0.0,0.0,1.0,0.0,0.0,0.0,0.0,0.0,0.0,0.0,1.0,0.0,0.0,1.0,0.0,0.0,1.0,1.0,0.0,1.0,0.0,0.0
ANALYSIS_PARTIAL_START_AFTER_STARTTLS_0005,partial_start_after_starttls_0005,ANALYSIS_PARTIAL_START_AFTER_STARTTLS_0005_partial_start_after_starttls_0005,PARTIAL_CAPTURE_START_AFTER_STARTTLS,PARTIAL_CAPTURE_CHALLENGE,START_AFTER_STARTTLS,HIGH,0.0,0.0,1.0,0.0,1.0,0.0,0.0,0.0,0.0,0.0,0.0,0.0,0.0,0.0,1.0,0.0,1.0,0.0,0.0,1.0,1.0,0.0,1.0,0.0,0.0
ANALYSIS_PARTIAL_START_AFTER_STARTTLS_0006,partial_start_after_starttls_0006,ANALYSIS_PARTIAL_START_AFTER_STARTTLS_0006_partial_start_after_starttls_0006,PARTIAL_CAPTURE_START_AFTER_STARTTLS,PARTIAL_CAPTURE_CHALLENGE,START_AFTER_STARTTLS,HIGH,0.0,1.0,0.0,0.0,0.0,1.0,0.0,0.0,0.0,0.0,0.0,0.0,1.0,0.0,0.0,0.0,1.0,0.0,0.0,1.0,1.0,0.0,1.0,0.0,0.0
ANALYSIS_PARTIAL_START_AFTER_STARTTLS_0007,partial_start_after_starttls_0007,ANALYSIS_PARTIAL_START_AFTER_STARTTLS_0007_partial_start_after_starttls_0007,PARTIAL_CAPTURE_START_AFTER_STARTTLS,PARTIAL_CAPTURE_CHALLENGE,START_AFTER_STARTTLS,MEDIUM,0.0,0.0,1.0,0.0,0.0,0.0,0.0,0.0,0.0,0.0,0.0,1.0,0.0,1.0,0.0,0.0,0.0,1.0,0.0,1.0,1.0,0.0,1.0,0.0,0.0
ANALYSIS_PARTIAL_START_AFTER_STARTTLS_0008,partial_start_after_starttls_0008,ANALYSIS_PARTIAL_START_AFTER_STARTTLS_0008_partial_start_after_starttls_0008,PARTIAL_CAPTURE_START_AFTER_STARTTLS,PARTIAL_CAPTURE_CHALLENGE,START_AFTER_STARTTLS,MEDIUM,0.0,0.0,1.0,0.0,0.0,0.0,0.0,0.0,0.0,0.0,1.0,0.0,0.0,0.0,1.0,0.0,0.0,0.0,0.0,1.0,1.0,0.0,1.0,0.0,0.0
ANALYSIS_PARTIAL_START_AFTER_STARTTLS_0009,partial_start_after_starttls_0009,ANALYSIS_PARTIAL_START_AFTER_STARTTLS_0009_partial_start_after_starttls_0009,PARTIAL_CAPTURE_START_AFTER_STARTTLS,PARTIAL_CAPTURE_CHALLENGE,START_AFTER_STARTTLS,HIGH,0.0,1.0,0.0,0.0,0.0,1.0,0.0,0.0,0.0,0.0,0.0,0.0,1.0,0.0,0.0,0.0,1.0,0.0,0.0,1.0,1.0,0.0,1.0,0.0,0.0
ANALYSIS_PARTIAL_START_AFTER_STARTTLS_0010,partial_start_after_starttls_0010,ANALYSIS_PARTIAL_START_AFTER_STARTTLS_0010_partial_start_after_starttls_0010,PARTIAL_CAPTURE_START_AFTER_STARTTLS,PARTIAL_CAPTURE_CHALLENGE,START_AFTER_STARTTLS,LOW,0.0,1.0,0.0,0.0,0.0,0.0,0.0,0.0,0.0,0.0,0.0,0.0,0.0,1.0,0.0,0.0,0.0,0.0,0.0,1.0,1.0,0.0,1.0,0.0,0.0
ANALYSIS_PARTIAL_START_AFTER_STARTTLS_0011,partial_start_after_starttls_0011,ANALYSIS_PARTIAL_START_AFTER_STARTTLS_0011_partial_start_after_starttls_0011,PARTIAL_CAPTURE_START_AFTER_STARTTLS,PARTIAL_CAPTURE_CHALLENGE,START_AFTER_STARTTLS,MEDIUM,0.0,1.0,0.0,0.0,0.0,0.0,0.0,0.0,0.0,0.0,1.0,0.0,0.0,0.0,1.0,0.0,0.0,0.0,1.0,1.0,1.0,0.0,1.0,0.0,0.0
ANALYSIS_PARTIAL_START_AFTER_STARTTLS_0012,partial_start_after_starttls_0012,ANALYSIS_PARTIAL_START_AFTER_STARTTLS_0012_partial_start_after_starttls_0012,PARTIAL_CAPTURE_START_AFTER_STARTTLS,PARTIAL_CAPTURE_CHALLENGE,START_AFTER_STARTTLS,HIGH,0.0,1.0,0.0,0.0,0.0,0.0,0.0,1.0,0.0,0.0,0.0,0.0,1.0,0.0,0.0,0.0,1.0,0.0,0.0,1.0,1.0,0.0,1.0,0.0,0.0
ANALYSIS_PARTIAL_START_AFTER_STARTTLS_0013,partial_start_after_starttls_0013,ANALYSIS_PARTIAL_START_AFTER_STARTTLS_0013_partial_start_after_starttls_0013,PARTIAL_CAPTURE_START_AFTER_STARTTLS,PARTIAL_CAPTURE_CHALLENGE,START_AFTER_STARTTLS,MEDIUM,0.0,0.0,1.0,0.0,0.0,0.0,0.0,0.0,0.0,0.0,0.0,1.0,0.0,1.0,0.0,0.0,0.0,1.0,0.0,1.0,1.0,0.0,1.0,0.0,0.0
ANALYSIS_PARTIAL_START_AFTER_STARTTLS_0014,partial_start_after_starttls_0014,ANALYSIS_PARTIAL_START_AFTER_STARTTLS_0014_partial_start_after_starttls_0014,PARTIAL_CAPTURE_START_AFTER_STARTTLS,PARTIAL_CAPTURE_CHALLENGE,START_AFTER_STARTTLS,CRITICAL,0.0,0.0,1.0,1.0,1.0,1.0,0.0,0.0,0.0,0.0,0.0,0.0,0.0,0.0,1.0,0.0,2.0,0.0,0.0,1.0,1.0,0.0,1.0,0.0,0.0
ANALYSIS_PARTIAL_START_AFTER_STARTTLS_0015,partial_start_after_starttls_0015,ANALYSIS_PARTIAL_START_AFTER_STARTTLS_0015_partial_start_after_starttls_0015,PARTIAL_CAPTURE_START_AFTER_STARTTLS,PARTIAL_CAPTURE_CHALLENGE,START_AFTER_STARTTLS,HIGH,0.0,1.0,0.0,0.0,0.0,1.0,0.0,0.0,0.0,0.0,0.0,0.0,1.0,0.0,0.0,0.0,1.0,0.0,0.0,1.0,1.0,0.0,1.0,0.0,0.0
ANALYSIS_PARTIAL_START_AFTER_STARTTLS_0016,partial_start_after_starttls_0016,ANALYSIS_PARTIAL_START_AFTER_STARTTLS_0016_partial_start_after_starttls_0016,PARTIAL_CAPTURE_START_AFTER_STARTTLS,PARTIAL_CAPTURE_CHALLENGE,START_AFTER_STARTTLS,HIGH,0.0,0.0,1.0,0.0,1.0,0.0,0.0,0.0,0.0,0.0,0.0,0.0,0.0,1.0,0.0,0.0,1.0,0.0,0.0,1.0,1.0,0.0,1.0,0.0,0.0
ANALYSIS_PARTIAL_START_AFTER_STARTTLS_0017,partial_start_after_starttls_0017,ANALYSIS_PARTIAL_START_AFTER_STARTTLS_0017_partial_start_after_starttls_0017,PARTIAL_CAPTURE_START_AFTER_STARTTLS,PARTIAL_CAPTURE_CHALLENGE,START_AFTER_STARTTLS,LOW,0.0,1.0,0.0,0.0,0.0,0.0,0.0,0.0,,0.0,0.0,0.0,0.0,0.0,1.0,0.0,0.0,0.0,0.0,1.0,1.0,0.0,0.0,0.0,0.0
ANALYSIS_PARTIAL_START_AFTER_STARTTLS_0018,partial_start_after_starttls_0018,ANALYSIS_PARTIAL_START_AFTER_STARTTLS_0018_partial_start_after_starttls_0018,PARTIAL_CAPTURE_START_AFTER_STARTTLS,PARTIAL_CAPTURE_CHALLENGE,START_AFTER_STARTTLS,MEDIUM,0.0,0.0,1.0,0.0,0.0,0.0,0.0,0.0,0.0,0.0,0.0,1.0,1.0,0.0,0.0,0.0,0.0,1.0,0.0,1.0,1.0,0.0,1.0,0.0,0.0
ANALYSIS_PARTIAL_START_AFTER_STARTTLS_0019,partial_start_after_starttls_0019,ANALYSIS_PARTIAL_START_AFTER_STARTTLS_0019_partial_start_after_starttls_0019,PARTIAL_CAPTURE_START_AFTER_STARTTLS,PARTIAL_CAPTURE_CHALLENGE,START_AFTER_STARTTLS,HIGH,0.0,1.0,0.0,0.0,1.0,0.0,0.0,0.0,0.0,0.0,0.0,0.0,0.0,1.0,0.0,0.0,1.0,0.0,0.0,1.0,1.0,0.0,1.0,0.0,0.0
ANALYSIS_PARTIAL_START_AFTER_STARTTLS_0020,partial_start_after_starttls_0020,ANALYSIS_PARTIAL_START_AFTER_STARTTLS_0020_partial_start_after_starttls_0020,PARTIAL_CAPTURE_START_AFTER_STARTTLS,PARTIAL_CAPTURE_CHALLENGE,START_AFTER_STARTTLS,HIGH,0.0,0.0,1.0,0.0,0.0,1.0,0.0,0.0,0.0,0.0,0.0,0.0,0.0,0.0,1.0,0.0,1.0,0.0,0.0,1.0,1.0,0.0,1.0,0.0,0.0
ANALYSIS_PARTIAL_START_AFTER_STARTTLS_0021,partial_start_after_starttls_0021,ANALYSIS_PARTIAL_START_AFTER_STARTTLS_0021_partial_start_after_starttls_0021,PARTIAL_CAPTURE_START_AFTER_STARTTLS,PARTIAL_CAPTURE_CHALLENGE,START_AFTER_STARTTLS,HIGH,0.0,0.0,1.0,0.0,0.0,1.0,0.0,0.0,0.0,0.0,0.0,0.0,1.0,0.0,0.0,0.0,1.0,0.0,0.0,1.0,1.0,0.0,1.0,0.0,0.0
ANALYSIS_PARTIAL_START_AFTER_STARTTLS_0022,partial_start_after_starttls_0022,ANALYSIS_PARTIAL_START_AFTER_STARTTLS_0022_partial_start_after_starttls_0022,PARTIAL_CAPTURE_START_AFTER_STARTTLS,PARTIAL_CAPTURE_CHALLENGE,START_AFTER_STARTTLS,LOW,0.0,1.0,0.0,0.0,0.0,0.0,0.0,0.0,0.0,0.0,0.0,0.0,0.0,1.0,0.0,0.0,0.0,0.0,0.0,1.0,1.0,0.0,1.0,0.0,0.0
ANALYSIS_PARTIAL_START_AFTER_STARTTLS_0023,partial_start_after_starttls_0023,ANALYSIS_PARTIAL_START_AFTER_STARTTLS_0023_partial_start_after_starttls_0023,PARTIAL_CAPTURE_START_AFTER_STARTTLS,PARTIAL_CAPTURE_CHALLENGE,START_AFTER_STARTTLS,HIGH,0.0,0.0,1.0,0.0,0.0,1.0,0.0,0.0,0.0,0.0,0.0,0.0,0.0,0.0,1.0,0.0,1.0,0.0,0.0,1.0,1.0,0.0,1.0,0.0,0.0
ANALYSIS_PARTIAL_START_AFTER_STARTTLS_0024,partial_start_after_starttls_0024,ANALYSIS_PARTIAL_START_AFTER_STARTTLS_0024_partial_start_after_starttls_0024,PARTIAL_CAPTURE_START_AFTER_STARTTLS,PARTIAL_CAPTURE_CHALLENGE,START_AFTER_STARTTLS,LOW,0.0,0.0,1.0,0.0,0.0,0.0,0.0,0.0,0.0,0.0,0.0,0.0,1.0,0.0,0.0,0.0,0.0,0.0,0.0,1.0,1.0,0.0,1.0,0.0,0.0
ANALYSIS_PARTIAL_START_AFTER_STARTTLS_0025,partial_start_after_starttls_0025,ANALYSIS_PARTIAL_START_AFTER_STARTTLS_0025_partial_start_after_starttls_0025,PARTIAL_CAPTURE_START_AFTER_STARTTLS,PARTIAL_CAPTURE_CHALLENGE,START_AFTER_STARTTLS,LOW,0.0,1.0,0.0,0.0,0.0,0.0,0.0,0.0,,0.0,0.0,0.0,0.0,1.0,0.0,0.0,0.0,0.0,0.0,1.0,1.0,0.0,0.0,0.0,0.0
ANALYSIS_PARTIAL_START_AFTER_STARTTLS_0026,partial_start_after_starttls_0026,ANALYSIS_PARTIAL_START_AFTER_STARTTLS_0026_partial_start_after_starttls_0026,PARTIAL_CAPTURE_START_AFTER_STARTTLS,PARTIAL_CAPTURE_CHALLENGE,START_AFTER_STARTTLS,HIGH,0.0,1.0,0.0,0.0,1.0,0.0,0.0,0.0,0.0,0.0,0.0,0.0,0.0,0.0,1.0,0.0,1.0,0.0,0.0,1.0,1.0,0.0,1.0,0.0,0.0
ANALYSIS_PARTIAL_START_AFTER_STARTTLS_0027,partial_start_after_starttls_0027,ANALYSIS_PARTIAL_START_AFTER_STARTTLS_0027_partial_start_after_starttls_0027,PARTIAL_CAPTURE_START_AFTER_STARTTLS,PARTIAL_CAPTURE_CHALLENGE,START_AFTER_STARTTLS,HIGH,0.0,1.0,0.0,1.0,0.0,0.0,0.0,0.0,0.0,0.0,0.0,0.0,1.0,0.0,0.0,0.0,1.0,0.0,0.0,1.0,1.0,0.0,1.0,0.0,0.0
ANALYSIS_PARTIAL_START_AFTER_STARTTLS_0028,partial_start_after_starttls_0028,ANALYSIS_PARTIAL_START_AFTER_STARTTLS_0028_partial_start_after_starttls_0028,PARTIAL_CAPTURE_START_AFTER_STARTTLS,PARTIAL_CAPTURE_CHALLENGE,START_AFTER_STARTTLS,MEDIUM,0.0,0.0,1.0,0.0,0.0,0.0,0.0,0.0,0.0,0.0,0.0,1.0,0.0,1.0,0.0,0.0,0.0,1.0,0.0,1.0,1.0,0.0,1.0,0.0,0.0
ANALYSIS_PARTIAL_START_AFTER_STARTTLS_0029,partial_start_after_starttls_0029,ANALYSIS_PARTIAL_START_AFTER_STARTTLS_0029_partial_start_after_starttls_0029,PARTIAL_CAPTURE_START_AFTER_STARTTLS,PARTIAL_CAPTURE_CHALLENGE,START_AFTER_STARTTLS,HIGH,0.0,0.0,1.0,0.0,0.0,1.0,0.0,0.0,0.0,0.0,0.0,0.0,0.0,0.0,1.0,0.0,1.0,0.0,0.0,1.0,1.0,0.0,1.0,0.0,0.0
ANALYSIS_PARTIAL_START_AFTER_STARTTLS_0030,partial_start_after_starttls_0030,ANALYSIS_PARTIAL_START_AFTER_STARTTLS_0030_partial_start_after_starttls_0030,PARTIAL_CAPTURE_START_AFTER_STARTTLS,PARTIAL_CAPTURE_CHALLENGE,START_AFTER_STARTTLS,HIGH,0.0,1.0,0.0,0.0,0.0,0.0,0.0,1.0,0.0,0.0,0.0,0.0,1.0,0.0,0.0,0.0,1.0,0.0,0.0,1.0,1.0,0.0,1.0,0.0,0.0
ANALYSIS_PARTIAL_START_AFTER_STARTTLS_0031,partial_start_after_starttls_0031,ANALYSIS_PARTIAL_START_AFTER_STARTTLS_0031_partial_start_after_starttls_0031,PARTIAL_CAPTURE_START_AFTER_STARTTLS,PARTIAL_CAPTURE_CHALLENGE,START_AFTER_STARTTLS,MEDIUM,0.0,0.0,1.0,0.0,0.0,0.0,0.0,0.0,0.0,0.0,1.0,0.0,0.0,1.0,0.0,0.0,0.0,1.0,0.0,1.0,1.0,0.0,1.0,0.0,0.0
ANALYSIS_PARTIAL_START_AFTER_STARTTLS_0032,partial_start_after_starttls_0032,ANALYSIS_PARTIAL_START_AFTER_STARTTLS_0032_partial_start_after_starttls_0032,PARTIAL_CAPTURE_START_AFTER_STARTTLS,PARTIAL_CAPTURE_CHALLENGE,START_AFTER_STARTTLS,CRITICAL,1.0,0.0,0.0,,,,,,0.0,0.0,,,0.0,0.0,1.0,0.0,0.0,0.0,0.0,0.0,0.0,0.0,1.0,0.0,0.0
ANALYSIS_PARTIAL_START_AFTER_STARTTLS_0033,partial_start_after_starttls_0033,ANALYSIS_PARTIAL_START_AFTER_STARTTLS_0033_partial_start_after_starttls_0033,PARTIAL_CAPTURE_START_AFTER_STARTTLS,PARTIAL_CAPTURE_CHALLENGE,START_AFTER_STARTTLS,CRITICAL,0.0,0.0,1.0,1.0,1.0,1.0,0.0,0.0,0.0,0.0,0.0,0.0,1.0,0.0,0.0,0.0,2.0,0.0,0.0,1.0,1.0,0.0,1.0,0.0,0.0
ANALYSIS_PARTIAL_START_AFTER_STARTTLS_0034,partial_start_after_starttls_0034,ANALYSIS_PARTIAL_START_AFTER_STARTTLS_0034_partial_start_after_starttls_0034,PARTIAL_CAPTURE_START_AFTER_STARTTLS,PARTIAL_CAPTURE_CHALLENGE,START_AFTER_STARTTLS,MEDIUM,0.0,0.0,1.0,0.0,0.0,0.0,0.0,0.0,0.0,0.0,1.0,0.0,0.0,1.0,0.0,0.0,0.0,1.0,0.0,1.0,1.0,0.0,1.0,0.0,0.0
ANALYSIS_PARTIAL_START_AFTER_STARTTLS_0035,partial_start_after_starttls_0035,ANALYSIS_PARTIAL_START_AFTER_STARTTLS_0035_partial_start_after_starttls_0035,PARTIAL_CAPTURE_START_AFTER_STARTTLS,PARTIAL_CAPTURE_CHALLENGE,START_AFTER_STARTTLS,HIGH,0.0,0.0,1.0,0.0,0.0,1.0,0.0,0.0,0.0,0.0,0.0,0.0,0.0,0.0,1.0,0.0,1.0,0.0,0.0,1.0,1.0,0.0,1.0,0.0,0.0
ANALYSIS_PARTIAL_START_AFTER_STARTTLS_0036,partial_start_after_starttls_0036,ANALYSIS_PARTIAL_START_AFTER_STARTTLS_0036_partial_start_after_starttls_0036,PARTIAL_CAPTURE_START_AFTER_STARTTLS,PARTIAL_CAPTURE_CHALLENGE,START_AFTER_STARTTLS,LOW,0.0,0.0,1.0,0.0,0.0,0.0,0.0,0.0,0.0,0.0,0.0,0.0,1.0,0.0,0.0,0.0,0.0,0.0,0.0,1.0,1.0,0.0,1.0,0.0,0.0
ANALYSIS_PARTIAL_START_AFTER_STARTTLS_0037,partial_start_after_starttls_0037,ANALYSIS_PARTIAL_START_AFTER_STARTTLS_0037_partial_start_after_starttls_0037,PARTIAL_CAPTURE_START_AFTER_STARTTLS,PARTIAL_CAPTURE_CHALLENGE,START_AFTER_STARTTLS,MEDIUM,0.0,0.0,1.0,0.0,0.0,0.0,0.0,0.0,0.0,0.0,0.0,1.0,0.0,1.0,0.0,0.0,0.0,1.0,0.0,1.0,1.0,0.0,1.0,0.0,0.0
ANALYSIS_PARTIAL_START_AFTER_STARTTLS_0038,partial_start_after_starttls_0038,ANALYSIS_PARTIAL_START_AFTER_STARTTLS_0038_partial_start_after_starttls_0038,PARTIAL_CAPTURE_START_AFTER_STARTTLS,PARTIAL_CAPTURE_CHALLENGE,START_AFTER_STARTTLS,HIGH,0.0,1.0,0.0,0.0,1.0,0.0,0.0,0.0,0.0,0.0,0.0,0.0,0.0,0.0,1.0,0.0,1.0,0.0,0.0,1.0,1.0,0.0,1.0,0.0,0.0
ANALYSIS_PARTIAL_START_AFTER_STARTTLS_0039,partial_start_after_starttls_0039,ANALYSIS_PARTIAL_START_AFTER_STARTTLS_0039_partial_start_after_starttls_0039,PARTIAL_CAPTURE_START_AFTER_STARTTLS,PARTIAL_CAPTURE_CHALLENGE,START_AFTER_STARTTLS,LOW,0.0,0.0,1.0,0.0,0.0,0.0,0.0,0.0,0.0,0.0,0.0,0.0,1.0,0.0,0.0,0.0,0.0,0.0,0.0,1.0,1.0,0.0,1.0,0.0,0.0
ANALYSIS_PARTIAL_START_AFTER_STARTTLS_0040,partial_start_after_starttls_0040,ANALYSIS_PARTIAL_START_AFTER_STARTTLS_0040_partial_start_after_starttls_0040,PARTIAL_CAPTURE_START_AFTER_STARTTLS,PARTIAL_CAPTURE_CHALLENGE,START_AFTER_STARTTLS,MEDIUM,0.0,0.0,1.0,0.0,0.0,0.0,0.0,0.0,0.0,0.0,1.0,0.0,0.0,1.0,0.0,0.0,0.0,1.0,0.0,1.0,1.0,0.0,1.0,0.0,0.0
ANALYSIS_PARTIAL_START_AFTER_STARTTLS_0041,partial_start_after_starttls_0041,ANALYSIS_PARTIAL_START_AFTER_STARTTLS_0041_partial_start_after_starttls_0041,PARTIAL_CAPTURE_START_AFTER_STARTTLS,PARTIAL_CAPTURE_CHALLENGE,START_AFTER_STARTTLS,HIGH,0.0,0.0,1.0,0.0,0.0,1.0,0.0,0.0,0.0,0.0,0.0,0.0,0.0,0.0,1.0,0.0,1.0,0.0,0.0,1.0,1.0,0.0,1.0,0.0,0.0
ANALYSIS_PARTIAL_START_AFTER_STARTTLS_0042,partial_start_after_starttls_0042,ANALYSIS_PARTIAL_START_AFTER_STARTTLS_0042_partial_start_after_starttls_0042,PARTIAL_CAPTURE_START_AFTER_STARTTLS,PARTIAL_CAPTURE_CHALLENGE,START_AFTER_STARTTLS,CRITICAL,0.0,0.0,1.0,1.0,1.0,1.0,0.0,0.0,0.0,0.0,0.0,0.0,1.0,0.0,0.0,0.0,2.0,0.0,0.0,1.0,1.0,0.0,1.0,0.0,0.0
ANALYSIS_PARTIAL_START_AFTER_STARTTLS_0043,partial_start_after_starttls_0043,ANALYSIS_PARTIAL_START_AFTER_STARTTLS_0043_partial_start_after_starttls_0043,PARTIAL_CAPTURE_START_AFTER_STARTTLS,PARTIAL_CAPTURE_CHALLENGE,START_AFTER_STARTTLS,CRITICAL,0.0,0.0,1.0,1.0,1.0,1.0,0.0,0.0,0.0,0.0,0.0,0.0,0.0,1.0,0.0,0.0,2.0,0.0,0.0,1.0,1.0,0.0,1.0,0.0,0.0
ANALYSIS_PARTIAL_START_AFTER_STARTTLS_0044,partial_start_after_starttls_0044,ANALYSIS_PARTIAL_START_AFTER_STARTTLS_0044_partial_start_after_starttls_0044,PARTIAL_CAPTURE_START_AFTER_STARTTLS,PARTIAL_CAPTURE_CHALLENGE,START_AFTER_STARTTLS,HIGH,0.0,1.0,0.0,0.0,0.0,1.0,0.0,0.0,0.0,0.0,0.0,0.0,0.0,0.0,1.0,0.0,1.0,0.0,0.0,1.0,1.0,0.0,1.0,0.0,0.0
ANALYSIS_PARTIAL_START_AFTER_STARTTLS_0045,partial_start_after_starttls_0045,ANALYSIS_PARTIAL_START_AFTER_STARTTLS_0045_partial_start_after_starttls_0045,PARTIAL_CAPTURE_START_AFTER_STARTTLS,PARTIAL_CAPTURE_CHALLENGE,START_AFTER_STARTTLS,CRITICAL,0.0,0.0,1.0,1.0,1.0,1.0,0.0,0.0,0.0,0.0,0.0,0.0,1.0,0.0,0.0,0.0,2.0,0.0,0.0,1.0,1.0,0.0,1.0,0.0,0.0
ANALYSIS_PARTIAL_START_AFTER_STARTTLS_0046,partial_start_after_starttls_0046,ANALYSIS_PARTIAL_START_AFTER_STARTTLS_0046_partial_start_after_starttls_0046,PARTIAL_CAPTURE_START_AFTER_STARTTLS,PARTIAL_CAPTURE_CHALLENGE,START_AFTER_STARTTLS,HIGH,0.0,0.0,1.0,1.0,0.0,0.0,0.0,0.0,0.0,0.0,1.0,0.0,0.0,1.0,0.0,0.0,1.0,0.0,0.0,1.0,1.0,0.0,1.0,0.0,0.0
ANALYSIS_PARTIAL_START_AFTER_STARTTLS_0047,partial_start_after_starttls_0047,ANALYSIS_PARTIAL_START_AFTER_STARTTLS_0047_partial_start_after_starttls_0047,PARTIAL_CAPTURE_START_AFTER_STARTTLS,PARTIAL_CAPTURE_CHALLENGE,START_AFTER_STARTTLS,HIGH,0.0,0.0,1.0,0.0,1.0,0.0,0.0,0.0,0.0,0.0,0.0,0.0,0.0,0.0,1.0,0.0,1.0,0.0,0.0,1.0,1.0,0.0,1.0,0.0,0.0
ANALYSIS_PARTIAL_START_AFTER_STARTTLS_0048,partial_start_after_starttls_0048,ANALYSIS_PARTIAL_START_AFTER_STARTTLS_0048_partial_start_after_starttls_0048,PARTIAL_CAPTURE_START_AFTER_STARTTLS,PARTIAL_CAPTURE_CHALLENGE,START_AFTER_STARTTLS,HIGH,0.0,1.0,0.0,0.0,1.0,0.0,0.0,0.0,0.0,0.0,0.0,0.0,1.0,0.0,0.0,0.0,1.0,0.0,0.0,1.0,1.0,0.0,1.0,0.0,0.0
ANALYSIS_PARTIAL_START_AFTER_STARTTLS_0049,partial_start_after_starttls_0049,ANALYSIS_PARTIAL_START_AFTER_STARTTLS_0049_partial_start_after_starttls_0049,PARTIAL_CAPTURE_START_AFTER_STARTTLS,PARTIAL_CAPTURE_CHALLENGE,START_AFTER_STARTTLS,MEDIUM,0.0,0.0,1.0,0.0,0.0,0.0,0.0,0.0,0.0,0.0,0.0,1.0,0.0,1.0,0.0,0.0,0.0,1.0,0.0,1.0,1.0,0.0,1.0,0.0,0.0
ANALYSIS_PARTIAL_START_AFTER_STARTTLS_0050,partial_start_after_starttls_0050,ANALYSIS_PARTIAL_START_AFTER_STARTTLS_0050_partial_start_after_starttls_0050,PARTIAL_CAPTURE_START_AFTER_STARTTLS,PARTIAL_CAPTURE_CHALLENGE,START_AFTER_STARTTLS,LOW,0.0,1.0,0.0,0.0,0.0,0.0,0.0,0.0,0.0,0.0,0.0,0.0,0.0,0.0,1.0,0.0,0.0,0.0,1.0,1.0,1.0,0.0,1.0,0.0,0.0
ANALYSIS_PARTIAL_START_AFTER_STARTTLS_0051,partial_start_after_starttls_0051,ANALYSIS_PARTIAL_START_AFTER_STARTTLS_0051_partial_start_after_starttls_0051,PARTIAL_CAPTURE_START_AFTER_STARTTLS,PARTIAL_CAPTURE_CHALLENGE,START_AFTER_STARTTLS,HIGH,0.0,1.0,0.0,0.0,0.0,0.0,0.0,1.0,0.0,0.0,0.0,0.0,1.0,0.0,0.0,0.0,1.0,0.0,0.0,1.0,1.0,0.0,1.0,0.0,0.0
ANALYSIS_PARTIAL_START_AFTER_STARTTLS_0052,partial_start_after_starttls_0052,ANALYSIS_PARTIAL_START_AFTER_STARTTLS_0052_partial_start_after_starttls_0052,PARTIAL_CAPTURE_START_AFTER_STARTTLS,PARTIAL_CAPTURE_CHALLENGE,START_AFTER_STARTTLS,MEDIUM,0.0,0.0,1.0,0.0,0.0,0.0,0.0,0.0,0.0,0.0,0.0,1.0,0.0,1.0,0.0,0.0,0.0,1.0,0.0,1.0,1.0,0.0,1.0,0.0,0.0
ANALYSIS_PARTIAL_START_AFTER_STARTTLS_0053,partial_start_after_starttls_0053,ANALYSIS_PARTIAL_START_AFTER_STARTTLS_0053_partial_start_after_starttls_0053,PARTIAL_CAPTURE_START_AFTER_STARTTLS,PARTIAL_CAPTURE_CHALLENGE,START_AFTER_STARTTLS,LOW,0.0,1.0,0.0,0.0,0.0,0.0,0.0,0.0,,0.0,0.0,0.0,0.0,0.0,1.0,0.0,0.0,0.0,0.0,1.0,1.0,0.0,0.0,0.0,0.0
ANALYSIS_PARTIAL_START_AFTER_STARTTLS_0054,partial_start_after_starttls_0054,ANALYSIS_PARTIAL_START_AFTER_STARTTLS_0054_partial_start_after_starttls_0054,PARTIAL_CAPTURE_START_AFTER_STARTTLS,PARTIAL_CAPTURE_CHALLENGE,START_AFTER_STARTTLS,HIGH,0.0,1.0,0.0,0.0,0.0,1.0,0.0,0.0,0.0,0.0,0.0,0.0,1.0,0.0,0.0,0.0,1.0,0.0,0.0,1.0,1.0,0.0,1.0,0.0,0.0
ANALYSIS_PARTIAL_START_AFTER_STARTTLS_0055,partial_start_after_starttls_0055,ANALYSIS_PARTIAL_START_AFTER_STARTTLS_0055_partial_start_after_starttls_0055,PARTIAL_CAPTURE_START_AFTER_STARTTLS,PARTIAL_CAPTURE_CHALLENGE,START_AFTER_STARTTLS,MEDIUM,0.0,0.0,1.0,0.0,0.0,0.0,0.0,0.0,0.0,0.0,0.0,1.0,0.0,1.0,0.0,0.0,0.0,1.0,0.0,1.0,1.0,0.0,1.0,0.0,0.0
ANALYSIS_PARTIAL_START_AFTER_STARTTLS_0056,partial_start_after_starttls_0056,ANALYSIS_PARTIAL_START_AFTER_STARTTLS_0056_partial_start_after_starttls_0056,PARTIAL_CAPTURE_START_AFTER_STARTTLS,PARTIAL_CAPTURE_CHALLENGE,START_AFTER_STARTTLS,CRITICAL,1.0,0.0,0.0,,,,,,0.0,0.0,,,0.0,0.0,1.0,0.0,0.0,0.0,0.0,0.0,0.0,0.0,1.0,0.0,0.0
ANALYSIS_PARTIAL_START_AFTER_STARTTLS_0057,partial_start_after_starttls_0057,ANALYSIS_PARTIAL_START_AFTER_STARTTLS_0057_partial_start_after_starttls_0057,PARTIAL_CAPTURE_START_AFTER_STARTTLS,PARTIAL_CAPTURE_CHALLENGE,START_AFTER_STARTTLS,LOW,0.0,0.0,1.0,0.0,0.0,0.0,0.0,0.0,0.0,0.0,0.0,0.0,1.0,0.0,0.0,0.0,0.0,0.0,1.0,1.0,1.0,0.0,1.0,0.0,0.0
ANALYSIS_PARTIAL_START_AFTER_STARTTLS_0058,partial_start_after_starttls_0058,ANALYSIS_PARTIAL_START_AFTER_STARTTLS_0058_partial_start_after_starttls_0058,PARTIAL_CAPTURE_START_AFTER_STARTTLS,PARTIAL_CAPTURE_CHALLENGE,START_AFTER_STARTTLS,HIGH,0.0,1.0,0.0,0.0,0.0,0.0,0.0,1.0,0.0,0.0,0.0,0.0,0.0,1.0,0.0,0.0,1.0,0.0,0.0,1.0,1.0,0.0,1.0,0.0,0.0
ANALYSIS_PARTIAL_START_AFTER_STARTTLS_0059,partial_start_after_starttls_0059,ANALYSIS_PARTIAL_START_AFTER_STARTTLS_0059_partial_start_after_starttls_0059,PARTIAL_CAPTURE_START_AFTER_STARTTLS,PARTIAL_CAPTURE_CHALLENGE,START_AFTER_STARTTLS,CRITICAL,1.0,0.0,0.0,,,,,,0.0,0.0,,,0.0,0.0,1.0,0.0,0.0,0.0,0.0,0.0,0.0,0.0,1.0,0.0,0.0
ANALYSIS_PARTIAL_START_AFTER_STARTTLS_0060,partial_start_after_starttls_0060,ANALYSIS_PARTIAL_START_AFTER_STARTTLS_0060_partial_start_after_starttls_0060,PARTIAL_CAPTURE_START_AFTER_STARTTLS,PARTIAL_CAPTURE_CHALLENGE,START_AFTER_STARTTLS,HIGH,0.0,1.0,0.0,0.0,1.0,0.0,0.0,0.0,0.0,0.0,0.0,0.0,1.0,0.0,0.0,0.0,1.0,0.0,0.0,1.0,1.0,0.0,1.0,0.0,0.0
ANALYSIS_PARTIAL_START_AFTER_STARTTLS_0061,partial_start_after_starttls_0061,ANALYSIS_PARTIAL_START_AFTER_STARTTLS_0061_partial_start_after_starttls_0061,PARTIAL_CAPTURE_START_AFTER_STARTTLS,PARTIAL_CAPTURE_CHALLENGE,START_AFTER_STARTTLS,LOW,0.0,1.0,0.0,0.0,0.0,0.0,0.0,0.0,0.0,0.0,0.0,0.0,0.0,1.0,0.0,0.0,0.0,0.0,0.0,1.0,1.0,0.0,1.0,0.0,0.0
ANALYSIS_PARTIAL_START_AFTER_STARTTLS_0062,partial_start_after_starttls_0062,ANALYSIS_PARTIAL_START_AFTER_STARTTLS_0062_partial_start_after_starttls_0062,PARTIAL_CAPTURE_START_AFTER_STARTTLS,PARTIAL_CAPTURE_CHALLENGE,START_AFTER_STARTTLS,HIGH,0.0,0.0,1.0,0.0,1.0,0.0,0.0,0.0,0.0,0.0,0.0,0.0,0.0,0.0,1.0,0.0,1.0,0.0,0.0,1.0,1.0,0.0,1.0,0.0,0.0
ANALYSIS_PARTIAL_START_AFTER_STARTTLS_0063,partial_start_after_starttls_0063,ANALYSIS_PARTIAL_START_AFTER_STARTTLS_0063_partial_start_after_starttls_0063,PARTIAL_CAPTURE_START_AFTER_STARTTLS,PARTIAL_CAPTURE_CHALLENGE,START_AFTER_STARTTLS,HIGH,0.0,1.0,0.0,1.0,0.0,0.0,0.0,0.0,0.0,0.0,0.0,0.0,1.0,0.0,0.0,0.0,1.0,0.0,0.0,1.0,1.0,0.0,1.0,0.0,0.0
ANALYSIS_PARTIAL_START_AFTER_STARTTLS_0064,partial_start_after_starttls_0064,ANALYSIS_PARTIAL_START_AFTER_STARTTLS_0064_partial_start_after_starttls_0064,PARTIAL_CAPTURE_START_AFTER_STARTTLS,PARTIAL_CAPTURE_CHALLENGE,START_AFTER_STARTTLS,CRITICAL,0.0,0.0,1.0,1.0,1.0,1.0,0.0,0.0,0.0,0.0,0.0,0.0,0.0,1.0,0.0,0.0,2.0,0.0,0.0,1.0,1.0,0.0,1.0,0.0,0.0
ANALYSIS_PARTIAL_START_AFTER_STARTTLS_0065,partial_start_after_starttls_0065,ANALYSIS_PARTIAL_START_AFTER_STARTTLS_0065_partial_start_after_starttls_0065,PARTIAL_CAPTURE_START_AFTER_STARTTLS,PARTIAL_CAPTURE_CHALLENGE,START_AFTER_STARTTLS,HIGH,0.0,0.0,1.0,1.0,0.0,0.0,0.0,0.0,0.0,0.0,1.0,0.0,0.0,0.0,1.0,0.0,1.0,0.0,0.0,1.0,1.0,0.0,1.0,0.0,0.0
ANALYSIS_PARTIAL_START_AFTER_STARTTLS_0066,partial_start_after_starttls_0066,ANALYSIS_PARTIAL_START_AFTER_STARTTLS_0066_partial_start_after_starttls_0066,PARTIAL_CAPTURE_START_AFTER_STARTTLS,PARTIAL_CAPTURE_CHALLENGE,START_AFTER_STARTTLS,HIGH,0.0,1.0,0.0,0.0,0.0,0.0,0.0,1.0,0.0,0.0,0.0,0.0,1.0,0.0,0.0,0.0,1.0,0.0,0.0,1.0,1.0,0.0,1.0,0.0,0.0
ANALYSIS_PARTIAL_START_AFTER_STARTTLS_0067,partial_start_after_starttls_0067,ANALYSIS_PARTIAL_START_AFTER_STARTTLS_0067_partial_start_after_starttls_0067,PARTIAL_CAPTURE_START_AFTER_STARTTLS,PARTIAL_CAPTURE_CHALLENGE,START_AFTER_STARTTLS,MEDIUM,0.0,0.0,1.0,0.0,0.0,0.0,0.0,0.0,0.0,0.0,1.0,0.0,0.0,1.0,0.0,0.0,0.0,1.0,0.0,1.0,1.0,0.0,1.0,0.0,0.0
ANALYSIS_PARTIAL_START_AFTER_STARTTLS_0068,partial_start_after_starttls_0068,ANALYSIS_PARTIAL_START_AFTER_STARTTLS_0068_partial_start_after_starttls_0068,PARTIAL_CAPTURE_START_AFTER_STARTTLS,PARTIAL_CAPTURE_CHALLENGE,START_AFTER_STARTTLS,CRITICAL,0.0,1.0,0.0,1.0,1.0,1.0,0.0,0.0,0.0,0.0,0.0,0.0,0.0,0.0,1.0,0.0,2.0,0.0,0.0,1.0,1.0,0.0,1.0,0.0,0.0
ANALYSIS_PARTIAL_START_AFTER_STARTTLS_0069,partial_start_after_starttls_0069,ANALYSIS_PARTIAL_START_AFTER_STARTTLS_0069_partial_start_after_starttls_0069,PARTIAL_CAPTURE_START_AFTER_STARTTLS,PARTIAL_CAPTURE_CHALLENGE,START_AFTER_STARTTLS,HIGH,0.0,1.0,0.0,0.0,0.0,1.0,0.0,0.0,0.0,0.0,0.0,0.0,1.0,0.0,0.0,0.0,1.0,0.0,0.0,1.0,1.0,0.0,1.0,0.0,0.0
ANALYSIS_PARTIAL_START_AFTER_STARTTLS_0070,partial_start_after_starttls_0070,ANALYSIS_PARTIAL_START_AFTER_STARTTLS_0070_partial_start_after_starttls_0070,PARTIAL_CAPTURE_START_AFTER_STARTTLS,PARTIAL_CAPTURE_CHALLENGE,START_AFTER_STARTTLS,LOW,0.0,1.0,0.0,0.0,0.0,0.0,0.0,0.0,0.0,0.0,0.0,0.0,0.0,1.0,0.0,0.0,0.0,0.0,0.0,1.0,1.0,0.0,1.0,0.0,0.0
ANALYSIS_PARTIAL_START_AFTER_STARTTLS_0071,partial_start_after_starttls_0071,ANALYSIS_PARTIAL_START_AFTER_STARTTLS_0071_partial_start_after_starttls_0071,PARTIAL_CAPTURE_START_AFTER_STARTTLS,PARTIAL_CAPTURE_CHALLENGE,START_AFTER_STARTTLS,LOW,0.0,1.0,0.0,0.0,0.0,0.0,0.0,0.0,0.0,0.0,0.0,0.0,0.0,0.0,1.0,0.0,0.0,0.0,1.0,1.0,1.0,0.0,1.0,0.0,0.0
ANALYSIS_PARTIAL_START_AFTER_STARTTLS_0072,partial_start_after_starttls_0072,ANALYSIS_PARTIAL_START_AFTER_STARTTLS_0072_partial_start_after_starttls_0072,PARTIAL_CAPTURE_START_AFTER_STARTTLS,PARTIAL_CAPTURE_CHALLENGE,START_AFTER_STARTTLS,LOW,0.0,0.0,1.0,0.0,0.0,0.0,0.0,0.0,0.0,0.0,0.0,0.0,1.0,0.0,0.0,0.0,0.0,0.0,1.0,1.0,1.0,0.0,1.0,0.0,0.0
ANALYSIS_PARTIAL_START_AFTER_STARTTLS_0073,partial_start_after_starttls_0073,ANALYSIS_PARTIAL_START_AFTER_STARTTLS_0073_partial_start_after_starttls_0073,PARTIAL_CAPTURE_START_AFTER_STARTTLS,PARTIAL_CAPTURE_CHALLENGE,START_AFTER_STARTTLS,HIGH,0.0,0.0,1.0,1.0,0.0,0.0,0.0,0.0,0.0,0.0,0.0,0.0,0.0,1.0,0.0,0.0,1.0,0.0,0.0,1.0,1.0,0.0,1.0,0.0,0.0
ANALYSIS_PARTIAL_START_AFTER_STARTTLS_0074,partial_start_after_starttls_0074,ANALYSIS_PARTIAL_START_AFTER_STARTTLS_0074_partial_start_after_starttls_0074,PARTIAL_CAPTURE_START_AFTER_STARTTLS,PARTIAL_CAPTURE_CHALLENGE,START_AFTER_STARTTLS,HIGH,0.0,1.0,0.0,0.0,1.0,0.0,0.0,0.0,0.0,0.0,0.0,0.0,0.0,0.0,1.0,0.0,1.0,0.0,0.0,1.0,1.0,0.0,1.0,0.0,0.0
ANALYSIS_PARTIAL_START_AFTER_STARTTLS_0075,partial_start_after_starttls_0075,ANALYSIS_PARTIAL_START_AFTER_STARTTLS_0075_partial_start_after_starttls_0075,PARTIAL_CAPTURE_START_AFTER_STARTTLS,PARTIAL_CAPTURE_CHALLENGE,START_AFTER_STARTTLS,LOW,0.0,0.0,1.0,0.0,0.0,0.0,0.0,0.0,0.0,0.0,0.0,0.0,1.0,0.0,0.0,0.0,0.0,0.0,0.0,1.0,1.0,0.0,1.0,0.0,0.0
ANALYSIS_PARTIAL_START_AFTER_STARTTLS_0076,partial_start_after_starttls_0076,ANALYSIS_PARTIAL_START_AFTER_STARTTLS_0076_partial_start_after_starttls_0076,PARTIAL_CAPTURE_START_AFTER_STARTTLS,PARTIAL_CAPTURE_CHALLENGE,START_AFTER_STARTTLS,HIGH,0.0,0.0,1.0,0.0,1.0,0.0,0.0,0.0,0.0,0.0,0.0,0.0,0.0,1.0,0.0,0.0,1.0,0.0,0.0,1.0,1.0,0.0,1.0,0.0,0.0
ANALYSIS_PARTIAL_START_AFTER_STARTTLS_0077,partial_start_after_starttls_0077,ANALYSIS_PARTIAL_START_AFTER_STARTTLS_0077_partial_start_after_starttls_0077,PARTIAL_CAPTURE_START_AFTER_STARTTLS,PARTIAL_CAPTURE_CHALLENGE,START_AFTER_STARTTLS,HIGH,0.0,1.0,0.0,0.0,1.0,0.0,0.0,0.0,0.0,0.0,0.0,0.0,0.0,0.0,1.0,0.0,1.0,0.0,0.0,1.0,1.0,0.0,1.0,0.0,0.0
ANALYSIS_PARTIAL_START_AFTER_STARTTLS_0078,partial_start_after_starttls_0078,ANALYSIS_PARTIAL_START_AFTER_STARTTLS_0078_partial_start_after_starttls_0078,PARTIAL_CAPTURE_START_AFTER_STARTTLS,PARTIAL_CAPTURE_CHALLENGE,START_AFTER_STARTTLS,CRITICAL,0.0,1.0,0.0,1.0,1.0,1.0,0.0,0.0,0.0,0.0,0.0,0.0,1.0,0.0,0.0,0.0,2.0,0.0,0.0,1.0,1.0,0.0,1.0,0.0,0.0
ANALYSIS_PARTIAL_START_AFTER_STARTTLS_0079,partial_start_after_starttls_0079,ANALYSIS_PARTIAL_START_AFTER_STARTTLS_0079_partial_start_after_starttls_0079,PARTIAL_CAPTURE_START_AFTER_STARTTLS,PARTIAL_CAPTURE_CHALLENGE,START_AFTER_STARTTLS,HIGH,0.0,0.0,1.0,1.0,0.0,0.0,0.0,0.0,0.0,0.0,0.0,0.0,0.0,1.0,0.0,0.0,1.0,0.0,0.0,1.0,1.0,0.0,1.0,0.0,0.0
ANALYSIS_PARTIAL_START_AFTER_STARTTLS_0080,partial_start_after_starttls_0080,ANALYSIS_PARTIAL_START_AFTER_STARTTLS_0080_partial_start_after_starttls_0080,PARTIAL_CAPTURE_START_AFTER_STARTTLS,PARTIAL_CAPTURE_CHALLENGE,START_AFTER_STARTTLS,HIGH,0.0,0.0,1.0,0.0,1.0,0.0,0.0,0.0,0.0,0.0,0.0,0.0,0.0,0.0,1.0,0.0,1.0,0.0,0.0,1.0,1.0,0.0,1.0,0.0,0.0
ANALYSIS_PARTIAL_START_AFTER_STARTTLS_0081,partial_start_after_starttls_0081,ANALYSIS_PARTIAL_START_AFTER_STARTTLS_0081_partial_start_after_starttls_0081,PARTIAL_CAPTURE_START_AFTER_STARTTLS,PARTIAL_CAPTURE_CHALLENGE,START_AFTER_STARTTLS,LOW,0.0,0.0,1.0,0.0,0.0,0.0,0.0,0.0,0.0,0.0,0.0,0.0,1.0,0.0,0.0,0.0,0.0,0.0,1.0,1.0,1.0,0.0,1.0,0.0,0.0
ANALYSIS_PARTIAL_START_AFTER_STARTTLS_0082,partial_start_after_starttls_0082,ANALYSIS_PARTIAL_START_AFTER_STARTTLS_0082_partial_start_after_starttls_0082,PARTIAL_CAPTURE_START_AFTER_STARTTLS,PARTIAL_CAPTURE_CHALLENGE,START_AFTER_STARTTLS,LOW,0.0,1.0,0.0,0.0,0.0,0.0,0.0,0.0,0.0,0.0,0.0,0.0,0.0,1.0,0.0,0.0,0.0,0.0,0.0,1.0,1.0,0.0,1.0,0.0,0.0
ANALYSIS_PARTIAL_START_AFTER_STARTTLS_0083,partial_start_after_starttls_0083,ANALYSIS_PARTIAL_START_AFTER_STARTTLS_0083_partial_start_after_starttls_0083,PARTIAL_CAPTURE_START_AFTER_STARTTLS,PARTIAL_CAPTURE_CHALLENGE,START_AFTER_STARTTLS,MEDIUM,0.0,0.0,1.0,0.0,0.0,0.0,0.0,0.0,0.0,0.0,1.0,0.0,0.0,0.0,1.0,0.0,0.0,0.0,0.0,1.0,1.0,0.0,1.0,0.0,0.0
ANALYSIS_PARTIAL_START_AFTER_STARTTLS_0084,partial_start_after_starttls_0084,ANALYSIS_PARTIAL_START_AFTER_STARTTLS_0084_partial_start_after_starttls_0084,PARTIAL_CAPTURE_START_AFTER_STARTTLS,PARTIAL_CAPTURE_CHALLENGE,START_AFTER_STARTTLS,LOW,0.0,0.0,1.0,0.0,0.0,0.0,0.0,0.0,0.0,0.0,0.0,0.0,1.0,0.0,0.0,0.0,0.0,0.0,0.0,1.0,1.0,0.0,1.0,0.0,0.0
ANALYSIS_PARTIAL_START_AFTER_STARTTLS_0085,partial_start_after_starttls_0085,ANALYSIS_PARTIAL_START_AFTER_STARTTLS_0085_partial_start_after_starttls_0085,PARTIAL_CAPTURE_START_AFTER_STARTTLS,PARTIAL_CAPTURE_CHALLENGE,START_AFTER_STARTTLS,MEDIUM,0.0,0.0,1.0,0.0,0.0,0.0,0.0,0.0,0.0,0.0,0.0,1.0,0.0,1.0,0.0,0.0,0.0,1.0,0.0,1.0,1.0,0.0,1.0,0.0,0.0
ANALYSIS_PARTIAL_START_AFTER_STARTTLS_0086,partial_start_after_starttls_0086,ANALYSIS_PARTIAL_START_AFTER_STARTTLS_0086_partial_start_after_starttls_0086,PARTIAL_CAPTURE_START_AFTER_STARTTLS,PARTIAL_CAPTURE_CHALLENGE,START_AFTER_STARTTLS,HIGH,0.0,0.0,1.0,0.0,0.0,1.0,0.0,0.0,0.0,0.0,0.0,0.0,0.0,0.0,1.0,0.0,1.0,0.0,0.0,1.0,1.0,0.0,1.0,0.0,0.0
ANALYSIS_PARTIAL_START_AFTER_STARTTLS_0087,partial_start_after_starttls_0087,ANALYSIS_PARTIAL_START_AFTER_STARTTLS_0087_partial_start_after_starttls_0087,PARTIAL_CAPTURE_START_AFTER_STARTTLS,PARTIAL_CAPTURE_CHALLENGE,START_AFTER_STARTTLS,CRITICAL,0.0,0.0,1.0,1.0,1.0,1.0,0.0,0.0,0.0,0.0,0.0,0.0,1.0,0.0,0.0,0.0,2.0,0.0,0.0,1.0,1.0,0.0,1.0,0.0,0.0
ANALYSIS_PARTIAL_START_AFTER_STARTTLS_0088,partial_start_after_starttls_0088,ANALYSIS_PARTIAL_START_AFTER_STARTTLS_0088_partial_start_after_starttls_0088,PARTIAL_CAPTURE_START_AFTER_STARTTLS,PARTIAL_CAPTURE_CHALLENGE,START_AFTER_STARTTLS,MEDIUM,0.0,0.0,1.0,0.0,0.0,0.0,0.0,0.0,0.0,0.0,1.0,0.0,0.0,1.0,0.0,0.0,0.0,1.0,0.0,1.0,1.0,0.0,1.0,0.0,0.0
ANALYSIS_PARTIAL_START_AFTER_STARTTLS_0089,partial_start_after_starttls_0089,ANALYSIS_PARTIAL_START_AFTER_STARTTLS_0089_partial_start_after_starttls_0089,PARTIAL_CAPTURE_START_AFTER_STARTTLS,PARTIAL_CAPTURE_CHALLENGE,START_AFTER_STARTTLS,CRITICAL,1.0,0.0,0.0,,,,,,1.0,0.0,,,0.0,0.0,1.0,0.0,0.0,0.0,0.0,0.0,0.0,0.0,1.0,0.0,0.0
ANALYSIS_PARTIAL_START_AFTER_STARTTLS_0090,partial_start_after_starttls_0090,ANALYSIS_PARTIAL_START_AFTER_STARTTLS_0090_partial_start_after_starttls_0090,PARTIAL_CAPTURE_START_AFTER_STARTTLS,PARTIAL_CAPTURE_CHALLENGE,START_AFTER_STARTTLS,HIGH,0.0,1.0,0.0,0.0,0.0,1.0,0.0,0.0,0.0,0.0,0.0,0.0,1.0,0.0,0.0,0.0,1.0,0.0,0.0,1.0,1.0,0.0,1.0,0.0,0.0
ANALYSIS_PARTIAL_START_AFTER_STARTTLS_0091,partial_start_after_starttls_0091,ANALYSIS_PARTIAL_START_AFTER_STARTTLS_0091_partial_start_after_starttls_0091,PARTIAL_CAPTURE_START_AFTER_STARTTLS,PARTIAL_CAPTURE_CHALLENGE,START_AFTER_STARTTLS,CRITICAL,0.0,1.0,0.0,1.0,1.0,1.0,0.0,0.0,0.0,0.0,0.0,0.0,0.0,1.0,0.0,0.0,2.0,0.0,0.0,1.0,1.0,0.0,1.0,0.0,0.0
ANALYSIS_PARTIAL_START_AFTER_STARTTLS_0092,partial_start_after_starttls_0092,ANALYSIS_PARTIAL_START_AFTER_STARTTLS_0092_partial_start_after_starttls_0092,PARTIAL_CAPTURE_START_AFTER_STARTTLS,PARTIAL_CAPTURE_CHALLENGE,START_AFTER_STARTTLS,HIGH,0.0,0.0,1.0,1.0,0.0,0.0,0.0,0.0,0.0,0.0,1.0,0.0,0.0,0.0,1.0,0.0,1.0,0.0,0.0,1.0,1.0,0.0,1.0,0.0,0.0
ANALYSIS_PARTIAL_START_AFTER_STARTTLS_0093,partial_start_after_starttls_0093,ANALYSIS_PARTIAL_START_AFTER_STARTTLS_0093_partial_start_after_starttls_0093,PARTIAL_CAPTURE_START_AFTER_STARTTLS,PARTIAL_CAPTURE_CHALLENGE,START_AFTER_STARTTLS,MEDIUM,0.0,0.0,1.0,0.0,0.0,0.0,0.0,0.0,0.0,0.0,0.0,1.0,1.0,0.0,0.0,0.0,0.0,1.0,0.0,1.0,1.0,0.0,1.0,0.0,0.0
ANALYSIS_PARTIAL_START_AFTER_STARTTLS_0094,partial_start_after_starttls_0094,ANALYSIS_PARTIAL_START_AFTER_STARTTLS_0094_partial_start_after_starttls_0094,PARTIAL_CAPTURE_START_AFTER_STARTTLS,PARTIAL_CAPTURE_CHALLENGE,START_AFTER_STARTTLS,LOW,0.0,1.0,0.0,0.0,0.0,0.0,0.0,0.0,0.0,0.0,0.0,0.0,0.0,1.0,0.0,0.0,0.0,0.0,0.0,1.0,1.0,0.0,1.0,0.0,0.0
ANALYSIS_PARTIAL_START_AFTER_STARTTLS_0095,partial_start_after_starttls_0095,ANALYSIS_PARTIAL_START_AFTER_STARTTLS_0095_partial_start_after_starttls_0095,PARTIAL_CAPTURE_START_AFTER_STARTTLS,PARTIAL_CAPTURE_CHALLENGE,START_AFTER_STARTTLS,CRITICAL,1.0,0.0,0.0,,,,,,0.0,0.0,,,0.0,0.0,1.0,0.0,0.0,0.0,0.0,0.0,0.0,0.0,1.0,0.0,0.0
ANALYSIS_PARTIAL_START_AFTER_STARTTLS_0096,partial_start_after_starttls_0096,ANALYSIS_PARTIAL_START_AFTER_STARTTLS_0096_partial_start_after_starttls_0096,PARTIAL_CAPTURE_START_AFTER_STARTTLS,PARTIAL_CAPTURE_CHALLENGE,START_AFTER_STARTTLS,HIGH,0.0,1.0,0.0,0.0,0.0,0.0,0.0,1.0,0.0,0.0,0.0,0.0,1.0,0.0,0.0,0.0,1.0,0.0,0.0,1.0,1.0,0.0,1.0,0.0,0.0
ANALYSIS_PARTIAL_START_AFTER_STARTTLS_0097,partial_start_after_starttls_0097,ANALYSIS_PARTIAL_START_AFTER_STARTTLS_0097_partial_start_after_starttls_0097,PARTIAL_CAPTURE_START_AFTER_STARTTLS,PARTIAL_CAPTURE_CHALLENGE,START_AFTER_STARTTLS,HIGH,0.0,1.0,0.0,0.0,1.0,0.0,0.0,0.0,0.0,0.0,0.0,0.0,0.0,1.0,0.0,0.0,1.0,0.0,0.0,1.0,1.0,0.0,1.0,0.0,0.0
ANALYSIS_PARTIAL_START_AFTER_STARTTLS_0098,partial_start_after_starttls_0098,ANALYSIS_PARTIAL_START_AFTER_STARTTLS_0098_partial_start_after_starttls_0098,PARTIAL_CAPTURE_START_AFTER_STARTTLS,PARTIAL_CAPTURE_CHALLENGE,START_AFTER_STARTTLS,LOW,0.0,1.0,0.0,0.0,0.0,0.0,0.0,0.0,0.0,0.0,0.0,0.0,0.0,0.0,1.0,0.0,0.0,0.0,1.0,1.0,1.0,0.0,1.0,0.0,0.0
ANALYSIS_PARTIAL_START_AFTER_STARTTLS_0099,partial_start_after_starttls_0099,ANALYSIS_PARTIAL_START_AFTER_STARTTLS_0099_partial_start_after_starttls_0099,PARTIAL_CAPTURE_START_AFTER_STARTTLS,PARTIAL_CAPTURE_CHALLENGE,START_AFTER_STARTTLS,CRITICAL,1.0,0.0,0.0,,,,,,1.0,0.0,,,1.0,0.0,0.0,0.0,0.0,0.0,0.0,0.0,0.0,0.0,1.0,0.0,0.0
ANALYSIS_PARTIAL_MISSING_CLIENT_HELLO_0000,partial_missing_client_hello_0000,ANALYSIS_PARTIAL_MISSING_CLIENT_HELLO_0000_partial_missing_client_hello_0000,PARTIAL_CAPTURE_MISSING_CLIENT_HELLO,PARTIAL_CAPTURE_CHALLENGE,MISSING_CLIENT_HELLO,HIGH,0.0,1.0,0.0,0.0,1.0,0.0,0.0,0.0,0.0,0.0,0.0,0.0,1.0,0.0,0.0,0.0,1.0,0.0,0.0,1.0,1.0,1.0,1.0,0.0,0.0
ANALYSIS_PARTIAL_MISSING_CLIENT_HELLO_0001,partial_missing_client_hello_0001,ANALYSIS_PARTIAL_MISSING_CLIENT_HELLO_0001_partial_missing_client_hello_0001,PARTIAL_CAPTURE_MISSING_CLIENT_HELLO,PARTIAL_CAPTURE_CHALLENGE,MISSING_CLIENT_HELLO,MEDIUM,0.0,0.0,1.0,0.0,0.0,0.0,0.0,0.0,0.0,0.0,1.0,0.0,0.0,1.0,0.0,0.0,0.0,1.0,0.0,1.0,1.0,0.0,1.0,0.0,0.0
ANALYSIS_PARTIAL_MISSING_CLIENT_HELLO_0002,partial_missing_client_hello_0002,ANALYSIS_PARTIAL_MISSING_CLIENT_HELLO_0002_partial_missing_client_hello_0002,PARTIAL_CAPTURE_MISSING_CLIENT_HELLO,PARTIAL_CAPTURE_CHALLENGE,MISSING_CLIENT_HELLO,HIGH,0.0,0.0,1.0,0.0,0.0,1.0,0.0,0.0,0.0,0.0,0.0,0.0,0.0,0.0,1.0,0.0,1.0,0.0,0.0,1.0,1.0,0.0,1.0,0.0,0.0
ANALYSIS_PARTIAL_MISSING_CLIENT_HELLO_0003,partial_missing_client_hello_0003,ANALYSIS_PARTIAL_MISSING_CLIENT_HELLO_0003_partial_missing_client_hello_0003,PARTIAL_CAPTURE_MISSING_CLIENT_HELLO,PARTIAL_CAPTURE_CHALLENGE,MISSING_CLIENT_HELLO,MEDIUM,0.0,1.0,0.0,0.0,0.0,0.0,0.0,0.0,0.0,0.0,,1.0,1.0,0.0,0.0,0.0,0.0,1.0,0.0,0.0,1.0,1.0,1.0,0.0,0.0
ANALYSIS_PARTIAL_MISSING_CLIENT_HELLO_0004,partial_missing_client_hello_0004,ANALYSIS_PARTIAL_MISSING_CLIENT_HELLO_0004_partial_missing_client_hello_0004,PARTIAL_CAPTURE_MISSING_CLIENT_HELLO,PARTIAL_CAPTURE_CHALLENGE,MISSING_CLIENT_HELLO,CRITICAL,0.0,0.0,1.0,1.0,1.0,1.0,0.0,0.0,0.0,0.0,0.0,0.0,0.0,1.0,0.0,0.0,2.0,0.0,0.0,1.0,1.0,0.0,1.0,0.0,0.0
ANALYSIS_PARTIAL_MISSING_CLIENT_HELLO_0005,partial_missing_client_hello_0005,ANALYSIS_PARTIAL_MISSING_CLIENT_HELLO_0005_partial_missing_client_hello_0005,PARTIAL_CAPTURE_MISSING_CLIENT_HELLO,PARTIAL_CAPTURE_CHALLENGE,MISSING_CLIENT_HELLO,LOW,0.0,0.0,1.0,0.0,0.0,0.0,0.0,0.0,0.0,0.0,,0.0,0.0,0.0,1.0,0.0,0.0,0.0,0.0,0.0,1.0,0.0,1.0,0.0,0.0
ANALYSIS_PARTIAL_MISSING_CLIENT_HELLO_0006,partial_missing_client_hello_0006,ANALYSIS_PARTIAL_MISSING_CLIENT_HELLO_0006_partial_missing_client_hello_0006,PARTIAL_CAPTURE_MISSING_CLIENT_HELLO,PARTIAL_CAPTURE_CHALLENGE,MISSING_CLIENT_HELLO,CRITICAL,0.0,0.0,1.0,1.0,1.0,1.0,0.0,0.0,0.0,0.0,0.0,0.0,1.0,0.0,0.0,0.0,2.0,0.0,0.0,1.0,1.0,0.0,1.0,0.0,0.0
ANALYSIS_PARTIAL_MISSING_CLIENT_HELLO_0007,partial_missing_client_hello_0007,ANALYSIS_PARTIAL_MISSING_CLIENT_HELLO_0007_partial_missing_client_hello_0007,PARTIAL_CAPTURE_MISSING_CLIENT_HELLO,PARTIAL_CAPTURE_CHALLENGE,MISSING_CLIENT_HELLO,CRITICAL,0.0,0.0,1.0,1.0,1.0,1.0,0.0,0.0,0.0,0.0,0.0,0.0,0.0,1.0,0.0,0.0,2.0,0.0,0.0,1.0,1.0,0.0,1.0,0.0,0.0
ANALYSIS_PARTIAL_MISSING_CLIENT_HELLO_0008,partial_missing_client_hello_0008,ANALYSIS_PARTIAL_MISSING_CLIENT_HELLO_0008_partial_missing_client_hello_0008,PARTIAL_CAPTURE_MISSING_CLIENT_HELLO,PARTIAL_CAPTURE_CHALLENGE,MISSING_CLIENT_HELLO,HIGH,0.0,0.0,1.0,0.0,0.0,1.0,0.0,0.0,0.0,0.0,0.0,0.0,0.0,0.0,1.0,0.0,1.0,0.0,0.0,1.0,1.0,0.0,1.0,0.0,0.0
ANALYSIS_PARTIAL_MISSING_CLIENT_HELLO_0009,partial_missing_client_hello_0009,ANALYSIS_PARTIAL_MISSING_CLIENT_HELLO_0009_partial_missing_client_hello_0009,PARTIAL_CAPTURE_MISSING_CLIENT_HELLO,PARTIAL_CAPTURE_CHALLENGE,MISSING_CLIENT_HELLO,LOW,0.0,0.0,1.0,0.0,0.0,0.0,0.0,0.0,0.0,0.0,0.0,0.0,1.0,0.0,0.0,0.0,0.0,0.0,0.0,1.0,1.0,0.0,1.0,0.0,0.0
ANALYSIS_PARTIAL_MISSING_CLIENT_HELLO_0010,partial_missing_client_hello_0010,ANALYSIS_PARTIAL_MISSING_CLIENT_HELLO_0010_partial_missing_client_hello_0010,PARTIAL_CAPTURE_MISSING_CLIENT_HELLO,PARTIAL_CAPTURE_CHALLENGE,MISSING_CLIENT_HELLO,LOW,0.0,0.0,1.0,0.0,0.0,0.0,0.0,0.0,0.0,0.0,,0.0,0.0,1.0,0.0,0.0,0.0,0.0,0.0,0.0,1.0,0.0,1.0,0.0,0.0
ANALYSIS_PARTIAL_MISSING_CLIENT_HELLO_0011,partial_missing_client_hello_0011,ANALYSIS_PARTIAL_MISSING_CLIENT_HELLO_0011_partial_missing_client_hello_0011,PARTIAL_CAPTURE_MISSING_CLIENT_HELLO,PARTIAL_CAPTURE_CHALLENGE,MISSING_CLIENT_HELLO,CRITICAL,1.0,0.0,0.0,,,,,,0.0,0.0,,,0.0,0.0,1.0,0.0,0.0,0.0,0.0,0.0,0.0,0.0,1.0,0.0,0.0
ANALYSIS_PARTIAL_MISSING_CLIENT_HELLO_0012,partial_missing_client_hello_0012,ANALYSIS_PARTIAL_MISSING_CLIENT_HELLO_0012_partial_missing_client_hello_0012,PARTIAL_CAPTURE_MISSING_CLIENT_HELLO,PARTIAL_CAPTURE_CHALLENGE,MISSING_CLIENT_HELLO,HIGH,0.0,1.0,0.0,0.0,0.0,0.0,0.0,1.0,0.0,0.0,0.0,0.0,1.0,0.0,0.0,0.0,1.0,0.0,0.0,1.0,1.0,1.0,1.0,0.0,0.0
ANALYSIS_PARTIAL_MISSING_CLIENT_HELLO_0013,partial_missing_client_hello_0013,ANALYSIS_PARTIAL_MISSING_CLIENT_HELLO_0013_partial_missing_client_hello_0013,PARTIAL_CAPTURE_MISSING_CLIENT_HELLO,PARTIAL_CAPTURE_CHALLENGE,MISSING_CLIENT_HELLO,LOW,0.0,1.0,0.0,0.0,0.0,0.0,0.0,0.0,0.0,0.0,0.0,0.0,0.0,1.0,0.0,0.0,0.0,0.0,0.0,1.0,1.0,1.0,1.0,0.0,0.0
ANALYSIS_PARTIAL_MISSING_CLIENT_HELLO_0014,partial_missing_client_hello_0014,ANALYSIS_PARTIAL_MISSING_CLIENT_HELLO_0014_partial_missing_client_hello_0014,PARTIAL_CAPTURE_MISSING_CLIENT_HELLO,PARTIAL_CAPTURE_CHALLENGE,MISSING_CLIENT_HELLO,HIGH,0.0,0.0,1.0,0.0,1.0,0.0,0.0,0.0,0.0,0.0,0.0,0.0,0.0,0.0,1.0,0.0,1.0,0.0,0.0,1.0,1.0,0.0,1.0,0.0,0.0
ANALYSIS_PARTIAL_MISSING_CLIENT_HELLO_0015,partial_missing_client_hello_0015,ANALYSIS_PARTIAL_MISSING_CLIENT_HELLO_0015_partial_missing_client_hello_0015,PARTIAL_CAPTURE_MISSING_CLIENT_HELLO,PARTIAL_CAPTURE_CHALLENGE,MISSING_CLIENT_HELLO,HIGH,0.0,0.0,1.0,0.0,1.0,0.0,0.0,0.0,0.0,0.0,0.0,0.0,1.0,0.0,0.0,0.0,1.0,0.0,0.0,1.0,1.0,0.0,1.0,0.0,0.0
ANALYSIS_PARTIAL_MISSING_CLIENT_HELLO_0016,partial_missing_client_hello_0016,ANALYSIS_PARTIAL_MISSING_CLIENT_HELLO_0016_partial_missing_client_hello_0016,PARTIAL_CAPTURE_MISSING_CLIENT_HELLO,PARTIAL_CAPTURE_CHALLENGE,MISSING_CLIENT_HELLO,MEDIUM,0.0,0.0,1.0,0.0,0.0,0.0,0.0,0.0,0.0,0.0,,0.0,0.0,1.0,0.0,0.0,0.0,1.0,0.0,0.0,1.0,0.0,1.0,0.0,0.0
ANALYSIS_PARTIAL_MISSING_CLIENT_HELLO_0017,partial_missing_client_hello_0017,ANALYSIS_PARTIAL_MISSING_CLIENT_HELLO_0017_partial_missing_client_hello_0017,PARTIAL_CAPTURE_MISSING_CLIENT_HELLO,PARTIAL_CAPTURE_CHALLENGE,MISSING_CLIENT_HELLO,MEDIUM,0.0,0.0,1.0,0.0,0.0,0.0,0.0,0.0,0.0,0.0,1.0,0.0,0.0,0.0,1.0,0.0,0.0,0.0,0.0,1.0,1.0,0.0,1.0,0.0,0.0
ANALYSIS_PARTIAL_MISSING_CLIENT_HELLO_0018,partial_missing_client_hello_0018,ANALYSIS_PARTIAL_MISSING_CLIENT_HELLO_0018_partial_missing_client_hello_0018,PARTIAL_CAPTURE_MISSING_CLIENT_HELLO,PARTIAL_CAPTURE_CHALLENGE,MISSING_CLIENT_HELLO,HIGH,0.0,0.0,1.0,0.0,0.0,1.0,0.0,0.0,0.0,0.0,0.0,0.0,1.0,0.0,0.0,0.0,1.0,0.0,0.0,1.0,1.0,0.0,1.0,0.0,0.0
ANALYSIS_PARTIAL_MISSING_CLIENT_HELLO_0019,partial_missing_client_hello_0019,ANALYSIS_PARTIAL_MISSING_CLIENT_HELLO_0019_partial_missing_client_hello_0019,PARTIAL_CAPTURE_MISSING_CLIENT_HELLO,PARTIAL_CAPTURE_CHALLENGE,MISSING_CLIENT_HELLO,HIGH,0.0,0.0,1.0,0.0,0.0,0.0,0.0,1.0,0.0,0.0,,0.0,0.0,1.0,0.0,0.0,1.0,0.0,0.0,0.0,1.0,0.0,1.0,0.0,0.0
ANALYSIS_PARTIAL_MISSING_CLIENT_HELLO_0020,partial_missing_client_hello_0020,ANALYSIS_PARTIAL_MISSING_CLIENT_HELLO_0020_partial_missing_client_hello_0020,PARTIAL_CAPTURE_MISSING_CLIENT_HELLO,PARTIAL_CAPTURE_CHALLENGE,MISSING_CLIENT_HELLO,LOW,0.0,0.0,1.0,0.0,0.0,0.0,0.0,0.0,0.0,0.0,,0.0,0.0,0.0,1.0,0.0,0.0,0.0,0.0,0.0,1.0,0.0,1.0,0.0,0.0
ANALYSIS_PARTIAL_MISSING_CLIENT_HELLO_0021,partial_missing_client_hello_0021,ANALYSIS_PARTIAL_MISSING_CLIENT_HELLO_0021_partial_missing_client_hello_0021,PARTIAL_CAPTURE_MISSING_CLIENT_HELLO,PARTIAL_CAPTURE_CHALLENGE,MISSING_CLIENT_HELLO,CRITICAL,0.0,0.0,1.0,1.0,1.0,1.0,0.0,0.0,0.0,0.0,0.0,0.0,1.0,0.0,0.0,0.0,2.0,0.0,0.0,1.0,1.0,0.0,1.0,0.0,0.0
ANALYSIS_PARTIAL_MISSING_CLIENT_HELLO_0022,partial_missing_client_hello_0022,ANALYSIS_PARTIAL_MISSING_CLIENT_HELLO_0022_partial_missing_client_hello_0022,PARTIAL_CAPTURE_MISSING_CLIENT_HELLO,PARTIAL_CAPTURE_CHALLENGE,MISSING_CLIENT_HELLO,LOW,0.0,1.0,0.0,0.0,0.0,0.0,0.0,0.0,0.0,0.0,,0.0,0.0,1.0,0.0,0.0,0.0,0.0,1.0,0.0,1.0,1.0,1.0,0.0,0.0
ANALYSIS_PARTIAL_MISSING_CLIENT_HELLO_0023,partial_missing_client_hello_0023,ANALYSIS_PARTIAL_MISSING_CLIENT_HELLO_0023_partial_missing_client_hello_0023,PARTIAL_CAPTURE_MISSING_CLIENT_HELLO,PARTIAL_CAPTURE_CHALLENGE,MISSING_CLIENT_HELLO,CRITICAL,1.0,0.0,0.0,,,,,,1.0,0.0,,,0.0,0.0,1.0,0.0,0.0,0.0,0.0,0.0,0.0,0.0,1.0,0.0,0.0
ANALYSIS_PARTIAL_MISSING_CLIENT_HELLO_0024,partial_missing_client_hello_0024,ANALYSIS_PARTIAL_MISSING_CLIENT_HELLO_0024_partial_missing_client_hello_0024,PARTIAL_CAPTURE_MISSING_CLIENT_HELLO,PARTIAL_CAPTURE_CHALLENGE,MISSING_CLIENT_HELLO,HIGH,0.0,1.0,0.0,1.0,0.0,0.0,0.0,0.0,0.0,0.0,,0.0,1.0,0.0,0.0,0.0,1.0,0.0,0.0,0.0,1.0,1.0,1.0,0.0,0.0
ANALYSIS_PARTIAL_MISSING_CLIENT_HELLO_0025,partial_missing_client_hello_0025,ANALYSIS_PARTIAL_MISSING_CLIENT_HELLO_0025_partial_missing_client_hello_0025,PARTIAL_CAPTURE_MISSING_CLIENT_HELLO,PARTIAL_CAPTURE_CHALLENGE,MISSING_CLIENT_HELLO,CRITICAL,0.0,0.0,1.0,1.0,1.0,1.0,0.0,0.0,0.0,0.0,0.0,0.0,0.0,1.0,0.0,0.0,2.0,0.0,0.0,1.0,1.0,0.0,1.0,0.0,0.0
ANALYSIS_PARTIAL_MISSING_CLIENT_HELLO_0026,partial_missing_client_hello_0026,ANALYSIS_PARTIAL_MISSING_CLIENT_HELLO_0026_partial_missing_client_hello_0026,PARTIAL_CAPTURE_MISSING_CLIENT_HELLO,PARTIAL_CAPTURE_CHALLENGE,MISSING_CLIENT_HELLO,HIGH,0.0,0.0,1.0,0.0,0.0,1.0,0.0,0.0,0.0,0.0,0.0,0.0,0.0,0.0,1.0,0.0,1.0,0.0,0.0,1.0,1.0,0.0,1.0,0.0,0.0
ANALYSIS_PARTIAL_MISSING_CLIENT_HELLO_0027,partial_missing_client_hello_0027,ANALYSIS_PARTIAL_MISSING_CLIENT_HELLO_0027_partial_missing_client_hello_0027,PARTIAL_CAPTURE_MISSING_CLIENT_HELLO,PARTIAL_CAPTURE_CHALLENGE,MISSING_CLIENT_HELLO,CRITICAL,0.0,1.0,0.0,1.0,1.0,1.0,0.0,0.0,0.0,0.0,,0.0,1.0,0.0,0.0,0.0,2.0,0.0,0.0,0.0,1.0,1.0,1.0,0.0,0.0
ANALYSIS_PARTIAL_MISSING_CLIENT_HELLO_0028,partial_missing_client_hello_0028,ANALYSIS_PARTIAL_MISSING_CLIENT_HELLO_0028_partial_missing_client_hello_0028,PARTIAL_CAPTURE_MISSING_CLIENT_HELLO,PARTIAL_CAPTURE_CHALLENGE,MISSING_CLIENT_HELLO,LOW,0.0,1.0,0.0,0.0,0.0,0.0,0.0,0.0,0.0,0.0,,0.0,0.0,1.0,0.0,0.0,0.0,0.0,1.0,0.0,1.0,1.0,1.0,0.0,0.0
ANALYSIS_PARTIAL_MISSING_CLIENT_HELLO_0029,partial_missing_client_hello_0029,ANALYSIS_PARTIAL_MISSING_CLIENT_HELLO_0029_partial_missing_client_hello_0029,PARTIAL_CAPTURE_MISSING_CLIENT_HELLO,PARTIAL_CAPTURE_CHALLENGE,MISSING_CLIENT_HELLO,HIGH,0.0,0.0,1.0,0.0,1.0,0.0,0.0,0.0,0.0,0.0,,0.0,0.0,0.0,1.0,0.0,1.0,0.0,0.0,0.0,1.0,0.0,1.0,0.0,0.0
ANALYSIS_PARTIAL_MISSING_CLIENT_HELLO_0030,partial_missing_client_hello_0030,ANALYSIS_PARTIAL_MISSING_CLIENT_HELLO_0030_partial_missing_client_hello_0030,PARTIAL_CAPTURE_MISSING_CLIENT_HELLO,PARTIAL_CAPTURE_CHALLENGE,MISSING_CLIENT_HELLO,MEDIUM,0.0,0.0,1.0,0.0,0.0,0.0,0.0,0.0,0.0,0.0,0.0,1.0,1.0,0.0,0.0,0.0,0.0,1.0,0.0,1.0,1.0,0.0,1.0,0.0,0.0
ANALYSIS_PARTIAL_MISSING_CLIENT_HELLO_0031,partial_missing_client_hello_0031,ANALYSIS_PARTIAL_MISSING_CLIENT_HELLO_0031_partial_missing_client_hello_0031,PARTIAL_CAPTURE_MISSING_CLIENT_HELLO,PARTIAL_CAPTURE_CHALLENGE,MISSING_CLIENT_HELLO,HIGH,0.0,0.0,1.0,0.0,1.0,0.0,0.0,0.0,0.0,0.0,,0.0,0.0,1.0,0.0,0.0,1.0,0.0,0.0,0.0,1.0,0.0,1.0,0.0,0.0
ANALYSIS_PARTIAL_MISSING_CLIENT_HELLO_0032,partial_missing_client_hello_0032,ANALYSIS_PARTIAL_MISSING_CLIENT_HELLO_0032_partial_missing_client_hello_0032,PARTIAL_CAPTURE_MISSING_CLIENT_HELLO,PARTIAL_CAPTURE_CHALLENGE,MISSING_CLIENT_HELLO,CRITICAL,0.0,0.0,1.0,1.0,1.0,1.0,0.0,0.0,0.0,0.0,0.0,0.0,0.0,0.0,1.0,0.0,2.0,0.0,0.0,1.0,1.0,0.0,1.0,0.0,0.0
ANALYSIS_PARTIAL_MISSING_CLIENT_HELLO_0033,partial_missing_client_hello_0033,ANALYSIS_PARTIAL_MISSING_CLIENT_HELLO_0033_partial_missing_client_hello_0033,PARTIAL_CAPTURE_MISSING_CLIENT_HELLO,PARTIAL_CAPTURE_CHALLENGE,MISSING_CLIENT_HELLO,HIGH,0.0,1.0,0.0,0.0,0.0,0.0,0.0,1.0,0.0,0.0,,0.0,1.0,0.0,0.0,0.0,1.0,0.0,0.0,0.0,1.0,1.0,1.0,0.0,0.0
ANALYSIS_PARTIAL_MISSING_CLIENT_HELLO_0034,partial_missing_client_hello_0034,ANALYSIS_PARTIAL_MISSING_CLIENT_HELLO_0034_partial_missing_client_hello_0034,PARTIAL_CAPTURE_MISSING_CLIENT_HELLO,PARTIAL_CAPTURE_CHALLENGE,MISSING_CLIENT_HELLO,HIGH,0.0,1.0,0.0,0.0,0.0,1.0,0.0,0.0,0.0,0.0,,0.0,0.0,1.0,0.0,0.0,1.0,0.0,0.0,0.0,1.0,1.0,1.0,0.0,0.0
ANALYSIS_PARTIAL_MISSING_CLIENT_HELLO_0035,partial_missing_client_hello_0035,ANALYSIS_PARTIAL_MISSING_CLIENT_HELLO_0035_partial_missing_client_hello_0035,PARTIAL_CAPTURE_MISSING_CLIENT_HELLO,PARTIAL_CAPTURE_CHALLENGE,MISSING_CLIENT_HELLO,HIGH,0.0,0.0,1.0,0.0,0.0,1.0,0.0,0.0,0.0,0.0,,0.0,0.0,0.0,1.0,0.0,1.0,0.0,0.0,0.0,1.0,0.0,1.0,0.0,0.0
ANALYSIS_PARTIAL_MISSING_CLIENT_HELLO_0036,partial_missing_client_hello_0036,ANALYSIS_PARTIAL_MISSING_CLIENT_HELLO_0036_partial_missing_client_hello_0036,PARTIAL_CAPTURE_MISSING_CLIENT_HELLO,PARTIAL_CAPTURE_CHALLENGE,MISSING_CLIENT_HELLO,MEDIUM,0.0,1.0,0.0,0.0,0.0,0.0,0.0,0.0,0.0,0.0,,1.0,1.0,0.0,0.0,0.0,0.0,1.0,0.0,0.0,1.0,1.0,1.0,0.0,0.0
ANALYSIS_PARTIAL_MISSING_CLIENT_HELLO_0037,partial_missing_client_hello_0037,ANALYSIS_PARTIAL_MISSING_CLIENT_HELLO_0037_partial_missing_client_hello_0037,PARTIAL_CAPTURE_MISSING_CLIENT_HELLO,PARTIAL_CAPTURE_CHALLENGE,MISSING_CLIENT_HELLO,HIGH,0.0,1.0,0.0,1.0,0.0,0.0,0.0,0.0,0.0,0.0,,0.0,0.0,1.0,0.0,0.0,1.0,0.0,0.0,0.0,1.0,1.0,1.0,0.0,0.0
ANALYSIS_PARTIAL_MISSING_CLIENT_HELLO_0038,partial_missing_client_hello_0038,ANALYSIS_PARTIAL_MISSING_CLIENT_HELLO_0038_partial_missing_client_hello_0038,PARTIAL_CAPTURE_MISSING_CLIENT_HELLO,PARTIAL_CAPTURE_CHALLENGE,MISSING_CLIENT_HELLO,LOW,0.0,0.0,1.0,0.0,0.0,0.0,0.0,0.0,0.0,0.0,,0.0,0.0,0.0,1.0,0.0,0.0,0.0,0.0,0.0,1.0,0.0,1.0,0.0,0.0
ANALYSIS_PARTIAL_MISSING_CLIENT_HELLO_0039,partial_missing_client_hello_0039,ANALYSIS_PARTIAL_MISSING_CLIENT_HELLO_0039_partial_missing_client_hello_0039,PARTIAL_CAPTURE_MISSING_CLIENT_HELLO,PARTIAL_CAPTURE_CHALLENGE,MISSING_CLIENT_HELLO,HIGH,0.0,1.0,0.0,0.0,0.0,0.0,0.0,1.0,0.0,0.0,0.0,0.0,1.0,0.0,0.0,0.0,1.0,0.0,0.0,1.0,1.0,1.0,1.0,0.0,0.0
ANALYSIS_PARTIAL_MISSING_CLIENT_HELLO_0040,partial_missing_client_hello_0040,ANALYSIS_PARTIAL_MISSING_CLIENT_HELLO_0040_partial_missing_client_hello_0040,PARTIAL_CAPTURE_MISSING_CLIENT_HELLO,PARTIAL_CAPTURE_CHALLENGE,MISSING_CLIENT_HELLO,MEDIUM,0.0,0.0,1.0,0.0,0.0,0.0,0.0,0.0,0.0,0.0,0.0,1.0,0.0,1.0,0.0,0.0,0.0,1.0,0.0,1.0,1.0,0.0,1.0,0.0,0.0
ANALYSIS_PARTIAL_MISSING_CLIENT_HELLO_0041,partial_missing_client_hello_0041,ANALYSIS_PARTIAL_MISSING_CLIENT_HELLO_0041_partial_missing_client_hello_0041,PARTIAL_CAPTURE_MISSING_CLIENT_HELLO,PARTIAL_CAPTURE_CHALLENGE,MISSING_CLIENT_HELLO,LOW,0.0,0.0,1.0,0.0,0.0,0.0,0.0,0.0,0.0,0.0,,0.0,0.0,0.0,1.0,0.0,0.0,0.0,0.0,0.0,1.0,0.0,1.0,0.0,0.0
ANALYSIS_PARTIAL_MISSING_CLIENT_HELLO_0042,partial_missing_client_hello_0042,ANALYSIS_PARTIAL_MISSING_CLIENT_HELLO_0042_partial_missing_client_hello_0042,PARTIAL_CAPTURE_MISSING_CLIENT_HELLO,PARTIAL_CAPTURE_CHALLENGE,MISSING_CLIENT_HELLO,LOW,0.0,0.0,1.0,0.0,0.0,0.0,0.0,0.0,0.0,0.0,0.0,0.0,1.0,0.0,0.0,0.0,0.0,0.0,0.0,1.0,1.0,0.0,1.0,0.0,0.0
ANALYSIS_PARTIAL_MISSING_CLIENT_HELLO_0043,partial_missing_client_hello_0043,ANALYSIS_PARTIAL_MISSING_CLIENT_HELLO_0043_partial_missing_client_hello_0043,PARTIAL_CAPTURE_MISSING_CLIENT_HELLO,PARTIAL_CAPTURE_CHALLENGE,MISSING_CLIENT_HELLO,MEDIUM,0.0,1.0,0.0,0.0,0.0,0.0,0.0,0.0,0.0,0.0,,1.0,0.0,1.0,0.0,0.0,0.0,1.0,0.0,0.0,1.0,1.0,1.0,0.0,0.0
ANALYSIS_PARTIAL_MISSING_CLIENT_HELLO_0044,partial_missing_client_hello_0044,ANALYSIS_PARTIAL_MISSING_CLIENT_HELLO_0044_partial_missing_client_hello_0044,PARTIAL_CAPTURE_MISSING_CLIENT_HELLO,PARTIAL_CAPTURE_CHALLENGE,MISSING_CLIENT_HELLO,MEDIUM,0.0,0.0,1.0,0.0,0.0,0.0,0.0,0.0,0.0,0.0,,0.0,0.0,0.0,1.0,0.0,0.0,1.0,0.0,0.0,1.0,0.0,1.0,0.0,0.0
ANALYSIS_PARTIAL_MISSING_CLIENT_HELLO_0045,partial_missing_client_hello_0045,ANALYSIS_PARTIAL_MISSING_CLIENT_HELLO_0045_partial_missing_client_hello_0045,PARTIAL_CAPTURE_MISSING_CLIENT_HELLO,PARTIAL_CAPTURE_CHALLENGE,MISSING_CLIENT_HELLO,CRITICAL,0.0,1.0,0.0,0.0,0.0,0.0,0.0,0.0,1.0,0.0,,0.0,1.0,0.0,0.0,1.0,0.0,0.0,0.0,0.0,1.0,1.0,1.0,0.0,0.0
ANALYSIS_PARTIAL_MISSING_CLIENT_HELLO_0046,partial_missing_client_hello_0046,ANALYSIS_PARTIAL_MISSING_CLIENT_HELLO_0046_partial_missing_client_hello_0046,PARTIAL_CAPTURE_MISSING_CLIENT_HELLO,PARTIAL_CAPTURE_CHALLENGE,MISSING_CLIENT_HELLO,MEDIUM,0.0,1.0,0.0,0.0,0.0,0.0,0.0,0.0,0.0,0.0,,1.0,0.0,1.0,0.0,0.0,0.0,1.0,0.0,0.0,1.0,1.0,1.0,0.0,0.0
ANALYSIS_PARTIAL_MISSING_CLIENT_HELLO_0047,partial_missing_client_hello_0047,ANALYSIS_PARTIAL_MISSING_CLIENT_HELLO_0047_partial_missing_client_hello_0047,PARTIAL_CAPTURE_MISSING_CLIENT_HELLO,PARTIAL_CAPTURE_CHALLENGE,MISSING_CLIENT_HELLO,HIGH,0.0,0.0,1.0,1.0,0.0,0.0,0.0,0.0,0.0,0.0,,0.0,0.0,0.0,1.0,0.0,1.0,0.0,0.0,0.0,1.0,0.0,1.0,0.0,0.0
ANALYSIS_PARTIAL_MISSING_CLIENT_HELLO_0048,partial_missing_client_hello_0048,ANALYSIS_PARTIAL_MISSING_CLIENT_HELLO_0048_partial_missing_client_hello_0048,PARTIAL_CAPTURE_MISSING_CLIENT_HELLO,PARTIAL_CAPTURE_CHALLENGE,MISSING_CLIENT_HELLO,CRITICAL,0.0,1.0,0.0,0.0,0.0,0.0,0.0,0.0,1.0,0.0,,0.0,1.0,0.0,0.0,1.0,0.0,0.0,0.0,0.0,1.0,1.0,1.0,0.0,0.0
ANALYSIS_PARTIAL_MISSING_CLIENT_HELLO_0049,partial_missing_client_hello_0049,ANALYSIS_PARTIAL_MISSING_CLIENT_HELLO_0049_partial_missing_client_hello_0049,PARTIAL_CAPTURE_MISSING_CLIENT_HELLO,PARTIAL_CAPTURE_CHALLENGE,MISSING_CLIENT_HELLO,LOW,0.0,1.0,0.0,0.0,0.0,0.0,0.0,0.0,0.0,0.0,0.0,0.0,0.0,1.0,0.0,0.0,0.0,0.0,0.0,1.0,1.0,1.0,1.0,0.0,0.0
ANALYSIS_PARTIAL_MISSING_CLIENT_HELLO_0050,partial_missing_client_hello_0050,ANALYSIS_PARTIAL_MISSING_CLIENT_HELLO_0050_partial_missing_client_hello_0050,PARTIAL_CAPTURE_MISSING_CLIENT_HELLO,PARTIAL_CAPTURE_CHALLENGE,MISSING_CLIENT_HELLO,LOW,0.0,1.0,0.0,0.0,0.0,0.0,0.0,0.0,0.0,0.0,,0.0,0.0,0.0,1.0,0.0,0.0,0.0,0.0,0.0,1.0,1.0,1.0,0.0,0.0
ANALYSIS_PARTIAL_MISSING_CLIENT_HELLO_0051,partial_missing_client_hello_0051,ANALYSIS_PARTIAL_MISSING_CLIENT_HELLO_0051_partial_missing_client_hello_0051,PARTIAL_CAPTURE_MISSING_CLIENT_HELLO,PARTIAL_CAPTURE_CHALLENGE,MISSING_CLIENT_HELLO,LOW,0.0,0.0,1.0,0.0,0.0,0.0,0.0,0.0,0.0,0.0,0.0,0.0,1.0,0.0,0.0,0.0,0.0,0.0,0.0,1.0,1.0,0.0,1.0,0.0,0.0
ANALYSIS_PARTIAL_MISSING_CLIENT_HELLO_0052,partial_missing_client_hello_0052,ANALYSIS_PARTIAL_MISSING_CLIENT_HELLO_0052_partial_missing_client_hello_0052,PARTIAL_CAPTURE_MISSING_CLIENT_HELLO,PARTIAL_CAPTURE_CHALLENGE,MISSING_CLIENT_HELLO,MEDIUM,0.0,0.0,1.0,0.0,0.0,0.0,0.0,0.0,0.0,0.0,,1.0,0.0,1.0,0.0,0.0,0.0,1.0,0.0,0.0,1.0,0.0,1.0,0.0,0.0
ANALYSIS_PARTIAL_MISSING_CLIENT_HELLO_0053,partial_missing_client_hello_0053,ANALYSIS_PARTIAL_MISSING_CLIENT_HELLO_0053_partial_missing_client_hello_0053,PARTIAL_CAPTURE_MISSING_CLIENT_HELLO,PARTIAL_CAPTURE_CHALLENGE,MISSING_CLIENT_HELLO,HIGH,0.0,0.0,1.0,0.0,0.0,1.0,0.0,0.0,0.0,0.0,0.0,0.0,0.0,0.0,1.0,0.0,1.0,0.0,0.0,1.0,1.0,0.0,1.0,0.0,0.0
ANALYSIS_PARTIAL_MISSING_CLIENT_HELLO_0054,partial_missing_client_hello_0054,ANALYSIS_PARTIAL_MISSING_CLIENT_HELLO_0054_partial_missing_client_hello_0054,PARTIAL_CAPTURE_MISSING_CLIENT_HELLO,PARTIAL_CAPTURE_CHALLENGE,MISSING_CLIENT_HELLO,LOW,0.0,0.0,1.0,0.0,0.0,0.0,0.0,0.0,0.0,0.0,,0.0,1.0,0.0,0.0,0.0,0.0,0.0,0.0,0.0,1.0,0.0,1.0,0.0,0.0
ANALYSIS_PARTIAL_MISSING_CLIENT_HELLO_0055,partial_missing_client_hello_0055,ANALYSIS_PARTIAL_MISSING_CLIENT_HELLO_0055_partial_missing_client_hello_0055,PARTIAL_CAPTURE_MISSING_CLIENT_HELLO,PARTIAL_CAPTURE_CHALLENGE,MISSING_CLIENT_HELLO,MEDIUM,0.0,0.0,1.0,0.0,0.0,0.0,0.0,0.0,0.0,0.0,0.0,1.0,0.0,1.0,0.0,0.0,0.0,1.0,0.0,1.0,1.0,0.0,1.0,0.0,0.0
ANALYSIS_PARTIAL_MISSING_CLIENT_HELLO_0056,partial_missing_client_hello_0056,ANALYSIS_PARTIAL_MISSING_CLIENT_HELLO_0056_partial_missing_client_hello_0056,PARTIAL_CAPTURE_MISSING_CLIENT_HELLO,PARTIAL_CAPTURE_CHALLENGE,MISSING_CLIENT_HELLO,HIGH,0.0,0.0,1.0,1.0,0.0,0.0,0.0,0.0,0.0,0.0,0.0,0.0,0.0,0.0,1.0,0.0,1.0,0.0,0.0,1.0,1.0,0.0,1.0,0.0,0.0
ANALYSIS_PARTIAL_MISSING_CLIENT_HELLO_0057,partial_missing_client_hello_0057,ANALYSIS_PARTIAL_MISSING_CLIENT_HELLO_0057_partial_missing_client_hello_0057,PARTIAL_CAPTURE_MISSING_CLIENT_HELLO,PARTIAL_CAPTURE_CHALLENGE,MISSING_CLIENT_HELLO,LOW,0.0,1.0,0.0,0.0,0.0,0.0,0.0,0.0,0.0,0.0,,0.0,1.0,0.0,0.0,0.0,0.0,0.0,0.0,0.0,1.0,1.0,1.0,0.0,0.0
ANALYSIS_PARTIAL_MISSING_CLIENT_HELLO_0058,partial_missing_client_hello_0058,ANALYSIS_PARTIAL_MISSING_CLIENT_HELLO_0058_partial_missing_client_hello_0058,PARTIAL_CAPTURE_MISSING_CLIENT_HELLO,PARTIAL_CAPTURE_CHALLENGE,MISSING_CLIENT_HELLO,LOW,0.0,1.0,0.0,0.0,0.0,0.0,0.0,0.0,0.0,0.0,0.0,0.0,0.0,1.0,0.0,0.0,0.0,0.0,0.0,1.0,1.0,1.0,1.0,0.0,0.0
ANALYSIS_PARTIAL_MISSING_CLIENT_HELLO_0059,partial_missing_client_hello_0059,ANALYSIS_PARTIAL_MISSING_CLIENT_HELLO_0059_partial_missing_client_hello_0059,PARTIAL_CAPTURE_MISSING_CLIENT_HELLO,PARTIAL_CAPTURE_CHALLENGE,MISSING_CLIENT_HELLO,CRITICAL,1.0,0.0,0.0,,,,,,1.0,0.0,,,0.0,0.0,1.0,0.0,0.0,0.0,0.0,0.0,0.0,0.0,1.0,0.0,0.0
ANALYSIS_PARTIAL_MISSING_CLIENT_HELLO_0060,partial_missing_client_hello_0060,ANALYSIS_PARTIAL_MISSING_CLIENT_HELLO_0060_partial_missing_client_hello_0060,PARTIAL_CAPTURE_MISSING_CLIENT_HELLO,PARTIAL_CAPTURE_CHALLENGE,MISSING_CLIENT_HELLO,MEDIUM,0.0,0.0,1.0,0.0,0.0,0.0,0.0,0.0,0.0,0.0,,1.0,1.0,0.0,0.0,0.0,0.0,1.0,0.0,0.0,1.0,0.0,1.0,0.0,0.0
ANALYSIS_PARTIAL_MISSING_CLIENT_HELLO_0061,partial_missing_client_hello_0061,ANALYSIS_PARTIAL_MISSING_CLIENT_HELLO_0061_partial_missing_client_hello_0061,PARTIAL_CAPTURE_MISSING_CLIENT_HELLO,PARTIAL_CAPTURE_CHALLENGE,MISSING_CLIENT_HELLO,HIGH,0.0,1.0,0.0,0.0,1.0,0.0,0.0,0.0,0.0,0.0,,0.0,0.0,1.0,0.0,0.0,1.0,0.0,0.0,0.0,1.0,1.0,1.0,0.0,0.0
ANALYSIS_PARTIAL_MISSING_CLIENT_HELLO_0062,partial_missing_client_hello_0062,ANALYSIS_PARTIAL_MISSING_CLIENT_HELLO_0062_partial_missing_client_hello_0062,PARTIAL_CAPTURE_MISSING_CLIENT_HELLO,PARTIAL_CAPTURE_CHALLENGE,MISSING_CLIENT_HELLO,HIGH,0.0,0.0,1.0,1.0,0.0,0.0,0.0,0.0,0.0,0.0,,0.0,0.0,0.0,1.0,0.0,1.0,0.0,0.0,0.0,1.0,0.0,1.0,0.0,0.0
ANALYSIS_PARTIAL_MISSING_CLIENT_HELLO_0063,partial_missing_client_hello_0063,ANALYSIS_PARTIAL_MISSING_CLIENT_HELLO_0063_partial_missing_client_hello_0063,PARTIAL_CAPTURE_MISSING_CLIENT_HELLO,PARTIAL_CAPTURE_CHALLENGE,MISSING_CLIENT_HELLO,CRITICAL,1.0,0.0,0.0,,,,,,1.0,0.0,,,1.0,0.0,0.0,0.0,0.0,0.0,0.0,0.0,0.0,0.0,1.0,0.0,0.0
ANALYSIS_PARTIAL_MISSING_CLIENT_HELLO_0064,partial_missing_client_hello_0064,ANALYSIS_PARTIAL_MISSING_CLIENT_HELLO_0064_partial_missing_client_hello_0064,PARTIAL_CAPTURE_MISSING_CLIENT_HELLO,PARTIAL_CAPTURE_CHALLENGE,MISSING_CLIENT_HELLO,MEDIUM,0.0,0.0,1.0,0.0,0.0,0.0,0.0,0.0,0.0,0.0,0.0,1.0,0.0,1.0,0.0,0.0,0.0,1.0,0.0,1.0,1.0,0.0,1.0,0.0,0.0
ANALYSIS_PARTIAL_MISSING_CLIENT_HELLO_0065,partial_missing_client_hello_0065,ANALYSIS_PARTIAL_MISSING_CLIENT_HELLO_0065_partial_missing_client_hello_0065,PARTIAL_CAPTURE_MISSING_CLIENT_HELLO,PARTIAL_CAPTURE_CHALLENGE,MISSING_CLIENT_HELLO,MEDIUM,0.0,0.0,1.0,0.0,0.0,0.0,0.0,0.0,0.0,0.0,,0.0,0.0,0.0,1.0,0.0,0.0,1.0,0.0,0.0,1.0,0.0,1.0,0.0,0.0
ANALYSIS_PARTIAL_MISSING_CLIENT_HELLO_0066,partial_missing_client_hello_0066,ANALYSIS_PARTIAL_MISSING_CLIENT_HELLO_0066_partial_missing_client_hello_0066,PARTIAL_CAPTURE_MISSING_CLIENT_HELLO,PARTIAL_CAPTURE_CHALLENGE,MISSING_CLIENT_HELLO,LOW,0.0,0.0,1.0,0.0,0.0,0.0,0.0,0.0,0.0,0.0,0.0,0.0,1.0,0.0,0.0,0.0,0.0,0.0,1.0,1.0,1.0,0.0,1.0,0.0,0.0
ANALYSIS_PARTIAL_MISSING_CLIENT_HELLO_0067,partial_missing_client_hello_0067,ANALYSIS_PARTIAL_MISSING_CLIENT_HELLO_0067_partial_missing_client_hello_0067,PARTIAL_CAPTURE_MISSING_CLIENT_HELLO,PARTIAL_CAPTURE_CHALLENGE,MISSING_CLIENT_HELLO,LOW,0.0,0.0,1.0,0.0,0.0,0.0,0.0,0.0,0.0,0.0,,0.0,0.0,1.0,0.0,0.0,0.0,0.0,1.0,0.0,1.0,0.0,1.0,0.0,0.0
ANALYSIS_PARTIAL_MISSING_CLIENT_HELLO_0068,partial_missing_client_hello_0068,ANALYSIS_PARTIAL_MISSING_CLIENT_HELLO_0068_partial_missing_client_hello_0068,PARTIAL_CAPTURE_MISSING_CLIENT_HELLO,PARTIAL_CAPTURE_CHALLENGE,MISSING_CLIENT_HELLO,LOW,0.0,1.0,0.0,0.0,0.0,0.0,0.0,0.0,0.0,0.0,,0.0,0.0,0.0,1.0,0.0,0.0,0.0,0.0,0.0,1.0,1.0,1.0,0.0,0.0
ANALYSIS_PARTIAL_MISSING_CLIENT_HELLO_0069,partial_missing_client_hello_0069,ANALYSIS_PARTIAL_MISSING_CLIENT_HELLO_0069_partial_missing_client_hello_0069,PARTIAL_CAPTURE_MISSING_CLIENT_HELLO,PARTIAL_CAPTURE_CHALLENGE,MISSING_CLIENT_HELLO,HIGH,0.0,1.0,0.0,0.0,0.0,1.0,0.0,0.0,0.0,0.0,0.0,0.0,1.0,0.0,0.0,0.0,1.0,0.0,0.0,1.0,1.0,1.0,1.0,0.0,0.0
ANALYSIS_PARTIAL_MISSING_CLIENT_HELLO_0070,partial_missing_client_hello_0070,ANALYSIS_PARTIAL_MISSING_CLIENT_HELLO_0070_partial_missing_client_hello_0070,PARTIAL_CAPTURE_MISSING_CLIENT_HELLO,PARTIAL_CAPTURE_CHALLENGE,MISSING_CLIENT_HELLO,LOW,0.0,0.0,1.0,0.0,0.0,0.0,0.0,0.0,0.0,0.0,,0.0,0.0,1.0,0.0,0.0,0.0,0.0,1.0,0.0,1.0,0.0,1.0,0.0,0.0
ANALYSIS_PARTIAL_MISSING_CLIENT_HELLO_0071,partial_missing_client_hello_0071,ANALYSIS_PARTIAL_MISSING_CLIENT_HELLO_0071_partial_missing_client_hello_0071,PARTIAL_CAPTURE_MISSING_CLIENT_HELLO,PARTIAL_CAPTURE_CHALLENGE,MISSING_CLIENT_HELLO,HIGH,0.0,0.0,1.0,0.0,1.0,0.0,0.0,0.0,0.0,0.0,0.0,0.0,0.0,0.0,1.0,0.0,1.0,0.0,0.0,1.0,1.0,0.0,1.0,0.0,0.0
ANALYSIS_PARTIAL_MISSING_CLIENT_HELLO_0072,partial_missing_client_hello_0072,ANALYSIS_PARTIAL_MISSING_CLIENT_HELLO_0072_partial_missing_client_hello_0072,PARTIAL_CAPTURE_MISSING_CLIENT_HELLO,PARTIAL_CAPTURE_CHALLENGE,MISSING_CLIENT_HELLO,HIGH,0.0,1.0,0.0,0.0,0.0,1.0,0.0,0.0,0.0,0.0,,0.0,1.0,0.0,0.0,0.0,1.0,0.0,0.0,0.0,1.0,1.0,1.0,0.0,0.0
ANALYSIS_PARTIAL_MISSING_CLIENT_HELLO_0073,partial_missing_client_hello_0073,ANALYSIS_PARTIAL_MISSING_CLIENT_HELLO_0073_partial_missing_client_hello_0073,PARTIAL_CAPTURE_MISSING_CLIENT_HELLO,PARTIAL_CAPTURE_CHALLENGE,MISSING_CLIENT_HELLO,CRITICAL,0.0,1.0,0.0,1.0,1.0,1.0,0.0,0.0,0.0,0.0,0.0,0.0,0.0,1.0,0.0,0.0,2.0,0.0,0.0,1.0,1.0,1.0,1.0,0.0,0.0
ANALYSIS_PARTIAL_MISSING_CLIENT_HELLO_0074,partial_missing_client_hello_0074,ANALYSIS_PARTIAL_MISSING_CLIENT_HELLO_0074_partial_missing_client_hello_0074,PARTIAL_CAPTURE_MISSING_CLIENT_HELLO,PARTIAL_CAPTURE_CHALLENGE,MISSING_CLIENT_HELLO,LOW,0.0,0.0,1.0,0.0,0.0,0.0,0.0,0.0,0.0,0.0,,0.0,0.0,0.0,1.0,0.0,0.0,0.0,1.0,0.0,1.0,0.0,1.0,0.0,0.0
ANALYSIS_PARTIAL_MISSING_CLIENT_HELLO_0075,partial_missing_client_hello_0075,ANALYSIS_PARTIAL_MISSING_CLIENT_HELLO_0075_partial_missing_client_hello_0075,PARTIAL_CAPTURE_MISSING_CLIENT_HELLO,PARTIAL_CAPTURE_CHALLENGE,MISSING_CLIENT_HELLO,LOW,0.0,0.0,1.0,0.0,0.0,0.0,0.0,0.0,0.0,0.0,0.0,0.0,1.0,0.0,0.0,0.0,0.0,0.0,0.0,1.0,1.0,0.0,1.0,0.0,0.0
ANALYSIS_PARTIAL_MISSING_CLIENT_HELLO_0076,partial_missing_client_hello_0076,ANALYSIS_PARTIAL_MISSING_CLIENT_HELLO_0076_partial_missing_client_hello_0076,PARTIAL_CAPTURE_MISSING_CLIENT_HELLO,PARTIAL_CAPTURE_CHALLENGE,MISSING_CLIENT_HELLO,HIGH,0.0,0.0,1.0,1.0,0.0,0.0,0.0,0.0,0.0,0.0,,0.0,0.0,1.0,0.0,0.0,1.0,0.0,0.0,0.0,1.0,0.0,1.0,0.0,0.0
ANALYSIS_PARTIAL_MISSING_CLIENT_HELLO_0077,partial_missing_client_hello_0077,ANALYSIS_PARTIAL_MISSING_CLIENT_HELLO_0077_partial_missing_client_hello_0077,PARTIAL_CAPTURE_MISSING_CLIENT_HELLO,PARTIAL_CAPTURE_CHALLENGE,MISSING_CLIENT_HELLO,CRITICAL,1.0,0.0,0.0,,,,,,0.0,0.0,,,0.0,0.0,1.0,0.0,0.0,0.0,0.0,0.0,0.0,0.0,1.0,0.0,0.0
ANALYSIS_PARTIAL_MISSING_CLIENT_HELLO_0078,partial_missing_client_hello_0078,ANALYSIS_PARTIAL_MISSING_CLIENT_HELLO_0078_partial_missing_client_hello_0078,PARTIAL_CAPTURE_MISSING_CLIENT_HELLO,PARTIAL_CAPTURE_CHALLENGE,MISSING_CLIENT_HELLO,HIGH,0.0,1.0,0.0,0.0,0.0,1.0,0.0,0.0,0.0,0.0,0.0,0.0,1.0,0.0,0.0,0.0,1.0,0.0,0.0,1.0,1.0,1.0,1.0,0.0,0.0
ANALYSIS_PARTIAL_MISSING_CLIENT_HELLO_0079,partial_missing_client_hello_0079,ANALYSIS_PARTIAL_MISSING_CLIENT_HELLO_0079_partial_missing_client_hello_0079,PARTIAL_CAPTURE_MISSING_CLIENT_HELLO,PARTIAL_CAPTURE_CHALLENGE,MISSING_CLIENT_HELLO,LOW,0.0,1.0,0.0,0.0,0.0,0.0,0.0,0.0,0.0,0.0,0.0,0.0,0.0,1.0,0.0,0.0,0.0,0.0,0.0,1.0,1.0,1.0,1.0,0.0,0.0
ANALYSIS_PARTIAL_MISSING_CLIENT_HELLO_0080,partial_missing_client_hello_0080,ANALYSIS_PARTIAL_MISSING_CLIENT_HELLO_0080_partial_missing_client_hello_0080,PARTIAL_CAPTURE_MISSING_CLIENT_HELLO,PARTIAL_CAPTURE_CHALLENGE,MISSING_CLIENT_HELLO,HIGH,0.0,0.0,1.0,0.0,1.0,0.0,0.0,0.0,0.0,0.0,0.0,0.0,0.0,0.0,1.0,0.0,1.0,0.0,0.0,1.0,1.0,0.0,1.0,0.0,0.0
ANALYSIS_PARTIAL_MISSING_CLIENT_HELLO_0081,partial_missing_client_hello_0081,ANALYSIS_PARTIAL_MISSING_CLIENT_HELLO_0081_partial_missing_client_hello_0081,PARTIAL_CAPTURE_MISSING_CLIENT_HELLO,PARTIAL_CAPTURE_CHALLENGE,MISSING_CLIENT_HELLO,HIGH,0.0,1.0,0.0,0.0,0.0,1.0,0.0,0.0,0.0,0.0,0.0,0.0,1.0,0.0,0.0,0.0,1.0,0.0,0.0,1.0,1.0,1.0,1.0,0.0,0.0
ANALYSIS_PARTIAL_MISSING_CLIENT_HELLO_0082,partial_missing_client_hello_0082,ANALYSIS_PARTIAL_MISSING_CLIENT_HELLO_0082_partial_missing_client_hello_0082,PARTIAL_CAPTURE_MISSING_CLIENT_HELLO,PARTIAL_CAPTURE_CHALLENGE,MISSING_CLIENT_HELLO,CRITICAL,0.0,0.0,1.0,1.0,1.0,1.0,0.0,0.0,0.0,0.0,0.0,0.0,0.0,1.0,0.0,0.0,2.0,0.0,0.0,1.0,1.0,0.0,1.0,0.0,0.0
ANALYSIS_PARTIAL_MISSING_CLIENT_HELLO_0083,partial_missing_client_hello_0083,ANALYSIS_PARTIAL_MISSING_CLIENT_HELLO_0083_partial_missing_client_hello_0083,PARTIAL_CAPTURE_MISSING_CLIENT_HELLO,PARTIAL_CAPTURE_CHALLENGE,MISSING_CLIENT_HELLO,LOW,0.0,1.0,0.0,0.0,0.0,0.0,0.0,0.0,0.0,0.0,,0.0,0.0,0.0,1.0,0.0,0.0,0.0,1.0,0.0,1.0,1.0,1.0,0.0,0.0
ANALYSIS_PARTIAL_MISSING_CLIENT_HELLO_0084,partial_missing_client_hello_0084,ANALYSIS_PARTIAL_MISSING_CLIENT_HELLO_0084_partial_missing_client_hello_0084,PARTIAL_CAPTURE_MISSING_CLIENT_HELLO,PARTIAL_CAPTURE_CHALLENGE,MISSING_CLIENT_HELLO,MEDIUM,0.0,0.0,1.0,0.0,0.0,0.0,0.0,0.0,0.0,0.0,,1.0,1.0,0.0,0.0,0.0,0.0,1.0,0.0,0.0,1.0,0.0,1.0,0.0,0.0
ANALYSIS_PARTIAL_MISSING_CLIENT_HELLO_0085,partial_missing_client_hello_0085,ANALYSIS_PARTIAL_MISSING_CLIENT_HELLO_0085_partial_missing_client_hello_0085,PARTIAL_CAPTURE_MISSING_CLIENT_HELLO,PARTIAL_CAPTURE_CHALLENGE,MISSING_CLIENT_HELLO,LOW,0.0,0.0,1.0,0.0,0.0,0.0,0.0,0.0,0.0,0.0,,0.0,0.0,1.0,0.0,0.0,0.0,0.0,1.0,0.0,1.0,0.0,1.0,0.0,0.0
ANALYSIS_PARTIAL_MISSING_CLIENT_HELLO_0086,partial_missing_client_hello_0086,ANALYSIS_PARTIAL_MISSING_CLIENT_HELLO_0086_partial_missing_client_hello_0086,PARTIAL_CAPTURE_MISSING_CLIENT_HELLO,PARTIAL_CAPTURE_CHALLENGE,MISSING_CLIENT_HELLO,HIGH,0.0,0.0,1.0,0.0,0.0,1.0,0.0,0.0,0.0,0.0,0.0,0.0,0.0,0.0,1.0,0.0,1.0,0.0,0.0,1.0,1.0,0.0,1.0,0.0,0.0
ANALYSIS_PARTIAL_MISSING_CLIENT_HELLO_0087,partial_missing_client_hello_0087,ANALYSIS_PARTIAL_MISSING_CLIENT_HELLO_0087_partial_missing_client_hello_0087,PARTIAL_CAPTURE_MISSING_CLIENT_HELLO,PARTIAL_CAPTURE_CHALLENGE,MISSING_CLIENT_HELLO,CRITICAL,1.0,0.0,0.0,,,,,,0.0,0.0,,,1.0,0.0,0.0,0.0,0.0,0.0,0.0,0.0,0.0,0.0,1.0,0.0,0.0
ANALYSIS_PARTIAL_MISSING_CLIENT_HELLO_0088,partial_missing_client_hello_0088,ANALYSIS_PARTIAL_MISSING_CLIENT_HELLO_0088_partial_missing_client_hello_0088,PARTIAL_CAPTURE_MISSING_CLIENT_HELLO,PARTIAL_CAPTURE_CHALLENGE,MISSING_CLIENT_HELLO,LOW,0.0,1.0,0.0,0.0,0.0,0.0,0.0,0.0,0.0,0.0,0.0,0.0,0.0,1.0,0.0,0.0,0.0,0.0,0.0,1.0,1.0,1.0,1.0,0.0,0.0
ANALYSIS_PARTIAL_MISSING_CLIENT_HELLO_0089,partial_missing_client_hello_0089,ANALYSIS_PARTIAL_MISSING_CLIENT_HELLO_0089_partial_missing_client_hello_0089,PARTIAL_CAPTURE_MISSING_CLIENT_HELLO,PARTIAL_CAPTURE_CHALLENGE,MISSING_CLIENT_HELLO,LOW,0.0,1.0,0.0,0.0,0.0,0.0,0.0,0.0,0.0,0.0,,0.0,0.0,0.0,1.0,0.0,0.0,0.0,1.0,0.0,1.0,1.0,1.0,0.0,0.0
ANALYSIS_PARTIAL_MISSING_CLIENT_HELLO_0090,partial_missing_client_hello_0090,ANALYSIS_PARTIAL_MISSING_CLIENT_HELLO_0090_partial_missing_client_hello_0090,PARTIAL_CAPTURE_MISSING_CLIENT_HELLO,PARTIAL_CAPTURE_CHALLENGE,MISSING_CLIENT_HELLO,LOW,0.0,1.0,0.0,0.0,0.0,0.0,0.0,0.0,0.0,0.0,,0.0,1.0,0.0,0.0,0.0,0.0,0.0,0.0,0.0,1.0,1.0,1.0,0.0,0.0
ANALYSIS_PARTIAL_MISSING_CLIENT_HELLO_0091,partial_missing_client_hello_0091,ANALYSIS_PARTIAL_MISSING_CLIENT_HELLO_0091_partial_missing_client_hello_0091,PARTIAL_CAPTURE_MISSING_CLIENT_HELLO,PARTIAL_CAPTURE_CHALLENGE,MISSING_CLIENT_HELLO,HIGH,0.0,1.0,0.0,0.0,0.0,0.0,0.0,1.0,0.0,0.0,,0.0,0.0,1.0,0.0,0.0,1.0,0.0,0.0,0.0,1.0,1.0,1.0,0.0,0.0
ANALYSIS_PARTIAL_MISSING_CLIENT_HELLO_0092,partial_missing_client_hello_0092,ANALYSIS_PARTIAL_MISSING_CLIENT_HELLO_0092_partial_missing_client_hello_0092,PARTIAL_CAPTURE_MISSING_CLIENT_HELLO,PARTIAL_CAPTURE_CHALLENGE,MISSING_CLIENT_HELLO,MEDIUM,0.0,0.0,1.0,0.0,0.0,0.0,0.0,0.0,0.0,0.0,,1.0,0.0,0.0,1.0,0.0,0.0,1.0,0.0,0.0,1.0,0.0,1.0,0.0,0.0
ANALYSIS_PARTIAL_MISSING_CLIENT_HELLO_0093,partial_missing_client_hello_0093,ANALYSIS_PARTIAL_MISSING_CLIENT_HELLO_0093_partial_missing_client_hello_0093,PARTIAL_CAPTURE_MISSING_CLIENT_HELLO,PARTIAL_CAPTURE_CHALLENGE,MISSING_CLIENT_HELLO,HIGH,0.0,1.0,0.0,1.0,0.0,0.0,0.0,0.0,0.0,0.0,1.0,0.0,1.0,0.0,0.0,0.0,1.0,0.0,0.0,1.0,1.0,1.0,1.0,0.0,0.0
ANALYSIS_PARTIAL_MISSING_CLIENT_HELLO_0094,partial_missing_client_hello_0094,ANALYSIS_PARTIAL_MISSING_CLIENT_HELLO_0094_partial_missing_client_hello_0094,PARTIAL_CAPTURE_MISSING_CLIENT_HELLO,PARTIAL_CAPTURE_CHALLENGE,MISSING_CLIENT_HELLO,MEDIUM,0.0,0.0,1.0,0.0,0.0,0.0,0.0,0.0,0.0,0.0,0.0,1.0,0.0,1.0,0.0,0.0,0.0,1.0,0.0,1.0,1.0,0.0,1.0,0.0,0.0
ANALYSIS_PARTIAL_MISSING_CLIENT_HELLO_0095,partial_missing_client_hello_0095,ANALYSIS_PARTIAL_MISSING_CLIENT_HELLO_0095_partial_missing_client_hello_0095,PARTIAL_CAPTURE_MISSING_CLIENT_HELLO,PARTIAL_CAPTURE_CHALLENGE,MISSING_CLIENT_HELLO,CRITICAL,1.0,0.0,0.0,,,,,,1.0,0.0,,,0.0,0.0,1.0,0.0,0.0,0.0,0.0,0.0,0.0,0.0,1.0,0.0,0.0
ANALYSIS_PARTIAL_MISSING_CLIENT_HELLO_0096,partial_missing_client_hello_0096,ANALYSIS_PARTIAL_MISSING_CLIENT_HELLO_0096_partial_missing_client_hello_0096,PARTIAL_CAPTURE_MISSING_CLIENT_HELLO,PARTIAL_CAPTURE_CHALLENGE,MISSING_CLIENT_HELLO,HIGH,0.0,1.0,0.0,1.0,0.0,0.0,0.0,0.0,0.0,0.0,1.0,0.0,1.0,0.0,0.0,0.0,1.0,0.0,0.0,1.0,1.0,1.0,1.0,0.0,0.0
ANALYSIS_PARTIAL_MISSING_CLIENT_HELLO_0097,partial_missing_client_hello_0097,ANALYSIS_PARTIAL_MISSING_CLIENT_HELLO_0097_partial_missing_client_hello_0097,PARTIAL_CAPTURE_MISSING_CLIENT_HELLO,PARTIAL_CAPTURE_CHALLENGE,MISSING_CLIENT_HELLO,MEDIUM,0.0,0.0,1.0,0.0,0.0,0.0,0.0,0.0,0.0,0.0,,1.0,0.0,1.0,0.0,0.0,0.0,1.0,0.0,0.0,1.0,0.0,1.0,0.0,0.0
ANALYSIS_PARTIAL_MISSING_CLIENT_HELLO_0098,partial_missing_client_hello_0098,ANALYSIS_PARTIAL_MISSING_CLIENT_HELLO_0098_partial_missing_client_hello_0098,PARTIAL_CAPTURE_MISSING_CLIENT_HELLO,PARTIAL_CAPTURE_CHALLENGE,MISSING_CLIENT_HELLO,LOW,0.0,1.0,0.0,0.0,0.0,0.0,0.0,0.0,0.0,0.0,,0.0,0.0,0.0,1.0,0.0,0.0,0.0,1.0,0.0,1.0,1.0,1.0,0.0,0.0
ANALYSIS_PARTIAL_MISSING_CLIENT_HELLO_0099,partial_missing_client_hello_0099,ANALYSIS_PARTIAL_MISSING_CLIENT_HELLO_0099_partial_missing_client_hello_0099,PARTIAL_CAPTURE_MISSING_CLIENT_HELLO,PARTIAL_CAPTURE_CHALLENGE,MISSING_CLIENT_HELLO,HIGH,0.0,1.0,0.0,1.0,0.0,0.0,0.0,0.0,0.0,0.0,0.0,0.0,1.0,0.0,0.0,0.0,1.0,0.0,0.0,1.0,1.0,1.0,1.0,0.0,0.0
ANALYSIS_PARTIAL_MISSING_SERVER_HELLO_0000,partial_missing_server_hello_0000,ANALYSIS_PARTIAL_MISSING_SERVER_HELLO_0000_partial_missing_server_hello_0000,PARTIAL_CAPTURE_MISSING_SERVER_HELLO,PARTIAL_CAPTURE_CHALLENGE,MISSING_SERVER_HELLO,LOW,0.0,1.0,0.0,,,0.0,0.0,0.0,0.0,0.0,,0.0,1.0,0.0,0.0,0.0,0.0,0.0,1.0,0.0,1.0,1.0,1.0,0.0,0.0
ANALYSIS_PARTIAL_MISSING_SERVER_HELLO_0001,partial_missing_server_hello_0001,ANALYSIS_PARTIAL_MISSING_SERVER_HELLO_0001_partial_missing_server_hello_0001,PARTIAL_CAPTURE_MISSING_SERVER_HELLO,PARTIAL_CAPTURE_CHALLENGE,MISSING_SERVER_HELLO,MEDIUM,0.0,0.0,1.0,,,0.0,0.0,0.0,0.0,0.0,,0.0,0.0,1.0,0.0,0.0,0.0,1.0,0.0,0.0,1.0,0.0,1.0,0.0,0.0
ANALYSIS_PARTIAL_MISSING_SERVER_HELLO_0002,partial_missing_server_hello_0002,ANALYSIS_PARTIAL_MISSING_SERVER_HELLO_0002_partial_missing_server_hello_0002,PARTIAL_CAPTURE_MISSING_SERVER_HELLO,PARTIAL_CAPTURE_CHALLENGE,MISSING_SERVER_HELLO,HIGH,0.0,1.0,0.0,,,0.0,0.0,1.0,0.0,0.0,,0.0,0.0,0.0,1.0,0.0,1.0,0.0,0.0,0.0,1.0,1.0,1.0,0.0,0.0
ANALYSIS_PARTIAL_MISSING_SERVER_HELLO_0003,partial_missing_server_hello_0003,ANALYSIS_PARTIAL_MISSING_SERVER_HELLO_0003_partial_missing_server_hello_0003,PARTIAL_CAPTURE_MISSING_SERVER_HELLO,PARTIAL_CAPTURE_CHALLENGE,MISSING_SERVER_HELLO,HIGH,0.0,0.0,1.0,,,0.0,0.0,0.0,0.0,0.0,,0.0,1.0,0.0,0.0,0.0,1.0,0.0,0.0,0.0,1.0,0.0,1.0,0.0,0.0
ANALYSIS_PARTIAL_MISSING_SERVER_HELLO_0004,partial_missing_server_hello_0004,ANALYSIS_PARTIAL_MISSING_SERVER_HELLO_0004_partial_missing_server_hello_0004,PARTIAL_CAPTURE_MISSING_SERVER_HELLO,PARTIAL_CAPTURE_CHALLENGE,MISSING_SERVER_HELLO,MEDIUM,0.0,1.0,0.0,,,0.0,0.0,0.0,0.0,0.0,,1.0,0.0,1.0,0.0,0.0,0.0,1.0,0.0,0.0,1.0,1.0,1.0,0.0,0.0
ANALYSIS_PARTIAL_MISSING_SERVER_HELLO_0005,partial_missing_server_hello_0005,ANALYSIS_PARTIAL_MISSING_SERVER_HELLO_0005_partial_missing_server_hello_0005,PARTIAL_CAPTURE_MISSING_SERVER_HELLO,PARTIAL_CAPTURE_CHALLENGE,MISSING_SERVER_HELLO,MEDIUM,0.0,1.0,0.0,,,0.0,0.0,0.0,0.0,0.0,,0.0,0.0,0.0,1.0,0.0,0.0,1.0,0.0,0.0,1.0,1.0,1.0,0.0,0.0
ANALYSIS_PARTIAL_MISSING_SERVER_HELLO_0006,partial_missing_server_hello_0006,ANALYSIS_PARTIAL_MISSING_SERVER_HELLO_0006_partial_missing_server_hello_0006,PARTIAL_CAPTURE_MISSING_SERVER_HELLO,PARTIAL_CAPTURE_CHALLENGE,MISSING_SERVER_HELLO,HIGH,0.0,1.0,0.0,,,1.0,0.0,0.0,0.0,0.0,,0.0,1.0,0.0,0.0,0.0,1.0,0.0,0.0,0.0,1.0,1.0,1.0,0.0,0.0
ANALYSIS_PARTIAL_MISSING_SERVER_HELLO_0007,partial_missing_server_hello_0007,ANALYSIS_PARTIAL_MISSING_SERVER_HELLO_0007_partial_missing_server_hello_0007,PARTIAL_CAPTURE_MISSING_SERVER_HELLO,PARTIAL_CAPTURE_CHALLENGE,MISSING_SERVER_HELLO,LOW,0.0,1.0,0.0,,,0.0,0.0,0.0,0.0,0.0,,0.0,0.0,1.0,0.0,0.0,0.0,0.0,0.0,0.0,1.0,1.0,1.0,0.0,0.0
ANALYSIS_PARTIAL_MISSING_SERVER_HELLO_0008,partial_missing_server_hello_0008,ANALYSIS_PARTIAL_MISSING_SERVER_HELLO_0008_partial_missing_server_hello_0008,PARTIAL_CAPTURE_MISSING_SERVER_HELLO,PARTIAL_CAPTURE_CHALLENGE,MISSING_SERVER_HELLO,HIGH,0.0,0.0,1.0,,,0.0,0.0,0.0,0.0,0.0,,0.0,0.0,0.0,1.0,0.0,1.0,0.0,0.0,0.0,1.0,0.0,1.0,0.0,0.0
ANALYSIS_PARTIAL_MISSING_SERVER_HELLO_0009,partial_missing_server_hello_0009,ANALYSIS_PARTIAL_MISSING_SERVER_HELLO_0009_partial_missing_server_hello_0009,PARTIAL_CAPTURE_MISSING_SERVER_HELLO,PARTIAL_CAPTURE_CHALLENGE,MISSING_SERVER_HELLO,LOW,0.0,1.0,0.0,,,0.0,0.0,0.0,0.0,0.0,,0.0,1.0,0.0,0.0,0.0,0.0,0.0,1.0,0.0,1.0,1.0,1.0,0.0,0.0
ANALYSIS_PARTIAL_MISSING_SERVER_HELLO_0010,partial_missing_server_hello_0010,ANALYSIS_PARTIAL_MISSING_SERVER_HELLO_0010_partial_missing_server_hello_0010,PARTIAL_CAPTURE_MISSING_SERVER_HELLO,PARTIAL_CAPTURE_CHALLENGE,MISSING_SERVER_HELLO,LOW,0.0,0.0,1.0,,,0.0,0.0,0.0,0.0,0.0,,0.0,0.0,1.0,0.0,0.0,0.0,0.0,0.0,0.0,1.0,0.0,1.0,0.0,0.0
ANALYSIS_PARTIAL_MISSING_SERVER_HELLO_0011,partial_missing_server_hello_0011,ANALYSIS_PARTIAL_MISSING_SERVER_HELLO_0011_partial_missing_server_hello_0011,PARTIAL_CAPTURE_MISSING_SERVER_HELLO,PARTIAL_CAPTURE_CHALLENGE,MISSING_SERVER_HELLO,HIGH,0.0,1.0,0.0,,,1.0,0.0,0.0,0.0,0.0,,0.0,0.0,0.0,1.0,0.0,2.0,0.0,0.0,0.0,1.0,1.0,1.0,0.0,0.0
ANALYSIS_PARTIAL_MISSING_SERVER_HELLO_0012,partial_missing_server_hello_0012,ANALYSIS_PARTIAL_MISSING_SERVER_HELLO_0012_partial_missing_server_hello_0012,PARTIAL_CAPTURE_MISSING_SERVER_HELLO,PARTIAL_CAPTURE_CHALLENGE,MISSING_SERVER_HELLO,HIGH,0.0,1.0,0.0,,,1.0,0.0,0.0,0.0,0.0,,0.0,1.0,0.0,0.0,0.0,1.0,0.0,0.0,0.0,1.0,1.0,1.0,0.0,0.0
ANALYSIS_PARTIAL_MISSING_SERVER_HELLO_0013,partial_missing_server_hello_0013,ANALYSIS_PARTIAL_MISSING_SERVER_HELLO_0013_partial_missing_server_hello_0013,PARTIAL_CAPTURE_MISSING_SERVER_HELLO,PARTIAL_CAPTURE_CHALLENGE,MISSING_SERVER_HELLO,LOW,0.0,0.0,1.0,,,0.0,0.0,0.0,0.0,0.0,,0.0,0.0,1.0,0.0,0.0,0.0,0.0,0.0,0.0,1.0,0.0,1.0,0.0,0.0
ANALYSIS_PARTIAL_MISSING_SERVER_HELLO_0014,partial_missing_server_hello_0014,ANALYSIS_PARTIAL_MISSING_SERVER_HELLO_0014_partial_missing_server_hello_0014,PARTIAL_CAPTURE_MISSING_SERVER_HELLO,PARTIAL_CAPTURE_CHALLENGE,MISSING_SERVER_HELLO,CRITICAL,1.0,0.0,0.0,,,,,,1.0,0.0,,,0.0,0.0,1.0,0.0,0.0,0.0,0.0,0.0,0.0,0.0,1.0,0.0,0.0
ANALYSIS_PARTIAL_MISSING_SERVER_HELLO_0015,partial_missing_server_hello_0015,ANALYSIS_PARTIAL_MISSING_SERVER_HELLO_0015_partial_missing_server_hello_0015,PARTIAL_CAPTURE_MISSING_SERVER_HELLO,PARTIAL_CAPTURE_CHALLENGE,MISSING_SERVER_HELLO,LOW,0.0,1.0,0.0,,,0.0,0.0,0.0,0.0,0.0,,0.0,1.0,0.0,0.0,0.0,0.0,0.0,0.0,0.0,1.0,1.0,1.0,0.0,0.0
ANALYSIS_PARTIAL_MISSING_SERVER_HELLO_0016,partial_missing_server_hello_0016,ANALYSIS_PARTIAL_MISSING_SERVER_HELLO_0016_partial_missing_server_hello_0016,PARTIAL_CAPTURE_MISSING_SERVER_HELLO,PARTIAL_CAPTURE_CHALLENGE,MISSING_SERVER_HELLO,LOW,0.0,0.0,1.0,,,0.0,0.0,0.0,0.0,0.0,,0.0,0.0,1.0,0.0,0.0,0.0,0.0,0.0,0.0,1.0,0.0,1.0,0.0,0.0
ANALYSIS_PARTIAL_MISSING_SERVER_HELLO_0017,partial_missing_server_hello_0017,ANALYSIS_PARTIAL_MISSING_SERVER_HELLO_0017_partial_missing_server_hello_0017,PARTIAL_CAPTURE_MISSING_SERVER_HELLO,PARTIAL_CAPTURE_CHALLENGE,MISSING_SERVER_HELLO,HIGH,0.0,1.0,0.0,,,0.0,0.0,0.0,0.0,0.0,,0.0,0.0,0.0,1.0,0.0,1.0,0.0,0.0,0.0,1.0,1.0,1.0,0.0,0.0
ANALYSIS_PARTIAL_MISSING_SERVER_HELLO_0018,partial_missing_server_hello_0018,ANALYSIS_PARTIAL_MISSING_SERVER_HELLO_0018_partial_missing_server_hello_0018,PARTIAL_CAPTURE_MISSING_SERVER_HELLO,PARTIAL_CAPTURE_CHALLENGE,MISSING_SERVER_HELLO,MEDIUM,0.0,1.0,0.0,,,0.0,0.0,0.0,0.0,0.0,,0.0,1.0,0.0,0.0,0.0,0.0,1.0,0.0,0.0,1.0,1.0,1.0,0.0,0.0
ANALYSIS_PARTIAL_MISSING_SERVER_HELLO_0019,partial_missing_server_hello_0019,ANALYSIS_PARTIAL_MISSING_SERVER_HELLO_0019_partial_missing_server_hello_0019,PARTIAL_CAPTURE_MISSING_SERVER_HELLO,PARTIAL_CAPTURE_CHALLENGE,MISSING_SERVER_HELLO,LOW,0.0,1.0,0.0,,,0.0,0.0,0.0,0.0,0.0,,0.0,0.0,1.0,0.0,0.0,0.0,0.0,1.0,0.0,1.0,1.0,1.0,0.0,0.0
ANALYSIS_PARTIAL_MISSING_SERVER_HELLO_0020,partial_missing_server_hello_0020,ANALYSIS_PARTIAL_MISSING_SERVER_HELLO_0020_partial_missing_server_hello_0020,PARTIAL_CAPTURE_MISSING_SERVER_HELLO,PARTIAL_CAPTURE_CHALLENGE,MISSING_SERVER_HELLO,HIGH,0.0,1.0,0.0,,,1.0,0.0,0.0,0.0,0.0,,0.0,0.0,0.0,1.0,0.0,2.0,0.0,0.0,0.0,1.0,1.0,1.0,0.0,0.0
ANALYSIS_PARTIAL_MISSING_SERVER_HELLO_0021,partial_missing_server_hello_0021,ANALYSIS_PARTIAL_MISSING_SERVER_HELLO_0021_partial_missing_server_hello_0021,PARTIAL_CAPTURE_MISSING_SERVER_HELLO,PARTIAL_CAPTURE_CHALLENGE,MISSING_SERVER_HELLO,LOW,0.0,1.0,0.0,,,0.0,0.0,0.0,0.0,0.0,,0.0,1.0,0.0,0.0,0.0,0.0,0.0,1.0,0.0,1.0,1.0,1.0,0.0,0.0
ANALYSIS_PARTIAL_MISSING_SERVER_HELLO_0022,partial_missing_server_hello_0022,ANALYSIS_PARTIAL_MISSING_SERVER_HELLO_0022_partial_missing_server_hello_0022,PARTIAL_CAPTURE_MISSING_SERVER_HELLO,PARTIAL_CAPTURE_CHALLENGE,MISSING_SERVER_HELLO,HIGH,0.0,1.0,0.0,,,1.0,0.0,0.0,0.0,0.0,,0.0,0.0,1.0,0.0,0.0,1.0,0.0,0.0,0.0,1.0,1.0,1.0,0.0,0.0
ANALYSIS_PARTIAL_MISSING_SERVER_HELLO_0023,partial_missing_server_hello_0023,ANALYSIS_PARTIAL_MISSING_SERVER_HELLO_0023_partial_missing_server_hello_0023,PARTIAL_CAPTURE_MISSING_SERVER_HELLO,PARTIAL_CAPTURE_CHALLENGE,MISSING_SERVER_HELLO,CRITICAL,0.0,1.0,0.0,,,0.0,0.0,0.0,1.0,0.0,,0.0,0.0,0.0,1.0,0.0,0.0,0.0,0.0,0.0,1.0,1.0,1.0,0.0,0.0
ANALYSIS_PARTIAL_MISSING_SERVER_HELLO_0024,partial_missing_server_hello_0024,ANALYSIS_PARTIAL_MISSING_SERVER_HELLO_0024_partial_missing_server_hello_0024,PARTIAL_CAPTURE_MISSING_SERVER_HELLO,PARTIAL_CAPTURE_CHALLENGE,MISSING_SERVER_HELLO,MEDIUM,0.0,1.0,0.0,,,0.0,0.0,0.0,0.0,0.0,,0.0,1.0,0.0,0.0,0.0,0.0,1.0,0.0,0.0,1.0,1.0,1.0,0.0,0.0
ANALYSIS_PARTIAL_MISSING_SERVER_HELLO_0025,partial_missing_server_hello_0025,ANALYSIS_PARTIAL_MISSING_SERVER_HELLO_0025_partial_missing_server_hello_0025,PARTIAL_CAPTURE_MISSING_SERVER_HELLO,PARTIAL_CAPTURE_CHALLENGE,MISSING_SERVER_HELLO,LOW,0.0,0.0,1.0,,,0.0,0.0,0.0,0.0,0.0,,0.0,0.0,1.0,0.0,0.0,0.0,0.0,0.0,0.0,1.0,0.0,1.0,0.0,0.0
ANALYSIS_PARTIAL_MISSING_SERVER_HELLO_0026,partial_missing_server_hello_0026,ANALYSIS_PARTIAL_MISSING_SERVER_HELLO_0026_partial_missing_server_hello_0026,PARTIAL_CAPTURE_MISSING_SERVER_HELLO,PARTIAL_CAPTURE_CHALLENGE,MISSING_SERVER_HELLO,HIGH,0.0,0.0,1.0,,,1.0,0.0,0.0,0.0,0.0,,0.0,0.0,0.0,1.0,0.0,2.0,0.0,0.0,0.0,1.0,0.0,1.0,0.0,0.0
ANALYSIS_PARTIAL_MISSING_SERVER_HELLO_0027,partial_missing_server_hello_0027,ANALYSIS_PARTIAL_MISSING_SERVER_HELLO_0027_partial_missing_server_hello_0027,PARTIAL_CAPTURE_MISSING_SERVER_HELLO,PARTIAL_CAPTURE_CHALLENGE,MISSING_SERVER_HELLO,LOW,0.0,0.0,1.0,,,0.0,0.0,0.0,0.0,0.0,,0.0,1.0,0.0,0.0,0.0,0.0,0.0,1.0,0.0,1.0,0.0,1.0,0.0,0.0
ANALYSIS_PARTIAL_MISSING_SERVER_HELLO_0028,partial_missing_server_hello_0028,ANALYSIS_PARTIAL_MISSING_SERVER_HELLO_0028_partial_missing_server_hello_0028,PARTIAL_CAPTURE_MISSING_SERVER_HELLO,PARTIAL_CAPTURE_CHALLENGE,MISSING_SERVER_HELLO,HIGH,0.0,0.0,1.0,,,0.0,0.0,0.0,0.0,0.0,,0.0,0.0,1.0,0.0,0.0,1.0,0.0,0.0,0.0,1.0,0.0,1.0,0.0,0.0
ANALYSIS_PARTIAL_MISSING_SERVER_HELLO_0029,partial_missing_server_hello_0029,ANALYSIS_PARTIAL_MISSING_SERVER_HELLO_0029_partial_missing_server_hello_0029,PARTIAL_CAPTURE_MISSING_SERVER_HELLO,PARTIAL_CAPTURE_CHALLENGE,MISSING_SERVER_HELLO,MEDIUM,0.0,1.0,0.0,,,0.0,0.0,0.0,0.0,0.0,,1.0,0.0,0.0,1.0,0.0,0.0,1.0,0.0,0.0,1.0,1.0,1.0,0.0,0.0
ANALYSIS_PARTIAL_MISSING_SERVER_HELLO_0030,partial_missing_server_hello_0030,ANALYSIS_PARTIAL_MISSING_SERVER_HELLO_0030_partial_missing_server_hello_0030,PARTIAL_CAPTURE_MISSING_SERVER_HELLO,PARTIAL_CAPTURE_CHALLENGE,MISSING_SERVER_HELLO,MEDIUM,0.0,0.0,1.0,,,0.0,0.0,0.0,0.0,0.0,,1.0,1.0,0.0,0.0,0.0,0.0,1.0,0.0,0.0,1.0,0.0,1.0,0.0,0.0
ANALYSIS_PARTIAL_MISSING_SERVER_HELLO_0031,partial_missing_server_hello_0031,ANALYSIS_PARTIAL_MISSING_SERVER_HELLO_0031_partial_missing_server_hello_0031,PARTIAL_CAPTURE_MISSING_SERVER_HELLO,PARTIAL_CAPTURE_CHALLENGE,MISSING_SERVER_HELLO,LOW,0.0,0.0,1.0,,,0.0,0.0,0.0,0.0,0.0,,0.0,0.0,1.0,0.0,0.0,0.0,0.0,0.0,0.0,1.0,0.0,1.0,0.0,0.0
ANALYSIS_PARTIAL_MISSING_SERVER_HELLO_0032,partial_missing_server_hello_0032,ANALYSIS_PARTIAL_MISSING_SERVER_HELLO_0032_partial_missing_server_hello_0032,PARTIAL_CAPTURE_MISSING_SERVER_HELLO,PARTIAL_CAPTURE_CHALLENGE,MISSING_SERVER_HELLO,CRITICAL,1.0,0.0,0.0,,,,,,1.0,0.0,,,0.0,0.0,1.0,0.0,0.0,0.0,0.0,0.0,0.0,0.0,1.0,0.0,0.0
ANALYSIS_PARTIAL_MISSING_SERVER_HELLO_0033,partial_missing_server_hello_0033,ANALYSIS_PARTIAL_MISSING_SERVER_HELLO_0033_partial_missing_server_hello_0033,PARTIAL_CAPTURE_MISSING_SERVER_HELLO,PARTIAL_CAPTURE_CHALLENGE,MISSING_SERVER_HELLO,LOW,0.0,1.0,0.0,,,0.0,0.0,0.0,0.0,0.0,,0.0,1.0,0.0,0.0,0.0,0.0,0.0,0.0,0.0,1.0,1.0,1.0,0.0,0.0
ANALYSIS_PARTIAL_MISSING_SERVER_HELLO_0034,partial_missing_server_hello_0034,ANALYSIS_PARTIAL_MISSING_SERVER_HELLO_0034_partial_missing_server_hello_0034,PARTIAL_CAPTURE_MISSING_SERVER_HELLO,PARTIAL_CAPTURE_CHALLENGE,MISSING_SERVER_HELLO,MEDIUM,0.0,1.0,0.0,,,0.0,0.0,0.0,0.0,0.0,,1.0,0.0,1.0,0.0,0.0,0.0,1.0,0.0,0.0,1.0,1.0,1.0,0.0,0.0
ANALYSIS_PARTIAL_MISSING_SERVER_HELLO_0035,partial_missing_server_hello_0035,ANALYSIS_PARTIAL_MISSING_SERVER_HELLO_0035_partial_missing_server_hello_0035,PARTIAL_CAPTURE_MISSING_SERVER_HELLO,PARTIAL_CAPTURE_CHALLENGE,MISSING_SERVER_HELLO,MEDIUM,0.0,0.0,1.0,,,0.0,0.0,0.0,0.0,0.0,,0.0,0.0,0.0,1.0,0.0,0.0,1.0,0.0,0.0,1.0,0.0,1.0,0.0,0.0
ANALYSIS_PARTIAL_MISSING_SERVER_HELLO_0036,partial_missing_server_hello_0036,ANALYSIS_PARTIAL_MISSING_SERVER_HELLO_0036_partial_missing_server_hello_0036,PARTIAL_CAPTURE_MISSING_SERVER_HELLO,PARTIAL_CAPTURE_CHALLENGE,MISSING_SERVER_HELLO,CRITICAL,1.0,0.0,0.0,,,,,,0.0,0.0,,,1.0,0.0,0.0,0.0,0.0,0.0,0.0,0.0,0.0,0.0,1.0,0.0,0.0
ANALYSIS_PARTIAL_MISSING_SERVER_HELLO_0037,partial_missing_server_hello_0037,ANALYSIS_PARTIAL_MISSING_SERVER_HELLO_0037_partial_missing_server_hello_0037,PARTIAL_CAPTURE_MISSING_SERVER_HELLO,PARTIAL_CAPTURE_CHALLENGE,MISSING_SERVER_HELLO,HIGH,0.0,0.0,1.0,,,1.0,0.0,0.0,0.0,0.0,,0.0,0.0,1.0,0.0,0.0,2.0,0.0,0.0,0.0,1.0,0.0,1.0,0.0,0.0
ANALYSIS_PARTIAL_MISSING_SERVER_HELLO_0038,partial_missing_server_hello_0038,ANALYSIS_PARTIAL_MISSING_SERVER_HELLO_0038_partial_missing_server_hello_0038,PARTIAL_CAPTURE_MISSING_SERVER_HELLO,PARTIAL_CAPTURE_CHALLENGE,MISSING_SERVER_HELLO,LOW,0.0,0.0,1.0,,,0.0,0.0,0.0,0.0,0.0,,0.0,0.0,0.0,1.0,0.0,0.0,0.0,0.0,0.0,1.0,0.0,1.0,0.0,0.0
ANALYSIS_PARTIAL_MISSING_SERVER_HELLO_0039,partial_missing_server_hello_0039,ANALYSIS_PARTIAL_MISSING_SERVER_HELLO_0039_partial_missing_server_hello_0039,PARTIAL_CAPTURE_MISSING_SERVER_HELLO,PARTIAL_CAPTURE_CHALLENGE,MISSING_SERVER_HELLO,LOW,0.0,1.0,0.0,,,0.0,0.0,0.0,0.0,0.0,,0.0,1.0,0.0,0.0,0.0,0.0,0.0,0.0,0.0,1.0,1.0,1.0,0.0,0.0
ANALYSIS_PARTIAL_MISSING_SERVER_HELLO_0040,partial_missing_server_hello_0040,ANALYSIS_PARTIAL_MISSING_SERVER_HELLO_0040_partial_missing_server_hello_0040,PARTIAL_CAPTURE_MISSING_SERVER_HELLO,PARTIAL_CAPTURE_CHALLENGE,MISSING_SERVER_HELLO,HIGH,0.0,0.0,1.0,,,1.0,0.0,0.0,0.0,0.0,,0.0,0.0,1.0,0.0,0.0,2.0,0.0,0.0,0.0,1.0,0.0,1.0,0.0,0.0
ANALYSIS_PARTIAL_MISSING_SERVER_HELLO_0041,partial_missing_server_hello_0041,ANALYSIS_PARTIAL_MISSING_SERVER_HELLO_0041_partial_missing_server_hello_0041,PARTIAL_CAPTURE_MISSING_SERVER_HELLO,PARTIAL_CAPTURE_CHALLENGE,MISSING_SERVER_HELLO,CRITICAL,1.0,0.0,0.0,,,,,,1.0,0.0,,,0.0,0.0,1.0,0.0,0.0,0.0,0.0,0.0,0.0,0.0,1.0,0.0,0.0
ANALYSIS_PARTIAL_MISSING_SERVER_HELLO_0042,partial_missing_server_hello_0042,ANALYSIS_PARTIAL_MISSING_SERVER_HELLO_0042_partial_missing_server_hello_0042,PARTIAL_CAPTURE_MISSING_SERVER_HELLO,PARTIAL_CAPTURE_CHALLENGE,MISSING_SERVER_HELLO,MEDIUM,0.0,1.0,0.0,,,0.0,0.0,0.0,0.0,0.0,,1.0,1.0,0.0,0.0,0.0,0.0,1.0,0.0,0.0,1.0,1.0,1.0,0.0,0.0
ANALYSIS_PARTIAL_MISSING_SERVER_HELLO_0043,partial_missing_server_hello_0043,ANALYSIS_PARTIAL_MISSING_SERVER_HELLO_0043_partial_missing_server_hello_0043,PARTIAL_CAPTURE_MISSING_SERVER_HELLO,PARTIAL_CAPTURE_CHALLENGE,MISSING_SERVER_HELLO,HIGH,0.0,0.0,1.0,,,1.0,0.0,0.0,0.0,0.0,,0.0,0.0,1.0,0.0,0.0,1.0,0.0,0.0,0.0,1.0,0.0,1.0,0.0,0.0
ANALYSIS_PARTIAL_MISSING_SERVER_HELLO_0044,partial_missing_server_hello_0044,ANALYSIS_PARTIAL_MISSING_SERVER_HELLO_0044_partial_missing_server_hello_0044,PARTIAL_CAPTURE_MISSING_SERVER_HELLO,PARTIAL_CAPTURE_CHALLENGE,MISSING_SERVER_HELLO,HIGH,0.0,1.0,0.0,,,1.0,0.0,0.0,0.0,0.0,,0.0,0.0,0.0,1.0,0.0,2.0,0.0,0.0,0.0,1.0,1.0,1.0,0.0,0.0
ANALYSIS_PARTIAL_MISSING_SERVER_HELLO_0045,partial_missing_server_hello_0045,ANALYSIS_PARTIAL_MISSING_SERVER_HELLO_0045_partial_missing_server_hello_0045,PARTIAL_CAPTURE_MISSING_SERVER_HELLO,PARTIAL_CAPTURE_CHALLENGE,MISSING_SERVER_HELLO,MEDIUM,0.0,0.0,1.0,,,0.0,0.0,0.0,0.0,0.0,,0.0,1.0,0.0,0.0,0.0,0.0,1.0,0.0,0.0,1.0,0.0,1.0,0.0,0.0
ANALYSIS_PARTIAL_MISSING_SERVER_HELLO_0046,partial_missing_server_hello_0046,ANALYSIS_PARTIAL_MISSING_SERVER_HELLO_0046_partial_missing_server_hello_0046,PARTIAL_CAPTURE_MISSING_SERVER_HELLO,PARTIAL_CAPTURE_CHALLENGE,MISSING_SERVER_HELLO,LOW,0.0,0.0,1.0,,,0.0,0.0,0.0,0.0,0.0,,0.0,0.0,1.0,0.0,0.0,0.0,0.0,0.0,0.0,1.0,0.0,1.0,0.0,0.0
ANALYSIS_PARTIAL_MISSING_SERVER_HELLO_0047,partial_missing_server_hello_0047,ANALYSIS_PARTIAL_MISSING_SERVER_HELLO_0047_partial_missing_server_hello_0047,PARTIAL_CAPTURE_MISSING_SERVER_HELLO,PARTIAL_CAPTURE_CHALLENGE,MISSING_SERVER_HELLO,LOW,0.0,1.0,0.0,,,0.0,0.0,0.0,0.0,0.0,,0.0,0.0,0.0,1.0,0.0,0.0,0.0,0.0,0.0,1.0,1.0,1.0,0.0,0.0
ANALYSIS_PARTIAL_MISSING_SERVER_HELLO_0048,partial_missing_server_hello_0048,ANALYSIS_PARTIAL_MISSING_SERVER_HELLO_0048_partial_missing_server_hello_0048,PARTIAL_CAPTURE_MISSING_SERVER_HELLO,PARTIAL_CAPTURE_CHALLENGE,MISSING_SERVER_HELLO,HIGH,0.0,0.0,1.0,,,1.0,0.0,0.0,0.0,0.0,,0.0,1.0,0.0,0.0,0.0,1.0,0.0,0.0,0.0,1.0,0.0,1.0,0.0,0.0
ANALYSIS_PARTIAL_MISSING_SERVER_HELLO_0049,partial_missing_server_hello_0049,ANALYSIS_PARTIAL_MISSING_SERVER_HELLO_0049_partial_missing_server_hello_0049,PARTIAL_CAPTURE_MISSING_SERVER_HELLO,PARTIAL_CAPTURE_CHALLENGE,MISSING_SERVER_HELLO,HIGH,0.0,0.0,1.0,,,0.0,0.0,0.0,0.0,0.0,,0.0,0.0,1.0,0.0,0.0,1.0,0.0,0.0,0.0,1.0,0.0,1.0,0.0,0.0
ANALYSIS_PARTIAL_MISSING_SERVER_HELLO_0050,partial_missing_server_hello_0050,ANALYSIS_PARTIAL_MISSING_SERVER_HELLO_0050_partial_missing_server_hello_0050,PARTIAL_CAPTURE_MISSING_SERVER_HELLO,PARTIAL_CAPTURE_CHALLENGE,MISSING_SERVER_HELLO,HIGH,0.0,0.0,1.0,,,0.0,0.0,0.0,0.0,0.0,,0.0,0.0,0.0,1.0,0.0,1.0,0.0,0.0,0.0,1.0,0.0,1.0,0.0,0.0
ANALYSIS_PARTIAL_MISSING_SERVER_HELLO_0051,partial_missing_server_hello_0051,ANALYSIS_PARTIAL_MISSING_SERVER_HELLO_0051_partial_missing_server_hello_0051,PARTIAL_CAPTURE_MISSING_SERVER_HELLO,PARTIAL_CAPTURE_CHALLENGE,MISSING_SERVER_HELLO,LOW,0.0,1.0,0.0,,,0.0,0.0,0.0,0.0,0.0,,0.0,1.0,0.0,0.0,0.0,0.0,0.0,0.0,0.0,1.0,1.0,1.0,0.0,0.0
ANALYSIS_PARTIAL_MISSING_SERVER_HELLO_0052,partial_missing_server_hello_0052,ANALYSIS_PARTIAL_MISSING_SERVER_HELLO_0052_partial_missing_server_hello_0052,PARTIAL_CAPTURE_MISSING_SERVER_HELLO,PARTIAL_CAPTURE_CHALLENGE,MISSING_SERVER_HELLO,MEDIUM,0.0,1.0,0.0,,,0.0,0.0,0.0,0.0,0.0,,1.0,0.0,1.0,0.0,0.0,0.0,1.0,0.0,0.0,1.0,1.0,1.0,0.0,0.0
ANALYSIS_PARTIAL_MISSING_SERVER_HELLO_0053,partial_missing_server_hello_0053,ANALYSIS_PARTIAL_MISSING_SERVER_HELLO_0053_partial_missing_server_hello_0053,PARTIAL_CAPTURE_MISSING_SERVER_HELLO,PARTIAL_CAPTURE_CHALLENGE,MISSING_SERVER_HELLO,MEDIUM,0.0,0.0,1.0,,,0.0,0.0,0.0,0.0,0.0,,0.0,0.0,0.0,1.0,0.0,0.0,1.0,0.0,0.0,1.0,0.0,1.0,0.0,0.0
ANALYSIS_PARTIAL_MISSING_SERVER_HELLO_0054,partial_missing_server_hello_0054,ANALYSIS_PARTIAL_MISSING_SERVER_HELLO_0054_partial_missing_server_hello_0054,PARTIAL_CAPTURE_MISSING_SERVER_HELLO,PARTIAL_CAPTURE_CHALLENGE,MISSING_SERVER_HELLO,MEDIUM,0.0,1.0,0.0,,,0.0,0.0,0.0,0.0,0.0,,0.0,1.0,0.0,0.0,0.0,0.0,1.0,0.0,0.0,1.0,1.0,1.0,0.0,0.0
ANALYSIS_PARTIAL_MISSING_SERVER_HELLO_0055,partial_missing_server_hello_0055,ANALYSIS_PARTIAL_MISSING_SERVER_HELLO_0055_partial_missing_server_hello_0055,PARTIAL_CAPTURE_MISSING_SERVER_HELLO,PARTIAL_CAPTURE_CHALLENGE,MISSING_SERVER_HELLO,LOW,0.0,1.0,0.0,,,0.0,0.0,0.0,0.0,0.0,,0.0,0.0,1.0,0.0,0.0,0.0,0.0,0.0,0.0,1.0,1.0,1.0,0.0,0.0
ANALYSIS_PARTIAL_MISSING_SERVER_HELLO_0056,partial_missing_server_hello_0056,ANALYSIS_PARTIAL_MISSING_SERVER_HELLO_0056_partial_missing_server_hello_0056,PARTIAL_CAPTURE_MISSING_SERVER_HELLO,PARTIAL_CAPTURE_CHALLENGE,MISSING_SERVER_HELLO,HIGH,0.0,0.0,1.0,,,0.0,0.0,0.0,0.0,0.0,,0.0,0.0,0.0,1.0,0.0,1.0,0.0,0.0,0.0,1.0,0.0,1.0,0.0,0.0
ANALYSIS_PARTIAL_MISSING_SERVER_HELLO_0057,partial_missing_server_hello_0057,ANALYSIS_PARTIAL_MISSING_SERVER_HELLO_0057_partial_missing_server_hello_0057,PARTIAL_CAPTURE_MISSING_SERVER_HELLO,PARTIAL_CAPTURE_CHALLENGE,MISSING_SERVER_HELLO,HIGH,0.0,0.0,1.0,,,0.0,0.0,0.0,0.0,0.0,,0.0,1.0,0.0,0.0,0.0,1.0,0.0,0.0,0.0,1.0,0.0,1.0,0.0,0.0
ANALYSIS_PARTIAL_MISSING_SERVER_HELLO_0058,partial_missing_server_hello_0058,ANALYSIS_PARTIAL_MISSING_SERVER_HELLO_0058_partial_missing_server_hello_0058,PARTIAL_CAPTURE_MISSING_SERVER_HELLO,PARTIAL_CAPTURE_CHALLENGE,MISSING_SERVER_HELLO,LOW,0.0,1.0,0.0,,,0.0,0.0,0.0,0.0,0.0,,0.0,0.0,1.0,0.0,0.0,0.0,0.0,0.0,0.0,1.0,1.0,1.0,0.0,0.0
ANALYSIS_PARTIAL_MISSING_SERVER_HELLO_0059,partial_missing_server_hello_0059,ANALYSIS_PARTIAL_MISSING_SERVER_HELLO_0059_partial_missing_server_hello_0059,PARTIAL_CAPTURE_MISSING_SERVER_HELLO,PARTIAL_CAPTURE_CHALLENGE,MISSING_SERVER_HELLO,MEDIUM,0.0,1.0,0.0,,,0.0,0.0,0.0,0.0,0.0,,1.0,0.0,0.0,1.0,0.0,0.0,1.0,0.0,0.0,1.0,1.0,1.0,0.0,0.0
ANALYSIS_PARTIAL_MISSING_SERVER_HELLO_0060,partial_missing_server_hello_0060,ANALYSIS_PARTIAL_MISSING_SERVER_HELLO_0060_partial_missing_server_hello_0060,PARTIAL_CAPTURE_MISSING_SERVER_HELLO,PARTIAL_CAPTURE_CHALLENGE,MISSING_SERVER_HELLO,LOW,0.0,1.0,0.0,,,0.0,0.0,0.0,0.0,0.0,,0.0,1.0,0.0,0.0,0.0,0.0,0.0,0.0,0.0,1.0,1.0,1.0,0.0,0.0
ANALYSIS_PARTIAL_MISSING_SERVER_HELLO_0061,partial_missing_server_hello_0061,ANALYSIS_PARTIAL_MISSING_SERVER_HELLO_0061_partial_missing_server_hello_0061,PARTIAL_CAPTURE_MISSING_SERVER_HELLO,PARTIAL_CAPTURE_CHALLENGE,MISSING_SERVER_HELLO,HIGH,0.0,0.0,1.0,,,1.0,0.0,0.0,0.0,0.0,,0.0,0.0,1.0,0.0,0.0,1.0,0.0,0.0,0.0,1.0,0.0,1.0,0.0,0.0
ANALYSIS_PARTIAL_MISSING_SERVER_HELLO_0062,partial_missing_server_hello_0062,ANALYSIS_PARTIAL_MISSING_SERVER_HELLO_0062_partial_missing_server_hello_0062,PARTIAL_CAPTURE_MISSING_SERVER_HELLO,PARTIAL_CAPTURE_CHALLENGE,MISSING_SERVER_HELLO,LOW,0.0,1.0,0.0,,,0.0,0.0,0.0,0.0,0.0,,0.0,0.0,0.0,1.0,0.0,0.0,0.0,0.0,0.0,1.0,1.0,1.0,0.0,0.0
ANALYSIS_PARTIAL_MISSING_SERVER_HELLO_0063,partial_missing_server_hello_0063,ANALYSIS_PARTIAL_MISSING_SERVER_HELLO_0063_partial_missing_server_hello_0063,PARTIAL_CAPTURE_MISSING_SERVER_HELLO,PARTIAL_CAPTURE_CHALLENGE,MISSING_SERVER_HELLO,CRITICAL,0.0,1.0,0.0,,,0.0,0.0,0.0,1.0,0.0,,0.0,1.0,0.0,0.0,1.0,0.0,0.0,0.0,0.0,1.0,1.0,1.0,0.0,0.0
ANALYSIS_PARTIAL_MISSING_SERVER_HELLO_0064,partial_missing_server_hello_0064,ANALYSIS_PARTIAL_MISSING_SERVER_HELLO_0064_partial_missing_server_hello_0064,PARTIAL_CAPTURE_MISSING_SERVER_HELLO,PARTIAL_CAPTURE_CHALLENGE,MISSING_SERVER_HELLO,MEDIUM,0.0,0.0,1.0,,,0.0,0.0,0.0,0.0,0.0,,1.0,0.0,1.0,0.0,0.0,0.0,1.0,0.0,0.0,1.0,0.0,1.0,0.0,0.0
ANALYSIS_PARTIAL_MISSING_SERVER_HELLO_0065,partial_missing_server_hello_0065,ANALYSIS_PARTIAL_MISSING_SERVER_HELLO_0065_partial_missing_server_hello_0065,PARTIAL_CAPTURE_MISSING_SERVER_HELLO,PARTIAL_CAPTURE_CHALLENGE,MISSING_SERVER_HELLO,LOW,0.0,1.0,0.0,,,0.0,0.0,0.0,0.0,0.0,,0.0,0.0,0.0,1.0,0.0,0.0,0.0,1.0,0.0,1.0,1.0,1.0,0.0,0.0
ANALYSIS_PARTIAL_MISSING_SERVER_HELLO_0066,partial_missing_server_hello_0066,ANALYSIS_PARTIAL_MISSING_SERVER_HELLO_0066_partial_missing_server_hello_0066,PARTIAL_CAPTURE_MISSING_SERVER_HELLO,PARTIAL_CAPTURE_CHALLENGE,MISSING_SERVER_HELLO,HIGH,0.0,0.0,1.0,,,0.0,0.0,0.0,0.0,0.0,,0.0,1.0,0.0,0.0,0.0,1.0,0.0,0.0,0.0,1.0,0.0,1.0,0.0,0.0
ANALYSIS_PARTIAL_MISSING_SERVER_HELLO_0067,partial_missing_server_hello_0067,ANALYSIS_PARTIAL_MISSING_SERVER_HELLO_0067_partial_missing_server_hello_0067,PARTIAL_CAPTURE_MISSING_SERVER_HELLO,PARTIAL_CAPTURE_CHALLENGE,MISSING_SERVER_HELLO,HIGH,0.0,0.0,1.0,,,0.0,0.0,1.0,0.0,0.0,,0.0,0.0,1.0,0.0,0.0,1.0,0.0,0.0,0.0,1.0,0.0,1.0,0.0,0.0
ANALYSIS_PARTIAL_MISSING_SERVER_HELLO_0068,partial_missing_server_hello_0068,ANALYSIS_PARTIAL_MISSING_SERVER_HELLO_0068_partial_missing_server_hello_0068,PARTIAL_CAPTURE_MISSING_SERVER_HELLO,PARTIAL_CAPTURE_CHALLENGE,MISSING_SERVER_HELLO,LOW,0.0,1.0,0.0,,,0.0,0.0,0.0,0.0,0.0,,0.0,0.0,0.0,1.0,0.0,0.0,0.0,0.0,0.0,1.0,1.0,1.0,0.0,0.0
ANALYSIS_PARTIAL_MISSING_SERVER_HELLO_0069,partial_missing_server_hello_0069,ANALYSIS_PARTIAL_MISSING_SERVER_HELLO_0069_partial_missing_server_hello_0069,PARTIAL_CAPTURE_MISSING_SERVER_HELLO,PARTIAL_CAPTURE_CHALLENGE,MISSING_SERVER_HELLO,HIGH,0.0,1.0,0.0,,,1.0,0.0,0.0,0.0,0.0,,0.0,1.0,0.0,0.0,0.0,1.0,0.0,0.0,0.0,1.0,1.0,1.0,0.0,0.0
ANALYSIS_PARTIAL_MISSING_SERVER_HELLO_0070,partial_missing_server_hello_0070,ANALYSIS_PARTIAL_MISSING_SERVER_HELLO_0070_partial_missing_server_hello_0070,PARTIAL_CAPTURE_MISSING_SERVER_HELLO,PARTIAL_CAPTURE_CHALLENGE,MISSING_SERVER_HELLO,LOW,0.0,0.0,1.0,,,0.0,0.0,0.0,0.0,0.0,,0.0,0.0,1.0,0.0,0.0,0.0,0.0,0.0,0.0,1.0,0.0,1.0,0.0,0.0
ANALYSIS_PARTIAL_MISSING_SERVER_HELLO_0071,partial_missing_server_hello_0071,ANALYSIS_PARTIAL_MISSING_SERVER_HELLO_0071_partial_missing_server_hello_0071,PARTIAL_CAPTURE_MISSING_SERVER_HELLO,PARTIAL_CAPTURE_CHALLENGE,MISSING_SERVER_HELLO,HIGH,0.0,0.0,1.0,,,1.0,0.0,0.0,0.0,0.0,,0.0,0.0,0.0,1.0,0.0,1.0,0.0,0.0,0.0,1.0,0.0,1.0,0.0,0.0
ANALYSIS_PARTIAL_MISSING_SERVER_HELLO_0072,partial_missing_server_hello_0072,ANALYSIS_PARTIAL_MISSING_SERVER_HELLO_0072_partial_missing_server_hello_0072,PARTIAL_CAPTURE_MISSING_SERVER_HELLO,PARTIAL_CAPTURE_CHALLENGE,MISSING_SERVER_HELLO,CRITICAL,1.0,0.0,0.0,,,,,,1.0,0.0,,,1.0,0.0,0.0,0.0,0.0,0.0,0.0,0.0,0.0,0.0,1.0,0.0,0.0
ANALYSIS_PARTIAL_MISSING_SERVER_HELLO_0073,partial_missing_server_hello_0073,ANALYSIS_PARTIAL_MISSING_SERVER_HELLO_0073_partial_missing_server_hello_0073,PARTIAL_CAPTURE_MISSING_SERVER_HELLO,PARTIAL_CAPTURE_CHALLENGE,MISSING_SERVER_HELLO,LOW,0.0,0.0,1.0,,,0.0,0.0,0.0,0.0,0.0,,0.0,0.0,1.0,0.0,0.0,0.0,0.0,1.0,0.0,1.0,0.0,1.0,0.0,0.0
ANALYSIS_PARTIAL_MISSING_SERVER_HELLO_0074,partial_missing_server_hello_0074,ANALYSIS_PARTIAL_MISSING_SERVER_HELLO_0074_partial_missing_server_hello_0074,PARTIAL_CAPTURE_MISSING_SERVER_HELLO,PARTIAL_CAPTURE_CHALLENGE,MISSING_SERVER_HELLO,MEDIUM,0.0,0.0,1.0,,,0.0,0.0,0.0,0.0,0.0,,1.0,0.0,0.0,1.0,0.0,0.0,1.0,0.0,0.0,1.0,0.0,1.0,0.0,0.0
ANALYSIS_PARTIAL_MISSING_SERVER_HELLO_0075,partial_missing_server_hello_0075,ANALYSIS_PARTIAL_MISSING_SERVER_HELLO_0075_partial_missing_server_hello_0075,PARTIAL_CAPTURE_MISSING_SERVER_HELLO,PARTIAL_CAPTURE_CHALLENGE,MISSING_SERVER_HELLO,HIGH,0.0,1.0,0.0,,,0.0,0.0,1.0,0.0,0.0,,0.0,1.0,0.0,0.0,0.0,1.0,0.0,0.0,0.0,1.0,1.0,1.0,0.0,0.0
ANALYSIS_PARTIAL_MISSING_SERVER_HELLO_0076,partial_missing_server_hello_0076,ANALYSIS_PARTIAL_MISSING_SERVER_HELLO_0076_partial_missing_server_hello_0076,PARTIAL_CAPTURE_MISSING_SERVER_HELLO,PARTIAL_CAPTURE_CHALLENGE,MISSING_SERVER_HELLO,LOW,0.0,1.0,0.0,,,0.0,0.0,0.0,0.0,0.0,,0.0,0.0,1.0,0.0,0.0,0.0,0.0,0.0,0.0,1.0,1.0,1.0,0.0,0.0
ANALYSIS_PARTIAL_MISSING_SERVER_HELLO_0077,partial_missing_server_hello_0077,ANALYSIS_PARTIAL_MISSING_SERVER_HELLO_0077_partial_missing_server_hello_0077,PARTIAL_CAPTURE_MISSING_SERVER_HELLO,PARTIAL_CAPTURE_CHALLENGE,MISSING_SERVER_HELLO,LOW,0.0,0.0,1.0,,,0.0,0.0,0.0,0.0,0.0,,0.0,0.0,0.0,1.0,0.0,0.0,0.0,0.0,0.0,1.0,0.0,1.0,0.0,0.0
ANALYSIS_PARTIAL_MISSING_SERVER_HELLO_0078,partial_missing_server_hello_0078,ANALYSIS_PARTIAL_MISSING_SERVER_HELLO_0078_partial_missing_server_hello_0078,PARTIAL_CAPTURE_MISSING_SERVER_HELLO,PARTIAL_CAPTURE_CHALLENGE,MISSING_SERVER_HELLO,LOW,0.0,0.0,1.0,,,0.0,0.0,0.0,0.0,0.0,,0.0,1.0,0.0,0.0,0.0,0.0,0.0,1.0,0.0,1.0,0.0,1.0,0.0,0.0
ANALYSIS_PARTIAL_MISSING_SERVER_HELLO_0079,partial_missing_server_hello_0079,ANALYSIS_PARTIAL_MISSING_SERVER_HELLO_0079_partial_missing_server_hello_0079,PARTIAL_CAPTURE_MISSING_SERVER_HELLO,PARTIAL_CAPTURE_CHALLENGE,MISSING_SERVER_HELLO,MEDIUM,0.0,1.0,0.0,,,0.0,0.0,0.0,0.0,0.0,,0.0,0.0,1.0,0.0,0.0,0.0,1.0,0.0,0.0,1.0,1.0,1.0,0.0,0.0
ANALYSIS_PARTIAL_MISSING_SERVER_HELLO_0080,partial_missing_server_hello_0080,ANALYSIS_PARTIAL_MISSING_SERVER_HELLO_0080_partial_missing_server_hello_0080,PARTIAL_CAPTURE_MISSING_SERVER_HELLO,PARTIAL_CAPTURE_CHALLENGE,MISSING_SERVER_HELLO,LOW,0.0,1.0,0.0,,,0.0,0.0,0.0,0.0,0.0,,0.0,0.0,0.0,1.0,0.0,0.0,0.0,0.0,0.0,1.0,1.0,1.0,0.0,0.0
ANALYSIS_PARTIAL_MISSING_SERVER_HELLO_0081,partial_missing_server_hello_0081,ANALYSIS_PARTIAL_MISSING_SERVER_HELLO_0081_partial_missing_server_hello_0081,PARTIAL_CAPTURE_MISSING_SERVER_HELLO,PARTIAL_CAPTURE_CHALLENGE,MISSING_SERVER_HELLO,LOW,0.0,0.0,1.0,,,0.0,0.0,0.0,0.0,0.0,,0.0,1.0,0.0,0.0,0.0,0.0,0.0,0.0,0.0,1.0,0.0,1.0,0.0,0.0
ANALYSIS_PARTIAL_MISSING_SERVER_HELLO_0082,partial_missing_server_hello_0082,ANALYSIS_PARTIAL_MISSING_SERVER_HELLO_0082_partial_missing_server_hello_0082,PARTIAL_CAPTURE_MISSING_SERVER_HELLO,PARTIAL_CAPTURE_CHALLENGE,MISSING_SERVER_HELLO,LOW,0.0,0.0,1.0,,,0.0,0.0,0.0,0.0,0.0,,0.0,0.0,1.0,0.0,0.0,0.0,0.0,0.0,0.0,1.0,0.0,1.0,0.0,0.0
ANALYSIS_PARTIAL_MISSING_SERVER_HELLO_0083,partial_missing_server_hello_0083,ANALYSIS_PARTIAL_MISSING_SERVER_HELLO_0083_partial_missing_server_hello_0083,PARTIAL_CAPTURE_MISSING_SERVER_HELLO,PARTIAL_CAPTURE_CHALLENGE,MISSING_SERVER_HELLO,LOW,0.0,1.0,0.0,,,0.0,0.0,0.0,0.0,0.0,,0.0,0.0,0.0,1.0,0.0,0.0,0.0,0.0,0.0,1.0,1.0,1.0,0.0,0.0
ANALYSIS_PARTIAL_MISSING_SERVER_HELLO_0084,partial_missing_server_hello_0084,ANALYSIS_PARTIAL_MISSING_SERVER_HELLO_0084_partial_missing_server_hello_0084,PARTIAL_CAPTURE_MISSING_SERVER_HELLO,PARTIAL_CAPTURE_CHALLENGE,MISSING_SERVER_HELLO,HIGH,0.0,1.0,0.0,,,1.0,0.0,0.0,0.0,0.0,,0.0,1.0,0.0,0.0,0.0,1.0,0.0,0.0,0.0,1.0,1.0,1.0,0.0,0.0
ANALYSIS_PARTIAL_MISSING_SERVER_HELLO_0085,partial_missing_server_hello_0085,ANALYSIS_PARTIAL_MISSING_SERVER_HELLO_0085_partial_missing_server_hello_0085,PARTIAL_CAPTURE_MISSING_SERVER_HELLO,PARTIAL_CAPTURE_CHALLENGE,MISSING_SERVER_HELLO,LOW,0.0,0.0,1.0,,,0.0,0.0,0.0,0.0,0.0,,0.0,0.0,1.0,0.0,0.0,0.0,0.0,0.0,0.0,1.0,0.0,1.0,0.0,0.0
ANALYSIS_PARTIAL_MISSING_SERVER_HELLO_0086,partial_missing_server_hello_0086,ANALYSIS_PARTIAL_MISSING_SERVER_HELLO_0086_partial_missing_server_hello_0086,PARTIAL_CAPTURE_MISSING_SERVER_HELLO,PARTIAL_CAPTURE_CHALLENGE,MISSING_SERVER_HELLO,MEDIUM,0.0,0.0,1.0,,,0.0,0.0,0.0,0.0,0.0,,0.0,0.0,0.0,1.0,0.0,0.0,1.0,0.0,0.0,1.0,0.0,1.0,0.0,0.0
ANALYSIS_PARTIAL_MISSING_SERVER_HELLO_0087,partial_missing_server_hello_0087,ANALYSIS_PARTIAL_MISSING_SERVER_HELLO_0087_partial_missing_server_hello_0087,PARTIAL_CAPTURE_MISSING_SERVER_HELLO,PARTIAL_CAPTURE_CHALLENGE,MISSING_SERVER_HELLO,HIGH,0.0,0.0,1.0,,,0.0,0.0,0.0,0.0,0.0,,0.0,1.0,0.0,0.0,0.0,1.0,0.0,0.0,0.0,1.0,0.0,1.0,0.0,0.0
ANALYSIS_PARTIAL_MISSING_SERVER_HELLO_0088,partial_missing_server_hello_0088,ANALYSIS_PARTIAL_MISSING_SERVER_HELLO_0088_partial_missing_server_hello_0088,PARTIAL_CAPTURE_MISSING_SERVER_HELLO,PARTIAL_CAPTURE_CHALLENGE,MISSING_SERVER_HELLO,LOW,0.0,0.0,1.0,,,0.0,0.0,0.0,0.0,0.0,,0.0,0.0,1.0,0.0,0.0,0.0,0.0,0.0,0.0,1.0,0.0,1.0,0.0,0.0
ANALYSIS_PARTIAL_MISSING_SERVER_HELLO_0089,partial_missing_server_hello_0089,ANALYSIS_PARTIAL_MISSING_SERVER_HELLO_0089_partial_missing_server_hello_0089,PARTIAL_CAPTURE_MISSING_SERVER_HELLO,PARTIAL_CAPTURE_CHALLENGE,MISSING_SERVER_HELLO,CRITICAL,1.0,0.0,0.0,,,,,,1.0,0.0,,,0.0,0.0,1.0,0.0,0.0,0.0,0.0,0.0,0.0,0.0,1.0,0.0,0.0
ANALYSIS_PARTIAL_MISSING_SERVER_HELLO_0090,partial_missing_server_hello_0090,ANALYSIS_PARTIAL_MISSING_SERVER_HELLO_0090_partial_missing_server_hello_0090,PARTIAL_CAPTURE_MISSING_SERVER_HELLO,PARTIAL_CAPTURE_CHALLENGE,MISSING_SERVER_HELLO,HIGH,0.0,1.0,0.0,,,0.0,0.0,0.0,0.0,0.0,,0.0,1.0,0.0,0.0,0.0,1.0,0.0,0.0,0.0,1.0,1.0,1.0,0.0,0.0
ANALYSIS_PARTIAL_MISSING_SERVER_HELLO_0091,partial_missing_server_hello_0091,ANALYSIS_PARTIAL_MISSING_SERVER_HELLO_0091_partial_missing_server_hello_0091,PARTIAL_CAPTURE_MISSING_SERVER_HELLO,PARTIAL_CAPTURE_CHALLENGE,MISSING_SERVER_HELLO,LOW,0.0,0.0,1.0,,,0.0,0.0,0.0,0.0,0.0,,0.0,0.0,1.0,0.0,0.0,0.0,0.0,0.0,0.0,1.0,0.0,1.0,0.0,0.0
ANALYSIS_PARTIAL_MISSING_SERVER_HELLO_0092,partial_missing_server_hello_0092,ANALYSIS_PARTIAL_MISSING_SERVER_HELLO_0092_partial_missing_server_hello_0092,PARTIAL_CAPTURE_MISSING_SERVER_HELLO,PARTIAL_CAPTURE_CHALLENGE,MISSING_SERVER_HELLO,HIGH,0.0,0.0,1.0,,,1.0,0.0,0.0,0.0,0.0,,0.0,0.0,0.0,1.0,0.0,1.0,0.0,0.0,0.0,1.0,0.0,1.0,0.0,0.0
ANALYSIS_PARTIAL_MISSING_SERVER_HELLO_0093,partial_missing_server_hello_0093,ANALYSIS_PARTIAL_MISSING_SERVER_HELLO_0093_partial_missing_server_hello_0093,PARTIAL_CAPTURE_MISSING_SERVER_HELLO,PARTIAL_CAPTURE_CHALLENGE,MISSING_SERVER_HELLO,MEDIUM,0.0,0.0,1.0,,,0.0,0.0,0.0,0.0,0.0,,1.0,1.0,0.0,0.0,0.0,0.0,1.0,0.0,0.0,1.0,0.0,1.0,0.0,0.0
ANALYSIS_PARTIAL_MISSING_SERVER_HELLO_0094,partial_missing_server_hello_0094,ANALYSIS_PARTIAL_MISSING_SERVER_HELLO_0094_partial_missing_server_hello_0094,PARTIAL_CAPTURE_MISSING_SERVER_HELLO,PARTIAL_CAPTURE_CHALLENGE,MISSING_SERVER_HELLO,MEDIUM,0.0,1.0,0.0,,,0.0,0.0,0.0,0.0,0.0,,0.0,0.0,1.0,0.0,0.0,0.0,1.0,0.0,0.0,1.0,1.0,1.0,0.0,0.0
ANALYSIS_PARTIAL_MISSING_SERVER_HELLO_0095,partial_missing_server_hello_0095,ANALYSIS_PARTIAL_MISSING_SERVER_HELLO_0095_partial_missing_server_hello_0095,PARTIAL_CAPTURE_MISSING_SERVER_HELLO,PARTIAL_CAPTURE_CHALLENGE,MISSING_SERVER_HELLO,HIGH,0.0,1.0,0.0,,,0.0,0.0,0.0,0.0,0.0,,0.0,0.0,0.0,1.0,0.0,1.0,0.0,0.0,0.0,1.0,1.0,1.0,0.0,0.0
ANALYSIS_PARTIAL_MISSING_SERVER_HELLO_0096,partial_missing_server_hello_0096,ANALYSIS_PARTIAL_MISSING_SERVER_HELLO_0096_partial_missing_server_hello_0096,PARTIAL_CAPTURE_MISSING_SERVER_HELLO,PARTIAL_CAPTURE_CHALLENGE,MISSING_SERVER_HELLO,HIGH,0.0,1.0,0.0,,,1.0,0.0,0.0,0.0,0.0,,0.0,1.0,0.0,0.0,0.0,1.0,0.0,0.0,0.0,1.0,1.0,1.0,0.0,0.0
ANALYSIS_PARTIAL_MISSING_SERVER_HELLO_0097,partial_missing_server_hello_0097,ANALYSIS_PARTIAL_MISSING_SERVER_HELLO_0097_partial_missing_server_hello_0097,PARTIAL_CAPTURE_MISSING_SERVER_HELLO,PARTIAL_CAPTURE_CHALLENGE,MISSING_SERVER_HELLO,MEDIUM,0.0,1.0,0.0,,,0.0,0.0,0.0,0.0,0.0,,0.0,0.0,1.0,0.0,0.0,0.0,1.0,0.0,0.0,1.0,1.0,1.0,0.0,0.0
ANALYSIS_PARTIAL_MISSING_SERVER_HELLO_0098,partial_missing_server_hello_0098,ANALYSIS_PARTIAL_MISSING_SERVER_HELLO_0098_partial_missing_server_hello_0098,PARTIAL_CAPTURE_MISSING_SERVER_HELLO,PARTIAL_CAPTURE_CHALLENGE,MISSING_SERVER_HELLO,MEDIUM,0.0,0.0,1.0,,,0.0,0.0,0.0,0.0,0.0,,0.0,0.0,0.0,1.0,0.0,0.0,1.0,0.0,0.0,1.0,0.0,1.0,0.0,0.0
ANALYSIS_PARTIAL_MISSING_SERVER_HELLO_0099,partial_missing_server_hello_0099,ANALYSIS_PARTIAL_MISSING_SERVER_HELLO_0099_partial_missing_server_hello_0099,PARTIAL_CAPTURE_MISSING_SERVER_HELLO,PARTIAL_CAPTURE_CHALLENGE,MISSING_SERVER_HELLO,CRITICAL,1.0,0.0,0.0,,,,,,1.0,0.0,,,1.0,0.0,0.0,0.0,0.0,0.0,0.0,0.0,0.0,0.0,1.0,0.0,0.0
ANALYSIS_PARTIAL_MISSING_CERTIFICATE_0000,partial_missing_certificate_0000,ANALYSIS_PARTIAL_MISSING_CERTIFICATE_0000_partial_missing_certificate_0000,PARTIAL_CAPTURE_MISSING_CERTIFICATE,PARTIAL_CAPTURE_CHALLENGE,MISSING_CERTIFICATE,MEDIUM,0.0,1.0,0.0,0.0,0.0,,,,0.0,0.0,0.0,,1.0,0.0,0.0,0.0,0.0,1.0,0.0,1.0,0.0,1.0,1.0,0.0,0.0
ANALYSIS_PARTIAL_MISSING_CERTIFICATE_0001,partial_missing_certificate_0001,ANALYSIS_PARTIAL_MISSING_CERTIFICATE_0001_partial_missing_certificate_0001,PARTIAL_CAPTURE_MISSING_CERTIFICATE,PARTIAL_CAPTURE_CHALLENGE,MISSING_CERTIFICATE,HIGH,0.0,0.0,1.0,1.0,0.0,,,,0.0,0.0,1.0,,0.0,1.0,0.0,0.0,1.0,0.0,0.0,1.0,0.0,0.0,1.0,0.0,0.0
ANALYSIS_PARTIAL_MISSING_CERTIFICATE_0002,partial_missing_certificate_0002,ANALYSIS_PARTIAL_MISSING_CERTIFICATE_0002_partial_missing_certificate_0002,PARTIAL_CAPTURE_MISSING_CERTIFICATE,PARTIAL_CAPTURE_CHALLENGE,MISSING_CERTIFICATE,HIGH,0.0,1.0,0.0,0.0,0.0,,,,0.0,0.0,0.0,,0.0,0.0,1.0,0.0,1.0,0.0,0.0,1.0,0.0,1.0,1.0,0.0,0.0
ANALYSIS_PARTIAL_MISSING_CERTIFICATE_0003,partial_missing_certificate_0003,ANALYSIS_PARTIAL_MISSING_CERTIFICATE_0003_partial_missing_certificate_0003,PARTIAL_CAPTURE_MISSING_CERTIFICATE,PARTIAL_CAPTURE_CHALLENGE,MISSING_CERTIFICATE,MEDIUM,0.0,0.0,1.0,0.0,0.0,,,,0.0,0.0,0.0,,1.0,0.0,0.0,0.0,0.0,1.0,0.0,1.0,0.0,0.0,1.0,0.0,0.0
ANALYSIS_PARTIAL_MISSING_CERTIFICATE_0004,partial_missing_certificate_0004,ANALYSIS_PARTIAL_MISSING_CERTIFICATE_0004_partial_missing_certificate_0004,PARTIAL_CAPTURE_MISSING_CERTIFICATE,PARTIAL_CAPTURE_CHALLENGE,MISSING_CERTIFICATE,HIGH,0.0,0.0,1.0,0.0,0.0,,,,0.0,0.0,0.0,,0.0,1.0,0.0,0.0,1.0,0.0,0.0,1.0,0.0,0.0,1.0,0.0,0.0
ANALYSIS_PARTIAL_MISSING_CERTIFICATE_0005,partial_missing_certificate_0005,ANALYSIS_PARTIAL_MISSING_CERTIFICATE_0005_partial_missing_certificate_0005,PARTIAL_CAPTURE_MISSING_CERTIFICATE,PARTIAL_CAPTURE_CHALLENGE,MISSING_CERTIFICATE,CRITICAL,1.0,0.0,0.0,,,,,,1.0,0.0,,,0.0,0.0,1.0,0.0,0.0,0.0,0.0,0.0,0.0,0.0,1.0,0.0,0.0
ANALYSIS_PARTIAL_MISSING_CERTIFICATE_0006,partial_missing_certificate_0006,ANALYSIS_PARTIAL_MISSING_CERTIFICATE_0006_partial_missing_certificate_0006,PARTIAL_CAPTURE_MISSING_CERTIFICATE,PARTIAL_CAPTURE_CHALLENGE,MISSING_CERTIFICATE,MEDIUM,0.0,1.0,0.0,0.0,0.0,,,,0.0,0.0,0.0,,1.0,0.0,0.0,0.0,0.0,1.0,0.0,1.0,0.0,1.0,1.0,0.0,0.0
ANALYSIS_PARTIAL_MISSING_CERTIFICATE_0007,partial_missing_certificate_0007,ANALYSIS_PARTIAL_MISSING_CERTIFICATE_0007_partial_missing_certificate_0007,PARTIAL_CAPTURE_MISSING_CERTIFICATE,PARTIAL_CAPTURE_CHALLENGE,MISSING_CERTIFICATE,HIGH,0.0,1.0,0.0,1.0,0.0,,,,0.0,0.0,1.0,,0.0,1.0,0.0,0.0,1.0,0.0,0.0,1.0,0.0,1.0,1.0,0.0,0.0
ANALYSIS_PARTIAL_MISSING_CERTIFICATE_0008,partial_missing_certificate_0008,ANALYSIS_PARTIAL_MISSING_CERTIFICATE_0008_partial_missing_certificate_0008,PARTIAL_CAPTURE_MISSING_CERTIFICATE,PARTIAL_CAPTURE_CHALLENGE,MISSING_CERTIFICATE,MEDIUM,0.0,0.0,1.0,0.0,0.0,,,,0.0,0.0,0.0,,0.0,0.0,1.0,0.0,0.0,1.0,0.0,1.0,0.0,0.0,1.0,0.0,0.0
ANALYSIS_PARTIAL_MISSING_CERTIFICATE_0009,partial_missing_certificate_0009,ANALYSIS_PARTIAL_MISSING_CERTIFICATE_0009_partial_missing_certificate_0009,PARTIAL_CAPTURE_MISSING_CERTIFICATE,PARTIAL_CAPTURE_CHALLENGE,MISSING_CERTIFICATE,MEDIUM,0.0,0.0,1.0,0.0,0.0,,,,0.0,0.0,1.0,,1.0,0.0,0.0,0.0,0.0,0.0,0.0,1.0,0.0,0.0,1.0,0.0,0.0
ANALYSIS_PARTIAL_MISSING_CERTIFICATE_0010,partial_missing_certificate_0010,ANALYSIS_PARTIAL_MISSING_CERTIFICATE_0010_partial_missing_certificate_0010,PARTIAL_CAPTURE_MISSING_CERTIFICATE,PARTIAL_CAPTURE_CHALLENGE,MISSING_CERTIFICATE,HIGH,0.0,0.0,1.0,1.0,1.0,,,,0.0,0.0,0.0,,0.0,1.0,0.0,0.0,2.0,0.0,0.0,1.0,0.0,0.0,1.0,0.0,0.0
ANALYSIS_PARTIAL_MISSING_CERTIFICATE_0011,partial_missing_certificate_0011,ANALYSIS_PARTIAL_MISSING_CERTIFICATE_0011_partial_missing_certificate_0011,PARTIAL_CAPTURE_MISSING_CERTIFICATE,PARTIAL_CAPTURE_CHALLENGE,MISSING_CERTIFICATE,HIGH,0.0,0.0,1.0,0.0,1.0,,,,0.0,0.0,0.0,,0.0,0.0,1.0,0.0,1.0,0.0,0.0,1.0,0.0,0.0,1.0,0.0,0.0
ANALYSIS_PARTIAL_MISSING_CERTIFICATE_0012,partial_missing_certificate_0012,ANALYSIS_PARTIAL_MISSING_CERTIFICATE_0012_partial_missing_certificate_0012,PARTIAL_CAPTURE_MISSING_CERTIFICATE,PARTIAL_CAPTURE_CHALLENGE,MISSING_CERTIFICATE,HIGH,0.0,0.0,1.0,0.0,1.0,,,,0.0,0.0,0.0,,1.0,0.0,0.0,0.0,1.0,0.0,0.0,1.0,0.0,0.0,1.0,0.0,0.0
ANALYSIS_PARTIAL_MISSING_CERTIFICATE_0013,partial_missing_certificate_0013,ANALYSIS_PARTIAL_MISSING_CERTIFICATE_0013_partial_missing_certificate_0013,PARTIAL_CAPTURE_MISSING_CERTIFICATE,PARTIAL_CAPTURE_CHALLENGE,MISSING_CERTIFICATE,HIGH,0.0,0.0,1.0,0.0,0.0,,,,0.0,0.0,0.0,,0.0,1.0,0.0,0.0,1.0,0.0,0.0,1.0,0.0,0.0,1.0,0.0,0.0
ANALYSIS_PARTIAL_MISSING_CERTIFICATE_0014,partial_missing_certificate_0014,ANALYSIS_PARTIAL_MISSING_CERTIFICATE_0014_partial_missing_certificate_0014,PARTIAL_CAPTURE_MISSING_CERTIFICATE,PARTIAL_CAPTURE_CHALLENGE,MISSING_CERTIFICATE,MEDIUM,0.0,0.0,1.0,0.0,0.0,,,,0.0,0.0,0.0,,0.0,0.0,1.0,0.0,0.0,1.0,0.0,1.0,0.0,0.0,1.0,0.0,0.0
ANALYSIS_PARTIAL_MISSING_CERTIFICATE_0015,partial_missing_certificate_0015,ANALYSIS_PARTIAL_MISSING_CERTIFICATE_0015_partial_missing_certificate_0015,PARTIAL_CAPTURE_MISSING_CERTIFICATE,PARTIAL_CAPTURE_CHALLENGE,MISSING_CERTIFICATE,HIGH,0.0,1.0,0.0,0.0,1.0,,,,0.0,0.0,0.0,,1.0,0.0,0.0,0.0,1.0,0.0,0.0,1.0,0.0,1.0,1.0,0.0,0.0
ANALYSIS_PARTIAL_MISSING_CERTIFICATE_0016,partial_missing_certificate_0016,ANALYSIS_PARTIAL_MISSING_CERTIFICATE_0016_partial_missing_certificate_0016,PARTIAL_CAPTURE_MISSING_CERTIFICATE,PARTIAL_CAPTURE_CHALLENGE,MISSING_CERTIFICATE,HIGH,0.0,0.0,1.0,0.0,1.0,,,,0.0,0.0,0.0,,0.0,1.0,0.0,0.0,1.0,0.0,0.0,1.0,0.0,0.0,1.0,0.0,0.0
ANALYSIS_PARTIAL_MISSING_CERTIFICATE_0017,partial_missing_certificate_0017,ANALYSIS_PARTIAL_MISSING_CERTIFICATE_0017_partial_missing_certificate_0017,PARTIAL_CAPTURE_MISSING_CERTIFICATE,PARTIAL_CAPTURE_CHALLENGE,MISSING_CERTIFICATE,MEDIUM,0.0,0.0,1.0,0.0,0.0,,,,0.0,0.0,0.0,,0.0,0.0,1.0,0.0,0.0,1.0,0.0,1.0,0.0,0.0,1.0,0.0,0.0
ANALYSIS_PARTIAL_MISSING_CERTIFICATE_0018,partial_missing_certificate_0018,ANALYSIS_PARTIAL_MISSING_CERTIFICATE_0018_partial_missing_certificate_0018,PARTIAL_CAPTURE_MISSING_CERTIFICATE,PARTIAL_CAPTURE_CHALLENGE,MISSING_CERTIFICATE,HIGH,0.0,0.0,1.0,0.0,0.0,,,,0.0,0.0,0.0,,1.0,0.0,0.0,0.0,1.0,0.0,0.0,1.0,0.0,0.0,1.0,0.0,0.0
ANALYSIS_PARTIAL_MISSING_CERTIFICATE_0019,partial_missing_certificate_0019,ANALYSIS_PARTIAL_MISSING_CERTIFICATE_0019_partial_missing_certificate_0019,PARTIAL_CAPTURE_MISSING_CERTIFICATE,PARTIAL_CAPTURE_CHALLENGE,MISSING_CERTIFICATE,HIGH,0.0,0.0,1.0,1.0,1.0,,,,0.0,0.0,0.0,,0.0,1.0,0.0,0.0,2.0,0.0,0.0,1.0,0.0,0.0,1.0,0.0,0.0
ANALYSIS_PARTIAL_MISSING_CERTIFICATE_0020,partial_missing_certificate_0020,ANALYSIS_PARTIAL_MISSING_CERTIFICATE_0020_partial_missing_certificate_0020,PARTIAL_CAPTURE_MISSING_CERTIFICATE,PARTIAL_CAPTURE_CHALLENGE,MISSING_CERTIFICATE,HIGH,0.0,0.0,1.0,0.0,1.0,,,,0.0,0.0,0.0,,0.0,0.0,1.0,0.0,1.0,0.0,0.0,1.0,0.0,0.0,1.0,0.0,0.0
ANALYSIS_PARTIAL_MISSING_CERTIFICATE_0021,partial_missing_certificate_0021,ANALYSIS_PARTIAL_MISSING_CERTIFICATE_0021_partial_missing_certificate_0021,PARTIAL_CAPTURE_MISSING_CERTIFICATE,PARTIAL_CAPTURE_CHALLENGE,MISSING_CERTIFICATE,MEDIUM,0.0,1.0,0.0,0.0,0.0,,,,0.0,0.0,0.0,,1.0,0.0,0.0,0.0,0.0,1.0,0.0,1.0,0.0,1.0,1.0,0.0,0.0
ANALYSIS_PARTIAL_MISSING_CERTIFICATE_0022,partial_missing_certificate_0022,ANALYSIS_PARTIAL_MISSING_CERTIFICATE_0022_partial_missing_certificate_0022,PARTIAL_CAPTURE_MISSING_CERTIFICATE,PARTIAL_CAPTURE_CHALLENGE,MISSING_CERTIFICATE,HIGH,0.0,1.0,0.0,0.0,1.0,,,,0.0,0.0,0.0,,0.0,1.0,0.0,0.0,1.0,0.0,0.0,1.0,0.0,1.0,1.0,0.0,0.0
ANALYSIS_PARTIAL_MISSING_CERTIFICATE_0023,partial_missing_certificate_0023,ANALYSIS_PARTIAL_MISSING_CERTIFICATE_0023_partial_missing_certificate_0023,PARTIAL_CAPTURE_MISSING_CERTIFICATE,PARTIAL_CAPTURE_CHALLENGE,MISSING_CERTIFICATE,HIGH,0.0,1.0,0.0,1.0,0.0,,,,0.0,0.0,1.0,,0.0,0.0,1.0,0.0,1.0,0.0,0.0,1.0,0.0,1.0,1.0,0.0,0.0
ANALYSIS_PARTIAL_MISSING_CERTIFICATE_0024,partial_missing_certificate_0024,ANALYSIS_PARTIAL_MISSING_CERTIFICATE_0024_partial_missing_certificate_0024,PARTIAL_CAPTURE_MISSING_CERTIFICATE,PARTIAL_CAPTURE_CHALLENGE,MISSING_CERTIFICATE,HIGH,0.0,1.0,0.0,0.0,0.0,,,,0.0,0.0,0.0,,1.0,0.0,0.0,0.0,1.0,0.0,0.0,1.0,0.0,1.0,1.0,0.0,0.0
ANALYSIS_PARTIAL_MISSING_CERTIFICATE_0025,partial_missing_certificate_0025,ANALYSIS_PARTIAL_MISSING_CERTIFICATE_0025_partial_missing_certificate_0025,PARTIAL_CAPTURE_MISSING_CERTIFICATE,PARTIAL_CAPTURE_CHALLENGE,MISSING_CERTIFICATE,HIGH,0.0,1.0,0.0,0.0,0.0,,,,0.0,0.0,0.0,,0.0,1.0,0.0,0.0,1.0,0.0,0.0,1.0,0.0,1.0,1.0,0.0,0.0
ANALYSIS_PARTIAL_MISSING_CERTIFICATE_0026,partial_missing_certificate_0026,ANALYSIS_PARTIAL_MISSING_CERTIFICATE_0026_partial_missing_certificate_0026,PARTIAL_CAPTURE_MISSING_CERTIFICATE,PARTIAL_CAPTURE_CHALLENGE,MISSING_CERTIFICATE,HIGH,0.0,0.0,1.0,0.0,0.0,,,,0.0,0.0,0.0,,0.0,0.0,1.0,0.0,1.0,0.0,0.0,1.0,0.0,0.0,1.0,0.0,0.0
ANALYSIS_PARTIAL_MISSING_CERTIFICATE_0027,partial_missing_certificate_0027,ANALYSIS_PARTIAL_MISSING_CERTIFICATE_0027_partial_missing_certificate_0027,PARTIAL_CAPTURE_MISSING_CERTIFICATE,PARTIAL_CAPTURE_CHALLENGE,MISSING_CERTIFICATE,HIGH,0.0,1.0,0.0,1.0,1.0,,,,0.0,0.0,0.0,,1.0,0.0,0.0,0.0,2.0,0.0,0.0,1.0,0.0,1.0,1.0,0.0,0.0
ANALYSIS_PARTIAL_MISSING_CERTIFICATE_0028,partial_missing_certificate_0028,ANALYSIS_PARTIAL_MISSING_CERTIFICATE_0028_partial_missing_certificate_0028,PARTIAL_CAPTURE_MISSING_CERTIFICATE,PARTIAL_CAPTURE_CHALLENGE,MISSING_CERTIFICATE,MEDIUM,0.0,0.0,1.0,0.0,0.0,,,,0.0,0.0,0.0,,0.0,1.0,0.0,0.0,0.0,1.0,0.0,1.0,0.0,0.0,1.0,0.0,0.0
ANALYSIS_PARTIAL_MISSING_CERTIFICATE_0029,partial_missing_certificate_0029,ANALYSIS_PARTIAL_MISSING_CERTIFICATE_0029_partial_missing_certificate_0029,PARTIAL_CAPTURE_MISSING_CERTIFICATE,PARTIAL_CAPTURE_CHALLENGE,MISSING_CERTIFICATE,HIGH,0.0,1.0,0.0,1.0,1.0,,,,0.0,0.0,0.0,,0.0,0.0,1.0,0.0,2.0,0.0,0.0,1.0,0.0,1.0,1.0,0.0,0.0
ANALYSIS_PARTIAL_MISSING_CERTIFICATE_0030,partial_missing_certificate_0030,ANALYSIS_PARTIAL_MISSING_CERTIFICATE_0030_partial_missing_certificate_0030,PARTIAL_CAPTURE_MISSING_CERTIFICATE,PARTIAL_CAPTURE_CHALLENGE,MISSING_CERTIFICATE,CRITICAL,1.0,0.0,0.0,,,,,,0.0,0.0,,,1.0,0.0,0.0,0.0,0.0,0.0,0.0,0.0,0.0,0.0,1.0,0.0,0.0
ANALYSIS_PARTIAL_MISSING_CERTIFICATE_0031,partial_missing_certificate_0031,ANALYSIS_PARTIAL_MISSING_CERTIFICATE_0031_partial_missing_certificate_0031,PARTIAL_CAPTURE_MISSING_CERTIFICATE,PARTIAL_CAPTURE_CHALLENGE,MISSING_CERTIFICATE,HIGH,0.0,0.0,1.0,0.0,0.0,,,,0.0,0.0,0.0,,0.0,1.0,0.0,0.0,1.0,0.0,0.0,1.0,0.0,0.0,1.0,0.0,0.0
ANALYSIS_PARTIAL_MISSING_CERTIFICATE_0032,partial_missing_certificate_0032,ANALYSIS_PARTIAL_MISSING_CERTIFICATE_0032_partial_missing_certificate_0032,PARTIAL_CAPTURE_MISSING_CERTIFICATE,PARTIAL_CAPTURE_CHALLENGE,MISSING_CERTIFICATE,HIGH,0.0,0.0,1.0,0.0,1.0,,,,0.0,0.0,0.0,,0.0,0.0,1.0,0.0,1.0,0.0,0.0,1.0,0.0,0.0,1.0,0.0,0.0
ANALYSIS_PARTIAL_MISSING_CERTIFICATE_0033,partial_missing_certificate_0033,ANALYSIS_PARTIAL_MISSING_CERTIFICATE_0033_partial_missing_certificate_0033,PARTIAL_CAPTURE_MISSING_CERTIFICATE,PARTIAL_CAPTURE_CHALLENGE,MISSING_CERTIFICATE,HIGH,0.0,1.0,0.0,1.0,0.0,,,,0.0,0.0,1.0,,1.0,0.0,0.0,0.0,1.0,0.0,0.0,1.0,0.0,1.0,1.0,0.0,0.0
ANALYSIS_PARTIAL_MISSING_CERTIFICATE_0034,partial_missing_certificate_0034,ANALYSIS_PARTIAL_MISSING_CERTIFICATE_0034_partial_missing_certificate_0034,PARTIAL_CAPTURE_MISSING_CERTIFICATE,PARTIAL_CAPTURE_CHALLENGE,MISSING_CERTIFICATE,HIGH,0.0,1.0,0.0,0.0,0.0,,,,0.0,0.0,0.0,,0.0,1.0,0.0,0.0,1.0,0.0,0.0,1.0,0.0,1.0,1.0,0.0,0.0
ANALYSIS_PARTIAL_MISSING_CERTIFICATE_0035,partial_missing_certificate_0035,ANALYSIS_PARTIAL_MISSING_CERTIFICATE_0035_partial_missing_certificate_0035,PARTIAL_CAPTURE_MISSING_CERTIFICATE,PARTIAL_CAPTURE_CHALLENGE,MISSING_CERTIFICATE,CRITICAL,1.0,0.0,0.0,,,,,,1.0,0.0,,,0.0,0.0,1.0,0.0,0.0,0.0,0.0,0.0,0.0,0.0,1.0,0.0,0.0
ANALYSIS_PARTIAL_MISSING_CERTIFICATE_0036,partial_missing_certificate_0036,ANALYSIS_PARTIAL_MISSING_CERTIFICATE_0036_partial_missing_certificate_0036,PARTIAL_CAPTURE_MISSING_CERTIFICATE,PARTIAL_CAPTURE_CHALLENGE,MISSING_CERTIFICATE,HIGH,0.0,1.0,0.0,1.0,0.0,,,,0.0,0.0,1.0,,1.0,0.0,0.0,0.0,1.0,0.0,0.0,1.0,0.0,1.0,1.0,0.0,0.0
ANALYSIS_PARTIAL_MISSING_CERTIFICATE_0037,partial_missing_certificate_0037,ANALYSIS_PARTIAL_MISSING_CERTIFICATE_0037_partial_missing_certificate_0037,PARTIAL_CAPTURE_MISSING_CERTIFICATE,PARTIAL_CAPTURE_CHALLENGE,MISSING_CERTIFICATE,MEDIUM,0.0,1.0,0.0,0.0,0.0,,,,0.0,0.0,0.0,,0.0,1.0,0.0,0.0,0.0,1.0,0.0,1.0,0.0,1.0,1.0,0.0,0.0
ANALYSIS_PARTIAL_MISSING_CERTIFICATE_0038,partial_missing_certificate_0038,ANALYSIS_PARTIAL_MISSING_CERTIFICATE_0038_partial_missing_certificate_0038,PARTIAL_CAPTURE_MISSING_CERTIFICATE,PARTIAL_CAPTURE_CHALLENGE,MISSING_CERTIFICATE,MEDIUM,0.0,1.0,0.0,0.0,0.0,,,,0.0,0.0,1.0,,0.0,0.0,1.0,0.0,0.0,1.0,0.0,1.0,0.0,1.0,1.0,0.0,0.0
ANALYSIS_PARTIAL_MISSING_CERTIFICATE_0039,partial_missing_certificate_0039,ANALYSIS_PARTIAL_MISSING_CERTIFICATE_0039_partial_missing_certificate_0039,PARTIAL_CAPTURE_MISSING_CERTIFICATE,PARTIAL_CAPTURE_CHALLENGE,MISSING_CERTIFICATE,MEDIUM,0.0,1.0,0.0,0.0,0.0,,,,0.0,0.0,0.0,,1.0,0.0,0.0,0.0,0.0,1.0,0.0,1.0,0.0,1.0,1.0,0.0,0.0
ANALYSIS_PARTIAL_MISSING_CERTIFICATE_0040,partial_missing_certificate_0040,ANALYSIS_PARTIAL_MISSING_CERTIFICATE_0040_partial_missing_certificate_0040,PARTIAL_CAPTURE_MISSING_CERTIFICATE,PARTIAL_CAPTURE_CHALLENGE,MISSING_CERTIFICATE,HIGH,0.0,1.0,0.0,0.0,1.0,,,,0.0,0.0,0.0,,0.0,1.0,0.0,0.0,1.0,0.0,0.0,1.0,0.0,1.0,1.0,0.0,0.0
ANALYSIS_PARTIAL_MISSING_CERTIFICATE_0041,partial_missing_certificate_0041,ANALYSIS_PARTIAL_MISSING_CERTIFICATE_0041_partial_missing_certificate_0041,PARTIAL_CAPTURE_MISSING_CERTIFICATE,PARTIAL_CAPTURE_CHALLENGE,MISSING_CERTIFICATE,HIGH,0.0,0.0,1.0,1.0,0.0,,,,0.0,0.0,1.0,,0.0,0.0,1.0,0.0,1.0,0.0,0.0,1.0,0.0,0.0,1.0,0.0,0.0
ANALYSIS_PARTIAL_MISSING_CERTIFICATE_0042,partial_missing_certificate_0042,ANALYSIS_PARTIAL_MISSING_CERTIFICATE_0042_partial_missing_certificate_0042,PARTIAL_CAPTURE_MISSING_CERTIFICATE,PARTIAL_CAPTURE_CHALLENGE,MISSING_CERTIFICATE,MEDIUM,0.0,1.0,0.0,0.0,0.0,,,,0.0,0.0,0.0,,1.0,0.0,0.0,0.0,0.0,1.0,0.0,1.0,0.0,1.0,1.0,0.0,0.0
ANALYSIS_PARTIAL_MISSING_CERTIFICATE_0043,partial_missing_certificate_0043,ANALYSIS_PARTIAL_MISSING_CERTIFICATE_0043_partial_missing_certificate_0043,PARTIAL_CAPTURE_MISSING_CERTIFICATE,PARTIAL_CAPTURE_CHALLENGE,MISSING_CERTIFICATE,MEDIUM,0.0,1.0,0.0,0.0,0.0,,,,0.0,0.0,0.0,,0.0,1.0,0.0,0.0,0.0,1.0,0.0,1.0,0.0,1.0,1.0,0.0,0.0
ANALYSIS_PARTIAL_MISSING_CERTIFICATE_0044,partial_missing_certificate_0044,ANALYSIS_PARTIAL_MISSING_CERTIFICATE_0044_partial_missing_certificate_0044,PARTIAL_CAPTURE_MISSING_CERTIFICATE,PARTIAL_CAPTURE_CHALLENGE,MISSING_CERTIFICATE,CRITICAL,0.0,1.0,0.0,0.0,0.0,,,,1.0,0.0,0.0,,0.0,0.0,1.0,0.0,0.0,0.0,0.0,1.0,0.0,1.0,1.0,0.0,0.0
ANALYSIS_PARTIAL_MISSING_CERTIFICATE_0045,partial_missing_certificate_0045,ANALYSIS_PARTIAL_MISSING_CERTIFICATE_0045_partial_missing_certificate_0045,PARTIAL_CAPTURE_MISSING_CERTIFICATE,PARTIAL_CAPTURE_CHALLENGE,MISSING_CERTIFICATE,HIGH,0.0,0.0,1.0,0.0,0.0,,,,0.0,0.0,0.0,,1.0,0.0,0.0,0.0,1.0,0.0,0.0,1.0,0.0,0.0,1.0,0.0,0.0
ANALYSIS_PARTIAL_MISSING_CERTIFICATE_0046,partial_missing_certificate_0046,ANALYSIS_PARTIAL_MISSING_CERTIFICATE_0046_partial_missing_certificate_0046,PARTIAL_CAPTURE_MISSING_CERTIFICATE,PARTIAL_CAPTURE_CHALLENGE,MISSING_CERTIFICATE,HIGH,0.0,0.0,1.0,0.0,1.0,,,,0.0,0.0,0.0,,0.0,1.0,0.0,0.0,1.0,0.0,0.0,1.0,0.0,0.0,1.0,0.0,0.0
ANALYSIS_PARTIAL_MISSING_CERTIFICATE_0047,partial_missing_certificate_0047,ANALYSIS_PARTIAL_MISSING_CERTIFICATE_0047_partial_missing_certificate_0047,PARTIAL_CAPTURE_MISSING_CERTIFICATE,PARTIAL_CAPTURE_CHALLENGE,MISSING_CERTIFICATE,HIGH,0.0,0.0,1.0,0.0,0.0,,,,0.0,0.0,0.0,,0.0,0.0,1.0,0.0,1.0,0.0,0.0,1.0,0.0,0.0,1.0,0.0,0.0
ANALYSIS_PARTIAL_MISSING_CERTIFICATE_0048,partial_missing_certificate_0048,ANALYSIS_PARTIAL_MISSING_CERTIFICATE_0048_partial_missing_certificate_0048,PARTIAL_CAPTURE_MISSING_CERTIFICATE,PARTIAL_CAPTURE_CHALLENGE,MISSING_CERTIFICATE,MEDIUM,0.0,1.0,0.0,0.0,0.0,,,,0.0,0.0,0.0,,1.0,0.0,0.0,0.0,0.0,1.0,0.0,1.0,0.0,1.0,1.0,0.0,0.0
ANALYSIS_PARTIAL_MISSING_CERTIFICATE_0049,partial_missing_certificate_0049,ANALYSIS_PARTIAL_MISSING_CERTIFICATE_0049_partial_missing_certificate_0049,PARTIAL_CAPTURE_MISSING_CERTIFICATE,PARTIAL_CAPTURE_CHALLENGE,MISSING_CERTIFICATE,MEDIUM,0.0,0.0,1.0,0.0,0.0,,,,0.0,0.0,0.0,,0.0,1.0,0.0,0.0,0.0,1.0,0.0,1.0,0.0,0.0,1.0,0.0,0.0
ANALYSIS_PARTIAL_MISSING_CERTIFICATE_0050,partial_missing_certificate_0050,ANALYSIS_PARTIAL_MISSING_CERTIFICATE_0050_partial_missing_certificate_0050,PARTIAL_CAPTURE_MISSING_CERTIFICATE,PARTIAL_CAPTURE_CHALLENGE,MISSING_CERTIFICATE,MEDIUM,0.0,1.0,0.0,0.0,0.0,,,,0.0,0.0,0.0,,0.0,0.0,1.0,0.0,0.0,1.0,0.0,1.0,0.0,1.0,1.0,0.0,0.0
ANALYSIS_PARTIAL_MISSING_CERTIFICATE_0051,partial_missing_certificate_0051,ANALYSIS_PARTIAL_MISSING_CERTIFICATE_0051_partial_missing_certificate_0051,PARTIAL_CAPTURE_MISSING_CERTIFICATE,PARTIAL_CAPTURE_CHALLENGE,MISSING_CERTIFICATE,MEDIUM,0.0,1.0,0.0,0.0,0.0,,,,0.0,0.0,0.0,,1.0,0.0,0.0,0.0,0.0,1.0,0.0,1.0,0.0,1.0,1.0,0.0,0.0
ANALYSIS_PARTIAL_MISSING_CERTIFICATE_0052,partial_missing_certificate_0052,ANALYSIS_PARTIAL_MISSING_CERTIFICATE_0052_partial_missing_certificate_0052,PARTIAL_CAPTURE_MISSING_CERTIFICATE,PARTIAL_CAPTURE_CHALLENGE,MISSING_CERTIFICATE,HIGH,0.0,0.0,1.0,0.0,0.0,,,,0.0,0.0,0.0,,0.0,1.0,0.0,0.0,1.0,0.0,0.0,1.0,0.0,0.0,1.0,0.0,0.0
ANALYSIS_PARTIAL_MISSING_CERTIFICATE_0053,partial_missing_certificate_0053,ANALYSIS_PARTIAL_MISSING_CERTIFICATE_0053_partial_missing_certificate_0053,PARTIAL_CAPTURE_MISSING_CERTIFICATE,PARTIAL_CAPTURE_CHALLENGE,MISSING_CERTIFICATE,MEDIUM,0.0,1.0,0.0,0.0,0.0,,,,0.0,0.0,1.0,,0.0,0.0,1.0,0.0,0.0,1.0,0.0,1.0,0.0,1.0,1.0,0.0,0.0
ANALYSIS_PARTIAL_MISSING_CERTIFICATE_0054,partial_missing_certificate_0054,ANALYSIS_PARTIAL_MISSING_CERTIFICATE_0054_partial_missing_certificate_0054,PARTIAL_CAPTURE_MISSING_CERTIFICATE,PARTIAL_CAPTURE_CHALLENGE,MISSING_CERTIFICATE,CRITICAL,0.0,1.0,0.0,0.0,0.0,,,,1.0,0.0,0.0,,1.0,0.0,0.0,1.0,0.0,0.0,0.0,1.0,0.0,1.0,1.0,0.0,0.0
ANALYSIS_PARTIAL_MISSING_CERTIFICATE_0055,partial_missing_certificate_0055,ANALYSIS_PARTIAL_MISSING_CERTIFICATE_0055_partial_missing_certificate_0055,PARTIAL_CAPTURE_MISSING_CERTIFICATE,PARTIAL_CAPTURE_CHALLENGE,MISSING_CERTIFICATE,HIGH,0.0,0.0,1.0,1.0,0.0,,,,0.0,0.0,1.0,,0.0,1.0,0.0,0.0,1.0,0.0,0.0,1.0,0.0,0.0,1.0,0.0,0.0
ANALYSIS_PARTIAL_MISSING_CERTIFICATE_0056,partial_missing_certificate_0056,ANALYSIS_PARTIAL_MISSING_CERTIFICATE_0056_partial_missing_certificate_0056,PARTIAL_CAPTURE_MISSING_CERTIFICATE,PARTIAL_CAPTURE_CHALLENGE,MISSING_CERTIFICATE,MEDIUM,0.0,0.0,1.0,0.0,0.0,,,,0.0,0.0,0.0,,0.0,0.0,1.0,0.0,0.0,1.0,0.0,1.0,0.0,0.0,1.0,0.0,0.0
ANALYSIS_PARTIAL_MISSING_CERTIFICATE_0057,partial_missing_certificate_0057,ANALYSIS_PARTIAL_MISSING_CERTIFICATE_0057_partial_missing_certificate_0057,PARTIAL_CAPTURE_MISSING_CERTIFICATE,PARTIAL_CAPTURE_CHALLENGE,MISSING_CERTIFICATE,CRITICAL,0.0,1.0,0.0,0.0,0.0,,,,1.0,0.0,0.0,,1.0,0.0,0.0,1.0,0.0,0.0,0.0,1.0,0.0,1.0,1.0,0.0,0.0
ANALYSIS_PARTIAL_MISSING_CERTIFICATE_0058,partial_missing_certificate_0058,ANALYSIS_PARTIAL_MISSING_CERTIFICATE_0058_partial_missing_certificate_0058,PARTIAL_CAPTURE_MISSING_CERTIFICATE,PARTIAL_CAPTURE_CHALLENGE,MISSING_CERTIFICATE,HIGH,0.0,1.0,0.0,0.0,0.0,,,,0.0,0.0,0.0,,0.0,1.0,0.0,0.0,1.0,0.0,0.0,1.0,0.0,1.0,1.0,0.0,0.0
ANALYSIS_PARTIAL_MISSING_CERTIFICATE_0059,partial_missing_certificate_0059,ANALYSIS_PARTIAL_MISSING_CERTIFICATE_0059_partial_missing_certificate_0059,PARTIAL_CAPTURE_MISSING_CERTIFICATE,PARTIAL_CAPTURE_CHALLENGE,MISSING_CERTIFICATE,HIGH,0.0,1.0,0.0,0.0,0.0,,,,0.0,0.0,0.0,,0.0,0.0,1.0,0.0,1.0,0.0,0.0,1.0,0.0,1.0,1.0,0.0,0.0
ANALYSIS_PARTIAL_MISSING_CERTIFICATE_0060,partial_missing_certificate_0060,ANALYSIS_PARTIAL_MISSING_CERTIFICATE_0060_partial_missing_certificate_0060,PARTIAL_CAPTURE_MISSING_CERTIFICATE,PARTIAL_CAPTURE_CHALLENGE,MISSING_CERTIFICATE,HIGH,0.0,1.0,0.0,0.0,0.0,,,,0.0,0.0,0.0,,1.0,0.0,0.0,0.0,1.0,0.0,0.0,1.0,0.0,1.0,1.0,0.0,0.0
ANALYSIS_PARTIAL_MISSING_CERTIFICATE_0061,partial_missing_certificate_0061,ANALYSIS_PARTIAL_MISSING_CERTIFICATE_0061_partial_missing_certificate_0061,PARTIAL_CAPTURE_MISSING_CERTIFICATE,PARTIAL_CAPTURE_CHALLENGE,MISSING_CERTIFICATE,HIGH,0.0,0.0,1.0,1.0,0.0,,,,0.0,0.0,0.0,,0.0,1.0,0.0,0.0,1.0,0.0,0.0,1.0,0.0,0.0,1.0,0.0,0.0
ANALYSIS_PARTIAL_MISSING_CERTIFICATE_0062,partial_missing_certificate_0062,ANALYSIS_PARTIAL_MISSING_CERTIFICATE_0062_partial_missing_certificate_0062,PARTIAL_CAPTURE_MISSING_CERTIFICATE,PARTIAL_CAPTURE_CHALLENGE,MISSING_CERTIFICATE,CRITICAL,1.0,0.0,0.0,,,,,,0.0,0.0,,,0.0,0.0,1.0,0.0,0.0,0.0,0.0,0.0,0.0,0.0,1.0,0.0,0.0
ANALYSIS_PARTIAL_MISSING_CERTIFICATE_0063,partial_missing_certificate_0063,ANALYSIS_PARTIAL_MISSING_CERTIFICATE_0063_partial_missing_certificate_0063,PARTIAL_CAPTURE_MISSING_CERTIFICATE,PARTIAL_CAPTURE_CHALLENGE,MISSING_CERTIFICATE,CRITICAL,1.0,0.0,0.0,,,,,,1.0,0.0,,,1.0,0.0,0.0,0.0,0.0,0.0,0.0,0.0,0.0,0.0,1.0,0.0,0.0
ANALYSIS_PARTIAL_MISSING_CERTIFICATE_0064,partial_missing_certificate_0064,ANALYSIS_PARTIAL_MISSING_CERTIFICATE_0064_partial_missing_certificate_0064,PARTIAL_CAPTURE_MISSING_CERTIFICATE,PARTIAL_CAPTURE_CHALLENGE,MISSING_CERTIFICATE,HIGH,0.0,1.0,0.0,0.0,1.0,,,,0.0,0.0,0.0,,0.0,1.0,0.0,0.0,1.0,0.0,0.0,1.0,0.0,1.0,1.0,0.0,0.0
ANALYSIS_PARTIAL_MISSING_CERTIFICATE_0065,partial_missing_certificate_0065,ANALYSIS_PARTIAL_MISSING_CERTIFICATE_0065_partial_missing_certificate_0065,PARTIAL_CAPTURE_MISSING_CERTIFICATE,PARTIAL_CAPTURE_CHALLENGE,MISSING_CERTIFICATE,HIGH,0.0,1.0,0.0,0.0,1.0,,,,0.0,0.0,0.0,,0.0,0.0,1.0,0.0,1.0,0.0,0.0,1.0,0.0,1.0,1.0,0.0,0.0
ANALYSIS_PARTIAL_MISSING_CERTIFICATE_0066,partial_missing_certificate_0066,ANALYSIS_PARTIAL_MISSING_CERTIFICATE_0066_partial_missing_certificate_0066,PARTIAL_CAPTURE_MISSING_CERTIFICATE,PARTIAL_CAPTURE_CHALLENGE,MISSING_CERTIFICATE,LOW,0.0,0.0,1.0,0.0,0.0,,,,0.0,0.0,0.0,,1.0,0.0,0.0,0.0,0.0,0.0,1.0,1.0,0.0,0.0,1.0,0.0,0.0
ANALYSIS_PARTIAL_MISSING_CERTIFICATE_0067,partial_missing_certificate_0067,ANALYSIS_PARTIAL_MISSING_CERTIFICATE_0067_partial_missing_certificate_0067,PARTIAL_CAPTURE_MISSING_CERTIFICATE,PARTIAL_CAPTURE_CHALLENGE,MISSING_CERTIFICATE,HIGH,0.0,0.0,1.0,0.0,0.0,,,,0.0,0.0,0.0,,0.0,1.0,0.0,0.0,1.0,0.0,0.0,1.0,0.0,0.0,1.0,0.0,0.0
ANALYSIS_PARTIAL_MISSING_CERTIFICATE_0068,partial_missing_certificate_0068,ANALYSIS_PARTIAL_MISSING_CERTIFICATE_0068_partial_missing_certificate_0068,PARTIAL_CAPTURE_MISSING_CERTIFICATE,PARTIAL_CAPTURE_CHALLENGE,MISSING_CERTIFICATE,MEDIUM,0.0,1.0,0.0,0.0,0.0,,,,0.0,0.0,0.0,,0.0,0.0,1.0,0.0,0.0,1.0,0.0,1.0,0.0,1.0,1.0,0.0,0.0
ANALYSIS_PARTIAL_MISSING_CERTIFICATE_0069,partial_missing_certificate_0069,ANALYSIS_PARTIAL_MISSING_CERTIFICATE_0069_partial_missing_certificate_0069,PARTIAL_CAPTURE_MISSING_CERTIFICATE,PARTIAL_CAPTURE_CHALLENGE,MISSING_CERTIFICATE,HIGH,0.0,1.0,0.0,1.0,1.0,,,,0.0,0.0,0.0,,1.0,0.0,0.0,0.0,2.0,0.0,0.0,1.0,0.0,1.0,1.0,0.0,0.0
ANALYSIS_PARTIAL_MISSING_CERTIFICATE_0070,partial_missing_certificate_0070,ANALYSIS_PARTIAL_MISSING_CERTIFICATE_0070_partial_missing_certificate_0070,PARTIAL_CAPTURE_MISSING_CERTIFICATE,PARTIAL_CAPTURE_CHALLENGE,MISSING_CERTIFICATE,HIGH,0.0,0.0,1.0,1.0,0.0,,,,0.0,0.0,0.0,,0.0,1.0,0.0,0.0,1.0,0.0,0.0,1.0,0.0,0.0,1.0,0.0,0.0
ANALYSIS_PARTIAL_MISSING_CERTIFICATE_0071,partial_missing_certificate_0071,ANALYSIS_PARTIAL_MISSING_CERTIFICATE_0071_partial_missing_certificate_0071,PARTIAL_CAPTURE_MISSING_CERTIFICATE,PARTIAL_CAPTURE_CHALLENGE,MISSING_CERTIFICATE,CRITICAL,1.0,0.0,0.0,,,,,,1.0,0.0,,,0.0,0.0,1.0,0.0,0.0,0.0,0.0,0.0,0.0,0.0,1.0,0.0,0.0
ANALYSIS_PARTIAL_MISSING_CERTIFICATE_0072,partial_missing_certificate_0072,ANALYSIS_PARTIAL_MISSING_CERTIFICATE_0072_partial_missing_certificate_0072,PARTIAL_CAPTURE_MISSING_CERTIFICATE,PARTIAL_CAPTURE_CHALLENGE,MISSING_CERTIFICATE,MEDIUM,0.0,1.0,0.0,0.0,0.0,,,,0.0,0.0,0.0,,1.0,0.0,0.0,0.0,0.0,1.0,0.0,1.0,0.0,1.0,1.0,0.0,0.0
ANALYSIS_PARTIAL_MISSING_CERTIFICATE_0073,partial_missing_certificate_0073,ANALYSIS_PARTIAL_MISSING_CERTIFICATE_0073_partial_missing_certificate_0073,PARTIAL_CAPTURE_MISSING_CERTIFICATE,PARTIAL_CAPTURE_CHALLENGE,MISSING_CERTIFICATE,MEDIUM,0.0,1.0,0.0,0.0,0.0,,,,0.0,0.0,0.0,,0.0,1.0,0.0,0.0,0.0,1.0,0.0,1.0,0.0,1.0,1.0,0.0,0.0
ANALYSIS_PARTIAL_MISSING_CERTIFICATE_0074,partial_missing_certificate_0074,ANALYSIS_PARTIAL_MISSING_CERTIFICATE_0074_partial_missing_certificate_0074,PARTIAL_CAPTURE_MISSING_CERTIFICATE,PARTIAL_CAPTURE_CHALLENGE,MISSING_CERTIFICATE,HIGH,0.0,0.0,1.0,0.0,1.0,,,,0.0,0.0,0.0,,0.0,0.0,1.0,0.0,1.0,0.0,0.0,1.0,0.0,0.0,1.0,0.0,0.0
ANALYSIS_PARTIAL_MISSING_CERTIFICATE_0075,partial_missing_certificate_0075,ANALYSIS_PARTIAL_MISSING_CERTIFICATE_0075_partial_missing_certificate_0075,PARTIAL_CAPTURE_MISSING_CERTIFICATE,PARTIAL_CAPTURE_CHALLENGE,MISSING_CERTIFICATE,HIGH,0.0,1.0,0.0,0.0,0.0,,,,0.0,0.0,0.0,,1.0,0.0,0.0,0.0,1.0,0.0,0.0,1.0,0.0,1.0,1.0,0.0,0.0
ANALYSIS_PARTIAL_MISSING_CERTIFICATE_0076,partial_missing_certificate_0076,ANALYSIS_PARTIAL_MISSING_CERTIFICATE_0076_partial_missing_certificate_0076,PARTIAL_CAPTURE_MISSING_CERTIFICATE,PARTIAL_CAPTURE_CHALLENGE,MISSING_CERTIFICATE,HIGH,0.0,0.0,1.0,0.0,0.0,,,,0.0,0.0,0.0,,0.0,1.0,0.0,0.0,1.0,0.0,0.0,1.0,0.0,0.0,1.0,0.0,0.0
ANALYSIS_PARTIAL_MISSING_CERTIFICATE_0077,partial_missing_certificate_0077,ANALYSIS_PARTIAL_MISSING_CERTIFICATE_0077_partial_missing_certificate_0077,PARTIAL_CAPTURE_MISSING_CERTIFICATE,PARTIAL_CAPTURE_CHALLENGE,MISSING_CERTIFICATE,HIGH,0.0,0.0,1.0,0.0,0.0,,,,0.0,0.0,0.0,,0.0,0.0,1.0,0.0,1.0,0.0,0.0,1.0,0.0,0.0,1.0,0.0,0.0
ANALYSIS_PARTIAL_MISSING_CERTIFICATE_0078,partial_missing_certificate_0078,ANALYSIS_PARTIAL_MISSING_CERTIFICATE_0078_partial_missing_certificate_0078,PARTIAL_CAPTURE_MISSING_CERTIFICATE,PARTIAL_CAPTURE_CHALLENGE,MISSING_CERTIFICATE,MEDIUM,0.0,1.0,0.0,0.0,0.0,,,,0.0,0.0,0.0,,1.0,0.0,0.0,0.0,0.0,1.0,0.0,1.0,0.0,1.0,1.0,0.0,0.0
ANALYSIS_PARTIAL_MISSING_CERTIFICATE_0079,partial_missing_certificate_0079,ANALYSIS_PARTIAL_MISSING_CERTIFICATE_0079_partial_missing_certificate_0079,PARTIAL_CAPTURE_MISSING_CERTIFICATE,PARTIAL_CAPTURE_CHALLENGE,MISSING_CERTIFICATE,MEDIUM,0.0,1.0,0.0,0.0,0.0,,,,0.0,0.0,0.0,,0.0,1.0,0.0,0.0,0.0,1.0,0.0,1.0,0.0,1.0,1.0,0.0,0.0
ANALYSIS_PARTIAL_MISSING_CERTIFICATE_0080,partial_missing_certificate_0080,ANALYSIS_PARTIAL_MISSING_CERTIFICATE_0080_partial_missing_certificate_0080,PARTIAL_CAPTURE_MISSING_CERTIFICATE,PARTIAL_CAPTURE_CHALLENGE,MISSING_CERTIFICATE,MEDIUM,0.0,1.0,0.0,0.0,0.0,,,,0.0,0.0,1.0,,0.0,0.0,1.0,0.0,0.0,1.0,0.0,1.0,0.0,1.0,1.0,0.0,0.0
ANALYSIS_PARTIAL_MISSING_CERTIFICATE_0081,partial_missing_certificate_0081,ANALYSIS_PARTIAL_MISSING_CERTIFICATE_0081_partial_missing_certificate_0081,PARTIAL_CAPTURE_MISSING_CERTIFICATE,PARTIAL_CAPTURE_CHALLENGE,MISSING_CERTIFICATE,HIGH,0.0,0.0,1.0,1.0,1.0,,,,0.0,0.0,0.0,,1.0,0.0,0.0,0.0,2.0,0.0,0.0,1.0,0.0,0.0,1.0,0.0,0.0
ANALYSIS_PARTIAL_MISSING_CERTIFICATE_0082,partial_missing_certificate_0082,ANALYSIS_PARTIAL_MISSING_CERTIFICATE_0082_partial_missing_certificate_0082,PARTIAL_CAPTURE_MISSING_CERTIFICATE,PARTIAL_CAPTURE_CHALLENGE,MISSING_CERTIFICATE,MEDIUM,0.0,0.0,1.0,0.0,0.0,,,,0.0,0.0,0.0,,0.0,1.0,0.0,0.0,0.0,1.0,0.0,1.0,0.0,0.0,1.0,0.0,0.0
ANALYSIS_PARTIAL_MISSING_CERTIFICATE_0083,partial_missing_certificate_0083,ANALYSIS_PARTIAL_MISSING_CERTIFICATE_0083_partial_missing_certificate_0083,PARTIAL_CAPTURE_MISSING_CERTIFICATE,PARTIAL_CAPTURE_CHALLENGE,MISSING_CERTIFICATE,HIGH,0.0,0.0,1.0,0.0,1.0,,,,0.0,0.0,0.0,,0.0,0.0,1.0,0.0,1.0,0.0,0.0,1.0,0.0,0.0,1.0,0.0,0.0
ANALYSIS_PARTIAL_MISSING_CERTIFICATE_0084,partial_missing_certificate_0084,ANALYSIS_PARTIAL_MISSING_CERTIFICATE_0084_partial_missing_certificate_0084,PARTIAL_CAPTURE_MISSING_CERTIFICATE,PARTIAL_CAPTURE_CHALLENGE,MISSING_CERTIFICATE,HIGH,0.0,1.0,0.0,1.0,0.0,,,,0.0,0.0,1.0,,1.0,0.0,0.0,0.0,1.0,0.0,0.0,1.0,0.0,1.0,1.0,0.0,0.0
ANALYSIS_PARTIAL_MISSING_CERTIFICATE_0085,partial_missing_certificate_0085,ANALYSIS_PARTIAL_MISSING_CERTIFICATE_0085_partial_missing_certificate_0085,PARTIAL_CAPTURE_MISSING_CERTIFICATE,PARTIAL_CAPTURE_CHALLENGE,MISSING_CERTIFICATE,MEDIUM,0.0,0.0,1.0,0.0,0.0,,,,0.0,0.0,0.0,,0.0,1.0,0.0,0.0,0.0,1.0,0.0,1.0,0.0,0.0,1.0,0.0,0.0
ANALYSIS_PARTIAL_MISSING_CERTIFICATE_0086,partial_missing_certificate_0086,ANALYSIS_PARTIAL_MISSING_CERTIFICATE_0086_partial_missing_certificate_0086,PARTIAL_CAPTURE_MISSING_CERTIFICATE,PARTIAL_CAPTURE_CHALLENGE,MISSING_CERTIFICATE,HIGH,0.0,0.0,1.0,0.0,0.0,,,,0.0,0.0,0.0,,0.0,0.0,1.0,0.0,1.0,0.0,0.0,1.0,0.0,0.0,1.0,0.0,0.0
ANALYSIS_PARTIAL_MISSING_CERTIFICATE_0087,partial_missing_certificate_0087,ANALYSIS_PARTIAL_MISSING_CERTIFICATE_0087_partial_missing_certificate_0087,PARTIAL_CAPTURE_MISSING_CERTIFICATE,PARTIAL_CAPTURE_CHALLENGE,MISSING_CERTIFICATE,MEDIUM,0.0,0.0,1.0,0.0,0.0,,,,0.0,0.0,0.0,,1.0,0.0,0.0,0.0,0.0,1.0,0.0,1.0,0.0,0.0,1.0,0.0,0.0
ANALYSIS_PARTIAL_MISSING_CERTIFICATE_0088,partial_missing_certificate_0088,ANALYSIS_PARTIAL_MISSING_CERTIFICATE_0088_partial_missing_certificate_0088,PARTIAL_CAPTURE_MISSING_CERTIFICATE,PARTIAL_CAPTURE_CHALLENGE,MISSING_CERTIFICATE,HIGH,0.0,1.0,0.0,1.0,0.0,,,,0.0,0.0,1.0,,0.0,1.0,0.0,0.0,1.0,0.0,0.0,1.0,0.0,1.0,1.0,0.0,0.0
ANALYSIS_PARTIAL_MISSING_CERTIFICATE_0089,partial_missing_certificate_0089,ANALYSIS_PARTIAL_MISSING_CERTIFICATE_0089_partial_missing_certificate_0089,PARTIAL_CAPTURE_MISSING_CERTIFICATE,PARTIAL_CAPTURE_CHALLENGE,MISSING_CERTIFICATE,MEDIUM,0.0,1.0,0.0,0.0,0.0,,,,0.0,0.0,1.0,,0.0,0.0,1.0,0.0,0.0,1.0,0.0,1.0,0.0,1.0,1.0,0.0,0.0
ANALYSIS_PARTIAL_MISSING_CERTIFICATE_0090,partial_missing_certificate_0090,ANALYSIS_PARTIAL_MISSING_CERTIFICATE_0090_partial_missing_certificate_0090,PARTIAL_CAPTURE_MISSING_CERTIFICATE,PARTIAL_CAPTURE_CHALLENGE,MISSING_CERTIFICATE,MEDIUM,0.0,1.0,0.0,0.0,0.0,,,,0.0,0.0,0.0,,1.0,0.0,0.0,0.0,0.0,1.0,0.0,1.0,0.0,1.0,1.0,0.0,0.0
ANALYSIS_PARTIAL_MISSING_CERTIFICATE_0091,partial_missing_certificate_0091,ANALYSIS_PARTIAL_MISSING_CERTIFICATE_0091_partial_missing_certificate_0091,PARTIAL_CAPTURE_MISSING_CERTIFICATE,PARTIAL_CAPTURE_CHALLENGE,MISSING_CERTIFICATE,HIGH,0.0,1.0,0.0,0.0,0.0,,,,0.0,0.0,0.0,,0.0,1.0,0.0,0.0,1.0,0.0,0.0,1.0,0.0,1.0,1.0,0.0,0.0
ANALYSIS_PARTIAL_MISSING_CERTIFICATE_0092,partial_missing_certificate_0092,ANALYSIS_PARTIAL_MISSING_CERTIFICATE_0092_partial_missing_certificate_0092,PARTIAL_CAPTURE_MISSING_CERTIFICATE,PARTIAL_CAPTURE_CHALLENGE,MISSING_CERTIFICATE,HIGH,0.0,1.0,0.0,1.0,0.0,,,,0.0,0.0,0.0,,0.0,0.0,1.0,0.0,1.0,0.0,0.0,1.0,0.0,1.0,1.0,0.0,0.0
ANALYSIS_PARTIAL_MISSING_CERTIFICATE_0093,partial_missing_certificate_0093,ANALYSIS_PARTIAL_MISSING_CERTIFICATE_0093_partial_missing_certificate_0093,PARTIAL_CAPTURE_MISSING_CERTIFICATE,PARTIAL_CAPTURE_CHALLENGE,MISSING_CERTIFICATE,MEDIUM,0.0,1.0,0.0,0.0,0.0,,,,0.0,0.0,0.0,,1.0,0.0,0.0,0.0,0.0,1.0,0.0,1.0,0.0,1.0,1.0,0.0,0.0
ANALYSIS_PARTIAL_MISSING_CERTIFICATE_0094,partial_missing_certificate_0094,ANALYSIS_PARTIAL_MISSING_CERTIFICATE_0094_partial_missing_certificate_0094,PARTIAL_CAPTURE_MISSING_CERTIFICATE,PARTIAL_CAPTURE_CHALLENGE,MISSING_CERTIFICATE,HIGH,0.0,0.0,1.0,1.0,1.0,,,,0.0,0.0,0.0,,0.0,1.0,0.0,0.0,2.0,0.0,0.0,1.0,0.0,0.0,1.0,0.0,0.0
ANALYSIS_PARTIAL_MISSING_CERTIFICATE_0095,partial_missing_certificate_0095,ANALYSIS_PARTIAL_MISSING_CERTIFICATE_0095_partial_missing_certificate_0095,PARTIAL_CAPTURE_MISSING_CERTIFICATE,PARTIAL_CAPTURE_CHALLENGE,MISSING_CERTIFICATE,MEDIUM,0.0,1.0,0.0,0.0,0.0,,,,0.0,0.0,0.0,,0.0,0.0,1.0,0.0,0.0,1.0,0.0,1.0,0.0,1.0,1.0,0.0,0.0
ANALYSIS_PARTIAL_MISSING_CERTIFICATE_0096,partial_missing_certificate_0096,ANALYSIS_PARTIAL_MISSING_CERTIFICATE_0096_partial_missing_certificate_0096,PARTIAL_CAPTURE_MISSING_CERTIFICATE,PARTIAL_CAPTURE_CHALLENGE,MISSING_CERTIFICATE,HIGH,0.0,1.0,0.0,0.0,0.0,,,,0.0,0.0,0.0,,1.0,0.0,0.0,0.0,1.0,0.0,0.0,1.0,0.0,1.0,1.0,0.0,0.0
ANALYSIS_PARTIAL_MISSING_CERTIFICATE_0097,partial_missing_certificate_0097,ANALYSIS_PARTIAL_MISSING_CERTIFICATE_0097_partial_missing_certificate_0097,PARTIAL_CAPTURE_MISSING_CERTIFICATE,PARTIAL_CAPTURE_CHALLENGE,MISSING_CERTIFICATE,MEDIUM,0.0,0.0,1.0,0.0,0.0,,,,0.0,0.0,1.0,,0.0,1.0,0.0,0.0,0.0,0.0,0.0,1.0,0.0,0.0,1.0,0.0,0.0
ANALYSIS_PARTIAL_MISSING_CERTIFICATE_0098,partial_missing_certificate_0098,ANALYSIS_PARTIAL_MISSING_CERTIFICATE_0098_partial_missing_certificate_0098,PARTIAL_CAPTURE_MISSING_CERTIFICATE,PARTIAL_CAPTURE_CHALLENGE,MISSING_CERTIFICATE,HIGH,0.0,0.0,1.0,1.0,1.0,,,,0.0,0.0,0.0,,0.0,0.0,1.0,0.0,2.0,0.0,0.0,1.0,0.0,0.0,1.0,0.0,0.0
ANALYSIS_PARTIAL_MISSING_CERTIFICATE_0099,partial_missing_certificate_0099,ANALYSIS_PARTIAL_MISSING_CERTIFICATE_0099_partial_missing_certificate_0099,PARTIAL_CAPTURE_MISSING_CERTIFICATE,PARTIAL_CAPTURE_CHALLENGE,MISSING_CERTIFICATE,MEDIUM,0.0,1.0,0.0,0.0,0.0,,,,0.0,0.0,0.0,,1.0,0.0,0.0,0.0,0.0,1.0,0.0,1.0,0.0,1.0,1.0,0.0,0.0
ANALYSIS_PARTIAL_MISSING_TLS_FINISHED_0000,partial_missing_tls_finished_0000,ANALYSIS_PARTIAL_MISSING_TLS_FINISHED_0000_partial_missing_tls_finished_0000,PARTIAL_CAPTURE_MISSING_TLS_FINISHED,PARTIAL_CAPTURE_CHALLENGE,MISSING_TLS_FINISHED,HIGH,0.0,0.0,1.0,0.0,0.0,,,,0.0,0.0,0.0,,1.0,0.0,0.0,0.0,1.0,0.0,0.0,1.0,0.0,0.0,1.0,1.0,0.0
ANALYSIS_PARTIAL_MISSING_TLS_FINISHED_0001,partial_missing_tls_finished_0001,ANALYSIS_PARTIAL_MISSING_TLS_FINISHED_0001_partial_missing_tls_finished_0001,PARTIAL_CAPTURE_MISSING_TLS_FINISHED,PARTIAL_CAPTURE_CHALLENGE,MISSING_TLS_FINISHED,HIGH,0.0,0.0,1.0,0.0,1.0,0.0,0.0,0.0,0.0,0.0,0.0,0.0,0.0,1.0,0.0,0.0,1.0,0.0,0.0,1.0,1.0,0.0,1.0,1.0,0.0
ANALYSIS_PARTIAL_MISSING_TLS_FINISHED_0002,partial_missing_tls_finished_0002,ANALYSIS_PARTIAL_MISSING_TLS_FINISHED_0002_partial_missing_tls_finished_0002,PARTIAL_CAPTURE_MISSING_TLS_FINISHED,PARTIAL_CAPTURE_CHALLENGE,MISSING_TLS_FINISHED,MEDIUM,0.0,0.0,1.0,0.0,0.0,,,,0.0,0.0,0.0,,0.0,0.0,1.0,0.0,0.0,1.0,0.0,1.0,0.0,0.0,1.0,1.0,0.0
ANALYSIS_PARTIAL_MISSING_TLS_FINISHED_0003,partial_missing_tls_finished_0003,ANALYSIS_PARTIAL_MISSING_TLS_FINISHED_0003_partial_missing_tls_finished_0003,PARTIAL_CAPTURE_MISSING_TLS_FINISHED,PARTIAL_CAPTURE_CHALLENGE,MISSING_TLS_FINISHED,HIGH,0.0,1.0,0.0,0.0,0.0,0.0,0.0,1.0,0.0,0.0,0.0,0.0,1.0,0.0,0.0,0.0,1.0,0.0,0.0,1.0,1.0,1.0,1.0,1.0,0.0
ANALYSIS_PARTIAL_MISSING_TLS_FINISHED_0004,partial_missing_tls_finished_0004,ANALYSIS_PARTIAL_MISSING_TLS_FINISHED_0004_partial_missing_tls_finished_0004,PARTIAL_CAPTURE_MISSING_TLS_FINISHED,PARTIAL_CAPTURE_CHALLENGE,MISSING_TLS_FINISHED,HIGH,0.0,1.0,0.0,0.0,1.0,,,,0.0,0.0,0.0,,0.0,1.0,0.0,0.0,1.0,0.0,0.0,1.0,0.0,1.0,1.0,1.0,0.0
ANALYSIS_PARTIAL_MISSING_TLS_FINISHED_0005,partial_missing_tls_finished_0005,ANALYSIS_PARTIAL_MISSING_TLS_FINISHED_0005_partial_missing_tls_finished_0005,PARTIAL_CAPTURE_MISSING_TLS_FINISHED,PARTIAL_CAPTURE_CHALLENGE,MISSING_TLS_FINISHED,HIGH,0.0,0.0,1.0,1.0,1.0,,,,0.0,0.0,0.0,,0.0,0.0,1.0,0.0,2.0,0.0,0.0,1.0,0.0,0.0,1.0,1.0,0.0
ANALYSIS_PARTIAL_MISSING_TLS_FINISHED_0006,partial_missing_tls_finished_0006,ANALYSIS_PARTIAL_MISSING_TLS_FINISHED_0006_partial_missing_tls_finished_0006,PARTIAL_CAPTURE_MISSING_TLS_FINISHED,PARTIAL_CAPTURE_CHALLENGE,MISSING_TLS_FINISHED,MEDIUM,0.0,0.0,1.0,0.0,0.0,,,,0.0,0.0,0.0,,1.0,0.0,0.0,0.0,0.0,1.0,0.0,1.0,0.0,0.0,1.0,1.0,0.0
ANALYSIS_PARTIAL_MISSING_TLS_FINISHED_0007,partial_missing_tls_finished_0007,ANALYSIS_PARTIAL_MISSING_TLS_FINISHED_0007_partial_missing_tls_finished_0007,PARTIAL_CAPTURE_MISSING_TLS_FINISHED,PARTIAL_CAPTURE_CHALLENGE,MISSING_TLS_FINISHED,MEDIUM,0.0,0.0,1.0,0.0,0.0,0.0,0.0,0.0,0.0,0.0,1.0,0.0,0.0,1.0,0.0,0.0,0.0,1.0,0.0,1.0,1.0,0.0,1.0,1.0,0.0
ANALYSIS_PARTIAL_MISSING_TLS_FINISHED_0008,partial_missing_tls_finished_0008,ANALYSIS_PARTIAL_MISSING_TLS_FINISHED_0008_partial_missing_tls_finished_0008,PARTIAL_CAPTURE_MISSING_TLS_FINISHED,PARTIAL_CAPTURE_CHALLENGE,MISSING_TLS_FINISHED,MEDIUM,0.0,1.0,0.0,0.0,0.0,,,,0.0,0.0,0.0,,0.0,0.0,1.0,0.0,0.0,1.0,0.0,1.0,0.0,1.0,1.0,1.0,0.0
ANALYSIS_PARTIAL_MISSING_TLS_FINISHED_0009,partial_missing_tls_finished_0009,ANALYSIS_PARTIAL_MISSING_TLS_FINISHED_0009_partial_missing_tls_finished_0009,PARTIAL_CAPTURE_MISSING_TLS_FINISHED,PARTIAL_CAPTURE_CHALLENGE,MISSING_TLS_FINISHED,LOW,0.0,0.0,1.0,0.0,0.0,0.0,0.0,0.0,0.0,0.0,0.0,0.0,1.0,0.0,0.0,0.0,0.0,0.0,0.0,1.0,1.0,0.0,1.0,1.0,0.0
ANALYSIS_PARTIAL_MISSING_TLS_FINISHED_0010,partial_missing_tls_finished_0010,ANALYSIS_PARTIAL_MISSING_TLS_FINISHED_0010_partial_missing_tls_finished_0010,PARTIAL_CAPTURE_MISSING_TLS_FINISHED,PARTIAL_CAPTURE_CHALLENGE,MISSING_TLS_FINISHED,LOW,0.0,1.0,0.0,0.0,0.0,0.0,0.0,0.0,0.0,0.0,0.0,0.0,0.0,1.0,0.0,0.0,0.0,0.0,0.0,1.0,1.0,1.0,1.0,1.0,0.0
ANALYSIS_PARTIAL_MISSING_TLS_FINISHED_0011,partial_missing_tls_finished_0011,ANALYSIS_PARTIAL_MISSING_TLS_FINISHED_0011_partial_missing_tls_finished_0011,PARTIAL_CAPTURE_MISSING_TLS_FINISHED,PARTIAL_CAPTURE_CHALLENGE,MISSING_TLS_FINISHED,CRITICAL,1.0,0.0,0.0,,,,,,1.0,0.0,,,0.0,0.0,1.0,0.0,0.0,0.0,0.0,0.0,0.0,0.0,1.0,1.0,0.0
ANALYSIS_PARTIAL_MISSING_TLS_FINISHED_0012,partial_missing_tls_finished_0012,ANALYSIS_PARTIAL_MISSING_TLS_FINISHED_0012_partial_missing_tls_finished_0012,PARTIAL_CAPTURE_MISSING_TLS_FINISHED,PARTIAL_CAPTURE_CHALLENGE,MISSING_TLS_FINISHED,HIGH,0.0,0.0,1.0,0.0,1.0,0.0,0.0,0.0,0.0,0.0,0.0,0.0,1.0,0.0,0.0,0.0,1.0,0.0,0.0,1.0,1.0,0.0,1.0,1.0,0.0
ANALYSIS_PARTIAL_MISSING_TLS_FINISHED_0013,partial_missing_tls_finished_0013,ANALYSIS_PARTIAL_MISSING_TLS_FINISHED_0013_partial_missing_tls_finished_0013,PARTIAL_CAPTURE_MISSING_TLS_FINISHED,PARTIAL_CAPTURE_CHALLENGE,MISSING_TLS_FINISHED,HIGH,0.0,1.0,0.0,0.0,0.0,,,,0.0,0.0,0.0,,0.0,1.0,0.0,0.0,1.0,0.0,0.0,1.0,0.0,1.0,1.0,1.0,0.0
ANALYSIS_PARTIAL_MISSING_TLS_FINISHED_0014,partial_missing_tls_finished_0014,ANALYSIS_PARTIAL_MISSING_TLS_FINISHED_0014_partial_missing_tls_finished_0014,PARTIAL_CAPTURE_MISSING_TLS_FINISHED,PARTIAL_CAPTURE_CHALLENGE,MISSING_TLS_FINISHED,CRITICAL,1.0,0.0,0.0,,,,,,0.0,0.0,,,0.0,0.0,1.0,0.0,0.0,0.0,0.0,0.0,0.0,0.0,1.0,1.0,0.0
ANALYSIS_PARTIAL_MISSING_TLS_FINISHED_0015,partial_missing_tls_finished_0015,ANALYSIS_PARTIAL_MISSING_TLS_FINISHED_0015_partial_missing_tls_finished_0015,PARTIAL_CAPTURE_MISSING_TLS_FINISHED,PARTIAL_CAPTURE_CHALLENGE,MISSING_TLS_FINISHED,HIGH,0.0,1.0,0.0,0.0,1.0,,,,0.0,0.0,0.0,,1.0,0.0,0.0,0.0,1.0,0.0,0.0,1.0,0.0,1.0,1.0,1.0,0.0
ANALYSIS_PARTIAL_MISSING_TLS_FINISHED_0016,partial_missing_tls_finished_0016,ANALYSIS_PARTIAL_MISSING_TLS_FINISHED_0016_partial_missing_tls_finished_0016,PARTIAL_CAPTURE_MISSING_TLS_FINISHED,PARTIAL_CAPTURE_CHALLENGE,MISSING_TLS_FINISHED,HIGH,0.0,1.0,0.0,0.0,1.0,0.0,0.0,0.0,0.0,0.0,0.0,0.0,0.0,1.0,0.0,0.0,1.0,0.0,0.0,1.0,1.0,1.0,1.0,1.0,0.0
ANALYSIS_PARTIAL_MISSING_TLS_FINISHED_0017,partial_missing_tls_finished_0017,ANALYSIS_PARTIAL_MISSING_TLS_FINISHED_0017_partial_missing_tls_finished_0017,PARTIAL_CAPTURE_MISSING_TLS_FINISHED,PARTIAL_CAPTURE_CHALLENGE,MISSING_TLS_FINISHED,HIGH,0.0,0.0,1.0,0.0,1.0,0.0,0.0,0.0,0.0,0.0,0.0,0.0,0.0,0.0,1.0,0.0,1.0,0.0,0.0,1.0,1.0,0.0,1.0,1.0,0.0
ANALYSIS_PARTIAL_MISSING_TLS_FINISHED_0018,partial_missing_tls_finished_0018,ANALYSIS_PARTIAL_MISSING_TLS_FINISHED_0018_partial_missing_tls_finished_0018,PARTIAL_CAPTURE_MISSING_TLS_FINISHED,PARTIAL_CAPTURE_CHALLENGE,MISSING_TLS_FINISHED,MEDIUM,0.0,1.0,0.0,0.0,0.0,,,,0.0,0.0,0.0,,1.0,0.0,0.0,0.0,0.0,1.0,0.0,1.0,0.0,1.0,1.0,1.0,0.0
ANALYSIS_PARTIAL_MISSING_TLS_FINISHED_0019,partial_missing_tls_finished_0019,ANALYSIS_PARTIAL_MISSING_TLS_FINISHED_0019_partial_missing_tls_finished_0019,PARTIAL_CAPTURE_MISSING_TLS_FINISHED,PARTIAL_CAPTURE_CHALLENGE,MISSING_TLS_FINISHED,MEDIUM,0.0,0.0,1.0,0.0,0.0,0.0,0.0,0.0,0.0,0.0,0.0,1.0,0.0,1.0,0.0,0.0,0.0,1.0,0.0,1.0,1.0,0.0,1.0,1.0,0.0
ANALYSIS_PARTIAL_MISSING_TLS_FINISHED_0020,partial_missing_tls_finished_0020,ANALYSIS_PARTIAL_MISSING_TLS_FINISHED_0020_partial_missing_tls_finished_0020,PARTIAL_CAPTURE_MISSING_TLS_FINISHED,PARTIAL_CAPTURE_CHALLENGE,MISSING_TLS_FINISHED,HIGH,0.0,0.0,1.0,1.0,0.0,0.0,0.0,0.0,0.0,0.0,1.0,0.0,0.0,0.0,1.0,0.0,1.0,0.0,0.0,1.0,1.0,0.0,1.0,1.0,0.0
ANALYSIS_PARTIAL_MISSING_TLS_FINISHED_0021,partial_missing_tls_finished_0021,ANALYSIS_PARTIAL_MISSING_TLS_FINISHED_0021_partial_missing_tls_finished_0021,PARTIAL_CAPTURE_MISSING_TLS_FINISHED,PARTIAL_CAPTURE_CHALLENGE,MISSING_TLS_FINISHED,CRITICAL,0.0,0.0,1.0,1.0,1.0,1.0,0.0,0.0,0.0,0.0,0.0,0.0,1.0,0.0,0.0,0.0,2.0,0.0,0.0,1.0,1.0,0.0,1.0,1.0,0.0
ANALYSIS_PARTIAL_MISSING_TLS_FINISHED_0022,partial_missing_tls_finished_0022,ANALYSIS_PARTIAL_MISSING_TLS_FINISHED_0022_partial_missing_tls_finished_0022,PARTIAL_CAPTURE_MISSING_TLS_FINISHED,PARTIAL_CAPTURE_CHALLENGE,MISSING_TLS_FINISHED,HIGH,0.0,0.0,1.0,0.0,0.0,1.0,0.0,0.0,0.0,0.0,0.0,0.0,0.0,1.0,0.0,0.0,1.0,0.0,0.0,1.0,1.0,0.0,1.0,1.0,0.0
ANALYSIS_PARTIAL_MISSING_TLS_FINISHED_0023,partial_missing_tls_finished_0023,ANALYSIS_PARTIAL_MISSING_TLS_FINISHED_0023_partial_missing_tls_finished_0023,PARTIAL_CAPTURE_MISSING_TLS_FINISHED,PARTIAL_CAPTURE_CHALLENGE,MISSING_TLS_FINISHED,HIGH,0.0,0.0,1.0,0.0,0.0,1.0,0.0,0.0,0.0,0.0,0.0,0.0,0.0,0.0,1.0,0.0,1.0,0.0,0.0,1.0,1.0,0.0,1.0,1.0,0.0
ANALYSIS_PARTIAL_MISSING_TLS_FINISHED_0024,partial_missing_tls_finished_0024,ANALYSIS_PARTIAL_MISSING_TLS_FINISHED_0024_partial_missing_tls_finished_0024,PARTIAL_CAPTURE_MISSING_TLS_FINISHED,PARTIAL_CAPTURE_CHALLENGE,MISSING_TLS_FINISHED,HIGH,0.0,1.0,0.0,0.0,1.0,,,,0.0,0.0,0.0,,1.0,0.0,0.0,0.0,1.0,0.0,0.0,1.0,0.0,1.0,1.0,1.0,0.0
ANALYSIS_PARTIAL_MISSING_TLS_FINISHED_0025,partial_missing_tls_finished_0025,ANALYSIS_PARTIAL_MISSING_TLS_FINISHED_0025_partial_missing_tls_finished_0025,PARTIAL_CAPTURE_MISSING_TLS_FINISHED,PARTIAL_CAPTURE_CHALLENGE,MISSING_TLS_FINISHED,HIGH,0.0,1.0,0.0,0.0,0.0,,,,0.0,0.0,0.0,,0.0,1.0,0.0,0.0,1.0,0.0,0.0,1.0,0.0,1.0,1.0,1.0,0.0
ANALYSIS_PARTIAL_MISSING_TLS_FINISHED_0026,partial_missing_tls_finished_0026,ANALYSIS_PARTIAL_MISSING_TLS_FINISHED_0026_partial_missing_tls_finished_0026,PARTIAL_CAPTURE_MISSING_TLS_FINISHED,PARTIAL_CAPTURE_CHALLENGE,MISSING_TLS_FINISHED,HIGH,0.0,0.0,1.0,0.0,1.0,0.0,0.0,0.0,0.0,0.0,0.0,0.0,0.0,0.0,1.0,0.0,1.0,0.0,0.0,1.0,1.0,0.0,1.0,1.0,0.0
ANALYSIS_PARTIAL_MISSING_TLS_FINISHED_0027,partial_missing_tls_finished_0027,ANALYSIS_PARTIAL_MISSING_TLS_FINISHED_0027_partial_missing_tls_finished_0027,PARTIAL_CAPTURE_MISSING_TLS_FINISHED,PARTIAL_CAPTURE_CHALLENGE,MISSING_TLS_FINISHED,LOW,0.0,0.0,1.0,0.0,0.0,0.0,0.0,0.0,0.0,0.0,0.0,0.0,1.0,0.0,0.0,0.0,0.0,0.0,0.0,1.0,1.0,0.0,1.0,1.0,0.0
ANALYSIS_PARTIAL_MISSING_TLS_FINISHED_0028,partial_missing_tls_finished_0028,ANALYSIS_PARTIAL_MISSING_TLS_FINISHED_0028_partial_missing_tls_finished_0028,PARTIAL_CAPTURE_MISSING_TLS_FINISHED,PARTIAL_CAPTURE_CHALLENGE,MISSING_TLS_FINISHED,MEDIUM,0.0,1.0,0.0,0.0,0.0,,,,0.0,0.0,0.0,,0.0,1.0,0.0,0.0,0.0,1.0,0.0,1.0,0.0,1.0,1.0,1.0,0.0
ANALYSIS_PARTIAL_MISSING_TLS_FINISHED_0029,partial_missing_tls_finished_0029,ANALYSIS_PARTIAL_MISSING_TLS_FINISHED_0029_partial_missing_tls_finished_0029,PARTIAL_CAPTURE_MISSING_TLS_FINISHED,PARTIAL_CAPTURE_CHALLENGE,MISSING_TLS_FINISHED,HIGH,0.0,1.0,0.0,0.0,1.0,0.0,0.0,0.0,0.0,0.0,0.0,0.0,0.0,0.0,1.0,0.0,1.0,0.0,0.0,1.0,1.0,1.0,1.0,1.0,0.0
ANALYSIS_PARTIAL_MISSING_TLS_FINISHED_0030,partial_missing_tls_finished_0030,ANALYSIS_PARTIAL_MISSING_TLS_FINISHED_0030_partial_missing_tls_finished_0030,PARTIAL_CAPTURE_MISSING_TLS_FINISHED,PARTIAL_CAPTURE_CHALLENGE,MISSING_TLS_FINISHED,CRITICAL,1.0,0.0,0.0,,,,,,1.0,0.0,,,1.0,0.0,0.0,0.0,0.0,0.0,0.0,0.0,0.0,0.0,1.0,1.0,0.0
ANALYSIS_PARTIAL_MISSING_TLS_FINISHED_0031,partial_missing_tls_finished_0031,ANALYSIS_PARTIAL_MISSING_TLS_FINISHED_0031_partial_missing_tls_finished_0031,PARTIAL_CAPTURE_MISSING_TLS_FINISHED,PARTIAL_CAPTURE_CHALLENGE,MISSING_TLS_FINISHED,HIGH,0.0,1.0,0.0,0.0,1.0,,,,0.0,0.0,0.0,,0.0,1.0,0.0,0.0,1.0,0.0,0.0,1.0,0.0,1.0,1.0,1.0,0.0
ANALYSIS_PARTIAL_MISSING_TLS_FINISHED_0032,partial_missing_tls_finished_0032,ANALYSIS_PARTIAL_MISSING_TLS_FINISHED_0032_partial_missing_tls_finished_0032,PARTIAL_CAPTURE_MISSING_TLS_FINISHED,PARTIAL_CAPTURE_CHALLENGE,MISSING_TLS_FINISHED,MEDIUM,0.0,1.0,0.0,0.0,0.0,,,,0.0,0.0,1.0,,0.0,0.0,1.0,0.0,0.0,1.0,0.0,1.0,0.0,1.0,1.0,1.0,0.0
ANALYSIS_PARTIAL_MISSING_TLS_FINISHED_0033,partial_missing_tls_finished_0033,ANALYSIS_PARTIAL_MISSING_TLS_FINISHED_0033_partial_missing_tls_finished_0033,PARTIAL_CAPTURE_MISSING_TLS_FINISHED,PARTIAL_CAPTURE_CHALLENGE,MISSING_TLS_FINISHED,HIGH,0.0,1.0,0.0,1.0,0.0,,,,0.0,0.0,1.0,,1.0,0.0,0.0,0.0,1.0,0.0,0.0,1.0,0.0,1.0,1.0,1.0,0.0
ANALYSIS_PARTIAL_MISSING_TLS_FINISHED_0034,partial_missing_tls_finished_0034,ANALYSIS_PARTIAL_MISSING_TLS_FINISHED_0034_partial_missing_tls_finished_0034,PARTIAL_CAPTURE_MISSING_TLS_FINISHED,PARTIAL_CAPTURE_CHALLENGE,MISSING_TLS_FINISHED,HIGH,0.0,0.0,1.0,1.0,1.0,,,,0.0,0.0,0.0,,0.0,1.0,0.0,0.0,2.0,0.0,0.0,1.0,0.0,0.0,1.0,1.0,0.0
ANALYSIS_PARTIAL_MISSING_TLS_FINISHED_0035,partial_missing_tls_finished_0035,ANALYSIS_PARTIAL_MISSING_TLS_FINISHED_0035_partial_missing_tls_finished_0035,PARTIAL_CAPTURE_MISSING_TLS_FINISHED,PARTIAL_CAPTURE_CHALLENGE,MISSING_TLS_FINISHED,HIGH,0.0,1.0,0.0,0.0,1.0,,,,0.0,0.0,0.0,,0.0,0.0,1.0,0.0,1.0,0.0,0.0,1.0,0.0,1.0,1.0,1.0,0.0
ANALYSIS_PARTIAL_MISSING_TLS_FINISHED_0036,partial_missing_tls_finished_0036,ANALYSIS_PARTIAL_MISSING_TLS_FINISHED_0036_partial_missing_tls_finished_0036,PARTIAL_CAPTURE_MISSING_TLS_FINISHED,PARTIAL_CAPTURE_CHALLENGE,MISSING_TLS_FINISHED,HIGH,0.0,1.0,0.0,0.0,1.0,,,,0.0,0.0,0.0,,1.0,0.0,0.0,0.0,1.0,0.0,0.0,1.0,0.0,1.0,1.0,1.0,0.0
ANALYSIS_PARTIAL_MISSING_TLS_FINISHED_0037,partial_missing_tls_finished_0037,ANALYSIS_PARTIAL_MISSING_TLS_FINISHED_0037_partial_missing_tls_finished_0037,PARTIAL_CAPTURE_MISSING_TLS_FINISHED,PARTIAL_CAPTURE_CHALLENGE,MISSING_TLS_FINISHED,HIGH,0.0,1.0,0.0,0.0,0.0,,,,0.0,0.0,0.0,,0.0,1.0,0.0,0.0,1.0,0.0,0.0,1.0,0.0,1.0,1.0,1.0,0.0
ANALYSIS_PARTIAL_MISSING_TLS_FINISHED_0038,partial_missing_tls_finished_0038,ANALYSIS_PARTIAL_MISSING_TLS_FINISHED_0038_partial_missing_tls_finished_0038,PARTIAL_CAPTURE_MISSING_TLS_FINISHED,PARTIAL_CAPTURE_CHALLENGE,MISSING_TLS_FINISHED,HIGH,0.0,1.0,0.0,0.0,0.0,,,,0.0,0.0,0.0,,0.0,0.0,1.0,0.0,1.0,0.0,0.0,1.0,0.0,1.0,1.0,1.0,0.0
ANALYSIS_PARTIAL_MISSING_TLS_FINISHED_0039,partial_missing_tls_finished_0039,ANALYSIS_PARTIAL_MISSING_TLS_FINISHED_0039_partial_missing_tls_finished_0039,PARTIAL_CAPTURE_MISSING_TLS_FINISHED,PARTIAL_CAPTURE_CHALLENGE,MISSING_TLS_FINISHED,HIGH,0.0,0.0,1.0,0.0,0.0,,,,0.0,0.0,0.0,,1.0,0.0,0.0,0.0,1.0,0.0,0.0,1.0,0.0,0.0,1.0,1.0,0.0
ANALYSIS_PARTIAL_MISSING_TLS_FINISHED_0040,partial_missing_tls_finished_0040,ANALYSIS_PARTIAL_MISSING_TLS_FINISHED_0040_partial_missing_tls_finished_0040,PARTIAL_CAPTURE_MISSING_TLS_FINISHED,PARTIAL_CAPTURE_CHALLENGE,MISSING_TLS_FINISHED,HIGH,0.0,0.0,1.0,0.0,0.0,1.0,0.0,0.0,0.0,0.0,0.0,0.0,0.0,1.0,0.0,0.0,1.0,0.0,0.0,1.0,1.0,0.0,1.0,1.0,0.0
ANALYSIS_PARTIAL_MISSING_TLS_FINISHED_0041,partial_missing_tls_finished_0041,ANALYSIS_PARTIAL_MISSING_TLS_FINISHED_0041_partial_missing_tls_finished_0041,PARTIAL_CAPTURE_MISSING_TLS_FINISHED,PARTIAL_CAPTURE_CHALLENGE,MISSING_TLS_FINISHED,HIGH,0.0,0.0,1.0,0.0,1.0,,,,0.0,0.0,0.0,,0.0,0.0,1.0,0.0,1.0,0.0,0.0,1.0,0.0,0.0,1.0,1.0,0.0
ANALYSIS_PARTIAL_MISSING_TLS_FINISHED_0042,partial_missing_tls_finished_0042,ANALYSIS_PARTIAL_MISSING_TLS_FINISHED_0042_partial_missing_tls_finished_0042,PARTIAL_CAPTURE_MISSING_TLS_FINISHED,PARTIAL_CAPTURE_CHALLENGE,MISSING_TLS_FINISHED,LOW,0.0,0.0,1.0,0.0,0.0,0.0,0.0,0.0,0.0,0.0,0.0,0.0,1.0,0.0,0.0,0.0,0.0,0.0,0.0,1.0,1.0,0.0,1.0,1.0,0.0
ANALYSIS_PARTIAL_MISSING_TLS_FINISHED_0043,partial_missing_tls_finished_0043,ANALYSIS_PARTIAL_MISSING_TLS_FINISHED_0043_partial_missing_tls_finished_0043,PARTIAL_CAPTURE_MISSING_TLS_FINISHED,PARTIAL_CAPTURE_CHALLENGE,MISSING_TLS_FINISHED,HIGH,0.0,0.0,1.0,0.0,0.0,,,,0.0,0.0,0.0,,0.0,1.0,0.0,0.0,1.0,0.0,0.0,1.0,0.0,0.0,1.0,1.0,0.0
ANALYSIS_PARTIAL_MISSING_TLS_FINISHED_0044,partial_missing_tls_finished_0044,ANALYSIS_PARTIAL_MISSING_TLS_FINISHED_0044_partial_missing_tls_finished_0044,PARTIAL_CAPTURE_MISSING_TLS_FINISHED,PARTIAL_CAPTURE_CHALLENGE,MISSING_TLS_FINISHED,CRITICAL,1.0,0.0,0.0,,,,,,1.0,0.0,,,0.0,0.0,1.0,0.0,0.0,0.0,0.0,0.0,0.0,0.0,1.0,1.0,0.0
ANALYSIS_PARTIAL_MISSING_TLS_FINISHED_0045,partial_missing_tls_finished_0045,ANALYSIS_PARTIAL_MISSING_TLS_FINISHED_0045_partial_missing_tls_finished_0045,PARTIAL_CAPTURE_MISSING_TLS_FINISHED,PARTIAL_CAPTURE_CHALLENGE,MISSING_TLS_FINISHED,HIGH,0.0,1.0,0.0,0.0,0.0,,,,0.0,0.0,0.0,,1.0,0.0,0.0,0.0,1.0,0.0,0.0,1.0,0.0,1.0,1.0,1.0,0.0
ANALYSIS_PARTIAL_MISSING_TLS_FINISHED_0046,partial_missing_tls_finished_0046,ANALYSIS_PARTIAL_MISSING_TLS_FINISHED_0046_partial_missing_tls_finished_0046,PARTIAL_CAPTURE_MISSING_TLS_FINISHED,PARTIAL_CAPTURE_CHALLENGE,MISSING_TLS_FINISHED,CRITICAL,0.0,0.0,1.0,1.0,1.0,1.0,0.0,0.0,0.0,0.0,0.0,0.0,0.0,1.0,0.0,0.0,2.0,0.0,0.0,1.0,1.0,0.0,1.0,1.0,0.0
ANALYSIS_PARTIAL_MISSING_TLS_FINISHED_0047,partial_missing_tls_finished_0047,ANALYSIS_PARTIAL_MISSING_TLS_FINISHED_0047_partial_missing_tls_finished_0047,PARTIAL_CAPTURE_MISSING_TLS_FINISHED,PARTIAL_CAPTURE_CHALLENGE,MISSING_TLS_FINISHED,LOW,0.0,1.0,0.0,0.0,0.0,0.0,0.0,0.0,0.0,0.0,0.0,0.0,0.0,0.0,1.0,0.0,0.0,0.0,1.0,1.0,1.0,1.0,1.0,1.0,0.0
ANALYSIS_PARTIAL_MISSING_TLS_FINISHED_0048,partial_missing_tls_finished_0048,ANALYSIS_PARTIAL_MISSING_TLS_FINISHED_0048_partial_missing_tls_finished_0048,PARTIAL_CAPTURE_MISSING_TLS_FINISHED,PARTIAL_CAPTURE_CHALLENGE,MISSING_TLS_FINISHED,MEDIUM,0.0,0.0,1.0,0.0,0.0,,,,0.0,0.0,1.0,,1.0,0.0,0.0,0.0,0.0,0.0,0.0,1.0,0.0,0.0,1.0,1.0,0.0
ANALYSIS_PARTIAL_MISSING_TLS_FINISHED_0049,partial_missing_tls_finished_0049,ANALYSIS_PARTIAL_MISSING_TLS_FINISHED_0049_partial_missing_tls_finished_0049,PARTIAL_CAPTURE_MISSING_TLS_FINISHED,PARTIAL_CAPTURE_CHALLENGE,MISSING_TLS_FINISHED,HIGH,0.0,1.0,0.0,1.0,0.0,,,,0.0,0.0,1.0,,0.0,1.0,0.0,0.0,1.0,0.0,0.0,1.0,0.0,1.0,1.0,1.0,0.0
ANALYSIS_PARTIAL_MISSING_TLS_FINISHED_0050,partial_missing_tls_finished_0050,ANALYSIS_PARTIAL_MISSING_TLS_FINISHED_0050_partial_missing_tls_finished_0050,PARTIAL_CAPTURE_MISSING_TLS_FINISHED,PARTIAL_CAPTURE_CHALLENGE,MISSING_TLS_FINISHED,MEDIUM,0.0,1.0,0.0,0.0,0.0,,,,0.0,0.0,1.0,,0.0,0.0,1.0,0.0,0.0,1.0,0.0,1.0,0.0,1.0,1.0,1.0,0.0
ANALYSIS_PARTIAL_MISSING_TLS_FINISHED_0051,partial_missing_tls_finished_0051,ANALYSIS_PARTIAL_MISSING_TLS_FINISHED_0051_partial_missing_tls_finished_0051,PARTIAL_CAPTURE_MISSING_TLS_FINISHED,PARTIAL_CAPTURE_CHALLENGE,MISSING_TLS_FINISHED,HIGH,0.0,1.0,0.0,1.0,0.0,,,,0.0,0.0,1.0,,1.0,0.0,0.0,0.0,1.0,0.0,0.0,1.0,0.0,1.0,1.0,1.0,0.0
ANALYSIS_PARTIAL_MISSING_TLS_FINISHED_0052,partial_missing_tls_finished_0052,ANALYSIS_PARTIAL_MISSING_TLS_FINISHED_0052_partial_missing_tls_finished_0052,PARTIAL_CAPTURE_MISSING_TLS_FINISHED,PARTIAL_CAPTURE_CHALLENGE,MISSING_TLS_FINISHED,HIGH,0.0,0.0,1.0,0.0,0.0,,,,0.0,0.0,0.0,,0.0,1.0,0.0,0.0,1.0,0.0,0.0,1.0,0.0,0.0,1.0,1.0,0.0
ANALYSIS_PARTIAL_MISSING_TLS_FINISHED_0053,partial_missing_tls_finished_0053,ANALYSIS_PARTIAL_MISSING_TLS_FINISHED_0053_partial_missing_tls_finished_0053,PARTIAL_CAPTURE_MISSING_TLS_FINISHED,PARTIAL_CAPTURE_CHALLENGE,MISSING_TLS_FINISHED,HIGH,0.0,0.0,1.0,0.0,0.0,,,,0.0,0.0,0.0,,0.0,0.0,1.0,0.0,1.0,0.0,0.0,1.0,0.0,0.0,1.0,1.0,0.0
ANALYSIS_PARTIAL_MISSING_TLS_FINISHED_0054,partial_missing_tls_finished_0054,ANALYSIS_PARTIAL_MISSING_TLS_FINISHED_0054_partial_missing_tls_finished_0054,PARTIAL_CAPTURE_MISSING_TLS_FINISHED,PARTIAL_CAPTURE_CHALLENGE,MISSING_TLS_FINISHED,HIGH,0.0,1.0,0.0,0.0,1.0,,,,0.0,0.0,0.0,,1.0,0.0,0.0,0.0,1.0,0.0,0.0,1.0,0.0,1.0,1.0,1.0,0.0
ANALYSIS_PARTIAL_MISSING_TLS_FINISHED_0055,partial_missing_tls_finished_0055,ANALYSIS_PARTIAL_MISSING_TLS_FINISHED_0055_partial_missing_tls_finished_0055,PARTIAL_CAPTURE_MISSING_TLS_FINISHED,PARTIAL_CAPTURE_CHALLENGE,MISSING_TLS_FINISHED,LOW,0.0,1.0,0.0,0.0,0.0,0.0,0.0,0.0,0.0,0.0,0.0,0.0,0.0,1.0,0.0,0.0,0.0,0.0,0.0,1.0,1.0,1.0,1.0,1.0,0.0
ANALYSIS_PARTIAL_MISSING_TLS_FINISHED_0056,partial_missing_tls_finished_0056,ANALYSIS_PARTIAL_MISSING_TLS_FINISHED_0056_partial_missing_tls_finished_0056,PARTIAL_CAPTURE_MISSING_TLS_FINISHED,PARTIAL_CAPTURE_CHALLENGE,MISSING_TLS_FINISHED,MEDIUM,0.0,0.0,1.0,0.0,0.0,,,,0.0,0.0,0.0,,0.0,0.0,1.0,0.0,0.0,1.0,0.0,1.0,0.0,0.0,1.0,1.0,0.0
ANALYSIS_PARTIAL_MISSING_TLS_FINISHED_0057,partial_missing_tls_finished_0057,ANALYSIS_PARTIAL_MISSING_TLS_FINISHED_0057_partial_missing_tls_finished_0057,PARTIAL_CAPTURE_MISSING_TLS_FINISHED,PARTIAL_CAPTURE_CHALLENGE,MISSING_TLS_FINISHED,HIGH,0.0,1.0,0.0,0.0,0.0,1.0,0.0,0.0,0.0,0.0,0.0,0.0,1.0,0.0,0.0,0.0,1.0,0.0,0.0,1.0,1.0,1.0,1.0,1.0,0.0
ANALYSIS_PARTIAL_MISSING_TLS_FINISHED_0058,partial_missing_tls_finished_0058,ANALYSIS_PARTIAL_MISSING_TLS_FINISHED_0058_partial_missing_tls_finished_0058,PARTIAL_CAPTURE_MISSING_TLS_FINISHED,PARTIAL_CAPTURE_CHALLENGE,MISSING_TLS_FINISHED,MEDIUM,0.0,0.0,1.0,0.0,0.0,0.0,0.0,0.0,0.0,0.0,1.0,0.0,0.0,1.0,0.0,0.0,0.0,1.0,0.0,1.0,1.0,0.0,1.0,1.0,0.0
ANALYSIS_PARTIAL_MISSING_TLS_FINISHED_0059,partial_missing_tls_finished_0059,ANALYSIS_PARTIAL_MISSING_TLS_FINISHED_0059_partial_missing_tls_finished_0059,PARTIAL_CAPTURE_MISSING_TLS_FINISHED,PARTIAL_CAPTURE_CHALLENGE,MISSING_TLS_FINISHED,CRITICAL,1.0,0.0,0.0,,,,,,0.0,0.0,,,0.0,0.0,1.0,0.0,0.0,0.0,0.0,0.0,0.0,0.0,1.0,1.0,0.0
ANALYSIS_PARTIAL_MISSING_TLS_FINISHED_0060,partial_missing_tls_finished_0060,ANALYSIS_PARTIAL_MISSING_TLS_FINISHED_0060_partial_missing_tls_finished_0060,PARTIAL_CAPTURE_MISSING_TLS_FINISHED,PARTIAL_CAPTURE_CHALLENGE,MISSING_TLS_FINISHED,LOW,0.0,0.0,1.0,0.0,0.0,0.0,0.0,0.0,0.0,0.0,0.0,0.0,1.0,0.0,0.0,0.0,0.0,0.0,0.0,1.0,1.0,0.0,1.0,1.0,0.0
ANALYSIS_PARTIAL_MISSING_TLS_FINISHED_0061,partial_missing_tls_finished_0061,ANALYSIS_PARTIAL_MISSING_TLS_FINISHED_0061_partial_missing_tls_finished_0061,PARTIAL_CAPTURE_MISSING_TLS_FINISHED,PARTIAL_CAPTURE_CHALLENGE,MISSING_TLS_FINISHED,CRITICAL,0.0,1.0,0.0,1.0,1.0,1.0,0.0,0.0,0.0,0.0,0.0,0.0,0.0,1.0,0.0,0.0,2.0,0.0,0.0,1.0,1.0,1.0,1.0,1.0,0.0
ANALYSIS_PARTIAL_MISSING_TLS_FINISHED_0062,partial_missing_tls_finished_0062,ANALYSIS_PARTIAL_MISSING_TLS_FINISHED_0062_partial_missing_tls_finished_0062,PARTIAL_CAPTURE_MISSING_TLS_FINISHED,PARTIAL_CAPTURE_CHALLENGE,MISSING_TLS_FINISHED,HIGH,0.0,0.0,1.0,0.0,0.0,1.0,0.0,0.0,0.0,0.0,0.0,0.0,0.0,0.0,1.0,0.0,1.0,0.0,0.0,1.0,1.0,0.0,1.0,1.0,0.0
ANALYSIS_PARTIAL_MISSING_TLS_FINISHED_0063,partial_missing_tls_finished_0063,ANALYSIS_PARTIAL_MISSING_TLS_FINISHED_0063_partial_missing_tls_finished_0063,PARTIAL_CAPTURE_MISSING_TLS_FINISHED,PARTIAL_CAPTURE_CHALLENGE,MISSING_TLS_FINISHED,MEDIUM,0.0,1.0,0.0,0.0,0.0,,,,0.0,0.0,0.0,,1.0,0.0,0.0,0.0,0.0,1.0,0.0,1.0,0.0,1.0,1.0,1.0,0.0
ANALYSIS_PARTIAL_MISSING_TLS_FINISHED_0064,partial_missing_tls_finished_0064,ANALYSIS_PARTIAL_MISSING_TLS_FINISHED_0064_partial_missing_tls_finished_0064,PARTIAL_CAPTURE_MISSING_TLS_FINISHED,PARTIAL_CAPTURE_CHALLENGE,MISSING_TLS_FINISHED,CRITICAL,0.0,0.0,1.0,1.0,1.0,1.0,0.0,0.0,0.0,0.0,0.0,0.0,0.0,1.0,0.0,0.0,2.0,0.0,0.0,1.0,1.0,0.0,1.0,1.0,0.0
ANALYSIS_PARTIAL_MISSING_TLS_FINISHED_0065,partial_missing_tls_finished_0065,ANALYSIS_PARTIAL_MISSING_TLS_FINISHED_0065_partial_missing_tls_finished_0065,PARTIAL_CAPTURE_MISSING_TLS_FINISHED,PARTIAL_CAPTURE_CHALLENGE,MISSING_TLS_FINISHED,LOW,0.0,1.0,0.0,0.0,0.0,0.0,0.0,0.0,0.0,0.0,0.0,0.0,0.0,0.0,1.0,0.0,0.0,0.0,1.0,1.0,1.0,1.0,1.0,1.0,0.0
ANALYSIS_PARTIAL_MISSING_TLS_FINISHED_0066,partial_missing_tls_finished_0066,ANALYSIS_PARTIAL_MISSING_TLS_FINISHED_0066_partial_missing_tls_finished_0066,PARTIAL_CAPTURE_MISSING_TLS_FINISHED,PARTIAL_CAPTURE_CHALLENGE,MISSING_TLS_FINISHED,LOW,0.0,0.0,1.0,0.0,0.0,,,,0.0,0.0,0.0,,1.0,0.0,0.0,0.0,0.0,0.0,1.0,1.0,0.0,0.0,1.0,1.0,0.0
ANALYSIS_PARTIAL_MISSING_TLS_FINISHED_0067,partial_missing_tls_finished_0067,ANALYSIS_PARTIAL_MISSING_TLS_FINISHED_0067_partial_missing_tls_finished_0067,PARTIAL_CAPTURE_MISSING_TLS_FINISHED,PARTIAL_CAPTURE_CHALLENGE,MISSING_TLS_FINISHED,MEDIUM,0.0,0.0,1.0,0.0,0.0,0.0,0.0,0.0,0.0,0.0,1.0,0.0,0.0,1.0,0.0,0.0,0.0,1.0,0.0,1.0,1.0,0.0,1.0,1.0,0.0
ANALYSIS_PARTIAL_MISSING_TLS_FINISHED_0068,partial_missing_tls_finished_0068,ANALYSIS_PARTIAL_MISSING_TLS_FINISHED_0068_partial_missing_tls_finished_0068,PARTIAL_CAPTURE_MISSING_TLS_FINISHED,PARTIAL_CAPTURE_CHALLENGE,MISSING_TLS_FINISHED,MEDIUM,0.0,1.0,0.0,0.0,0.0,,,,0.0,0.0,1.0,,0.0,0.0,1.0,0.0,0.0,1.0,0.0,1.0,0.0,1.0,1.0,1.0,0.0
ANALYSIS_PARTIAL_MISSING_TLS_FINISHED_0069,partial_missing_tls_finished_0069,ANALYSIS_PARTIAL_MISSING_TLS_FINISHED_0069_partial_missing_tls_finished_0069,PARTIAL_CAPTURE_MISSING_TLS_FINISHED,PARTIAL_CAPTURE_CHALLENGE,MISSING_TLS_FINISHED,HIGH,0.0,1.0,0.0,0.0,1.0,,,,0.0,0.0,0.0,,1.0,0.0,0.0,0.0,1.0,0.0,0.0,1.0,0.0,1.0,1.0,1.0,0.0
ANALYSIS_PARTIAL_MISSING_TLS_FINISHED_0070,partial_missing_tls_finished_0070,ANALYSIS_PARTIAL_MISSING_TLS_FINISHED_0070_partial_missing_tls_finished_0070,PARTIAL_CAPTURE_MISSING_TLS_FINISHED,PARTIAL_CAPTURE_CHALLENGE,MISSING_TLS_FINISHED,CRITICAL,0.0,0.0,1.0,1.0,1.0,1.0,0.0,0.0,0.0,0.0,0.0,0.0,0.0,1.0,0.0,0.0,2.0,0.0,0.0,1.0,1.0,0.0,1.0,1.0,0.0
ANALYSIS_PARTIAL_MISSING_TLS_FINISHED_0071,partial_missing_tls_finished_0071,ANALYSIS_PARTIAL_MISSING_TLS_FINISHED_0071_partial_missing_tls_finished_0071,PARTIAL_CAPTURE_MISSING_TLS_FINISHED,PARTIAL_CAPTURE_CHALLENGE,MISSING_TLS_FINISHED,MEDIUM,0.0,0.0,1.0,0.0,0.0,,,,0.0,0.0,0.0,,0.0,0.0,1.0,0.0,0.0,1.0,0.0,1.0,0.0,0.0,1.0,1.0,0.0
ANALYSIS_PARTIAL_MISSING_TLS_FINISHED_0072,partial_missing_tls_finished_0072,ANALYSIS_PARTIAL_MISSING_TLS_FINISHED_0072_partial_missing_tls_finished_0072,PARTIAL_CAPTURE_MISSING_TLS_FINISHED,PARTIAL_CAPTURE_CHALLENGE,MISSING_TLS_FINISHED,HIGH,0.0,0.0,1.0,1.0,0.0,,,,0.0,0.0,1.0,,1.0,0.0,0.0,0.0,1.0,0.0,0.0,1.0,0.0,0.0,1.0,1.0,0.0
ANALYSIS_PARTIAL_MISSING_TLS_FINISHED_0073,partial_missing_tls_finished_0073,ANALYSIS_PARTIAL_MISSING_TLS_FINISHED_0073_partial_missing_tls_finished_0073,PARTIAL_CAPTURE_MISSING_TLS_FINISHED,PARTIAL_CAPTURE_CHALLENGE,MISSING_TLS_FINISHED,MEDIUM,0.0,0.0,1.0,0.0,0.0,0.0,0.0,0.0,0.0,0.0,1.0,0.0,0.0,1.0,0.0,0.0,0.0,1.0,0.0,1.0,1.0,0.0,1.0,1.0,0.0
ANALYSIS_PARTIAL_MISSING_TLS_FINISHED_0074,partial_missing_tls_finished_0074,ANALYSIS_PARTIAL_MISSING_TLS_FINISHED_0074_partial_missing_tls_finished_0074,PARTIAL_CAPTURE_MISSING_TLS_FINISHED,PARTIAL_CAPTURE_CHALLENGE,MISSING_TLS_FINISHED,LOW,0.0,1.0,0.0,0.0,0.0,0.0,0.0,0.0,0.0,0.0,0.0,0.0,0.0,0.0,1.0,0.0,0.0,0.0,1.0,1.0,1.0,1.0,1.0,1.0,0.0
ANALYSIS_PARTIAL_MISSING_TLS_FINISHED_0075,partial_missing_tls_finished_0075,ANALYSIS_PARTIAL_MISSING_TLS_FINISHED_0075_partial_missing_tls_finished_0075,PARTIAL_CAPTURE_MISSING_TLS_FINISHED,PARTIAL_CAPTURE_CHALLENGE,MISSING_TLS_FINISHED,MEDIUM,0.0,1.0,0.0,0.0,0.0,,,,0.0,0.0,0.0,,1.0,0.0,0.0,0.0,0.0,1.0,0.0,1.0,0.0,1.0,1.0,1.0,0.0
ANALYSIS_PARTIAL_MISSING_TLS_FINISHED_0076,partial_missing_tls_finished_0076,ANALYSIS_PARTIAL_MISSING_TLS_FINISHED_0076_partial_missing_tls_finished_0076,PARTIAL_CAPTURE_MISSING_TLS_FINISHED,PARTIAL_CAPTURE_CHALLENGE,MISSING_TLS_FINISHED,MEDIUM,0.0,1.0,0.0,0.0,0.0,,,,0.0,0.0,0.0,,0.0,1.0,0.0,0.0,0.0,1.0,0.0,1.0,0.0,1.0,1.0,1.0,0.0
ANALYSIS_PARTIAL_MISSING_TLS_FINISHED_0077,partial_missing_tls_finished_0077,ANALYSIS_PARTIAL_MISSING_TLS_FINISHED_0077_partial_missing_tls_finished_0077,PARTIAL_CAPTURE_MISSING_TLS_FINISHED,PARTIAL_CAPTURE_CHALLENGE,MISSING_TLS_FINISHED,CRITICAL,1.0,0.0,0.0,,,,,,1.0,0.0,,,0.0,0.0,1.0,0.0,0.0,0.0,0.0,0.0,0.0,0.0,1.0,1.0,0.0
ANALYSIS_PARTIAL_MISSING_TLS_FINISHED_0078,partial_missing_tls_finished_0078,ANALYSIS_PARTIAL_MISSING_TLS_FINISHED_0078_partial_missing_tls_finished_0078,PARTIAL_CAPTURE_MISSING_TLS_FINISHED,PARTIAL_CAPTURE_CHALLENGE,MISSING_TLS_FINISHED,HIGH,0.0,1.0,0.0,1.0,0.0,0.0,0.0,0.0,0.0,0.0,0.0,0.0,1.0,0.0,0.0,0.0,1.0,0.0,0.0,1.0,1.0,1.0,1.0,1.0,0.0
ANALYSIS_PARTIAL_MISSING_TLS_FINISHED_0079,partial_missing_tls_finished_0079,ANALYSIS_PARTIAL_MISSING_TLS_FINISHED_0079_partial_missing_tls_finished_0079,PARTIAL_CAPTURE_MISSING_TLS_FINISHED,PARTIAL_CAPTURE_CHALLENGE,MISSING_TLS_FINISHED,MEDIUM,0.0,0.0,1.0,0.0,0.0,,,,0.0,0.0,1.0,,0.0,1.0,0.0,0.0,0.0,0.0,1.0,1.0,0.0,0.0,1.0,1.0,0.0
ANALYSIS_PARTIAL_MISSING_TLS_FINISHED_0080,partial_missing_tls_finished_0080,ANALYSIS_PARTIAL_MISSING_TLS_FINISHED_0080_partial_missing_tls_finished_0080,PARTIAL_CAPTURE_MISSING_TLS_FINISHED,PARTIAL_CAPTURE_CHALLENGE,MISSING_TLS_FINISHED,HIGH,0.0,0.0,1.0,0.0,0.0,,,,0.0,0.0,0.0,,0.0,0.0,1.0,0.0,1.0,0.0,0.0,1.0,0.0,0.0,1.0,1.0,0.0
ANALYSIS_PARTIAL_MISSING_TLS_FINISHED_0081,partial_missing_tls_finished_0081,ANALYSIS_PARTIAL_MISSING_TLS_FINISHED_0081_partial_missing_tls_finished_0081,PARTIAL_CAPTURE_MISSING_TLS_FINISHED,PARTIAL_CAPTURE_CHALLENGE,MISSING_TLS_FINISHED,CRITICAL,1.0,0.0,0.0,,,,,,1.0,0.0,,,1.0,0.0,0.0,0.0,0.0,0.0,0.0,0.0,0.0,0.0,1.0,1.0,0.0
ANALYSIS_PARTIAL_MISSING_TLS_FINISHED_0082,partial_missing_tls_finished_0082,ANALYSIS_PARTIAL_MISSING_TLS_FINISHED_0082_partial_missing_tls_finished_0082,PARTIAL_CAPTURE_MISSING_TLS_FINISHED,PARTIAL_CAPTURE_CHALLENGE,MISSING_TLS_FINISHED,HIGH,0.0,0.0,1.0,0.0,1.0,0.0,0.0,0.0,0.0,0.0,0.0,0.0,0.0,1.0,0.0,0.0,1.0,0.0,0.0,1.0,1.0,0.0,1.0,1.0,0.0
ANALYSIS_PARTIAL_MISSING_TLS_FINISHED_0083,partial_missing_tls_finished_0083,ANALYSIS_PARTIAL_MISSING_TLS_FINISHED_0083_partial_missing_tls_finished_0083,PARTIAL_CAPTURE_MISSING_TLS_FINISHED,PARTIAL_CAPTURE_CHALLENGE,MISSING_TLS_FINISHED,HIGH,0.0,1.0,0.0,0.0,1.0,,,,0.0,0.0,0.0,,0.0,0.0,1.0,0.0,1.0,0.0,0.0,1.0,0.0,1.0,1.0,1.0,0.0
ANALYSIS_PARTIAL_MISSING_TLS_FINISHED_0084,partial_missing_tls_finished_0084,ANALYSIS_PARTIAL_MISSING_TLS_FINISHED_0084_partial_missing_tls_finished_0084,PARTIAL_CAPTURE_MISSING_TLS_FINISHED,PARTIAL_CAPTURE_CHALLENGE,MISSING_TLS_FINISHED,CRITICAL,0.0,1.0,0.0,1.0,1.0,1.0,0.0,0.0,0.0,0.0,0.0,0.0,1.0,0.0,0.0,0.0,2.0,0.0,0.0,1.0,1.0,1.0,1.0,1.0,0.0
ANALYSIS_PARTIAL_MISSING_TLS_FINISHED_0085,partial_missing_tls_finished_0085,ANALYSIS_PARTIAL_MISSING_TLS_FINISHED_0085_partial_missing_tls_finished_0085,PARTIAL_CAPTURE_MISSING_TLS_FINISHED,PARTIAL_CAPTURE_CHALLENGE,MISSING_TLS_FINISHED,HIGH,0.0,0.0,1.0,1.0,0.0,,,,0.0,0.0,1.0,,0.0,1.0,0.0,0.0,1.0,0.0,0.0,1.0,0.0,0.0,1.0,1.0,0.0
ANALYSIS_PARTIAL_MISSING_TLS_FINISHED_0086,partial_missing_tls_finished_0086,ANALYSIS_PARTIAL_MISSING_TLS_FINISHED_0086_partial_missing_tls_finished_0086,PARTIAL_CAPTURE_MISSING_TLS_FINISHED,PARTIAL_CAPTURE_CHALLENGE,MISSING_TLS_FINISHED,MEDIUM,0.0,1.0,0.0,0.0,0.0,,,,0.0,0.0,0.0,,0.0,0.0,1.0,0.0,0.0,1.0,0.0,1.0,0.0,1.0,1.0,1.0,0.0
ANALYSIS_PARTIAL_MISSING_TLS_FINISHED_0087,partial_missing_tls_finished_0087,ANALYSIS_PARTIAL_MISSING_TLS_FINISHED_0087_partial_missing_tls_finished_0087,PARTIAL_CAPTURE_MISSING_TLS_FINISHED,PARTIAL_CAPTURE_CHALLENGE,MISSING_TLS_FINISHED,MEDIUM,0.0,0.0,1.0,0.0,0.0,,,,0.0,0.0,1.0,,1.0,0.0,0.0,0.0,0.0,0.0,1.0,1.0,0.0,0.0,1.0,1.0,0.0
ANALYSIS_PARTIAL_MISSING_TLS_FINISHED_0088,partial_missing_tls_finished_0088,ANALYSIS_PARTIAL_MISSING_TLS_FINISHED_0088_partial_missing_tls_finished_0088,PARTIAL_CAPTURE_MISSING_TLS_FINISHED,PARTIAL_CAPTURE_CHALLENGE,MISSING_TLS_FINISHED,HIGH,0.0,0.0,1.0,1.0,0.0,,,,0.0,0.0,1.0,,0.0,1.0,0.0,0.0,1.0,0.0,0.0,1.0,0.0,0.0,1.0,1.0,0.0
ANALYSIS_PARTIAL_MISSING_TLS_FINISHED_0089,partial_missing_tls_finished_0089,ANALYSIS_PARTIAL_MISSING_TLS_FINISHED_0089_partial_missing_tls_finished_0089,PARTIAL_CAPTURE_MISSING_TLS_FINISHED,PARTIAL_CAPTURE_CHALLENGE,MISSING_TLS_FINISHED,HIGH,0.0,0.0,1.0,0.0,1.0,,,,0.0,0.0,0.0,,0.0,0.0,1.0,0.0,1.0,0.0,0.0,1.0,0.0,0.0,1.0,1.0,0.0
ANALYSIS_PARTIAL_MISSING_TLS_FINISHED_0090,partial_missing_tls_finished_0090,ANALYSIS_PARTIAL_MISSING_TLS_FINISHED_0090_partial_missing_tls_finished_0090,PARTIAL_CAPTURE_MISSING_TLS_FINISHED,PARTIAL_CAPTURE_CHALLENGE,MISSING_TLS_FINISHED,HIGH,0.0,0.0,1.0,0.0,1.0,,,,0.0,0.0,0.0,,1.0,0.0,0.0,0.0,1.0,0.0,0.0,1.0,0.0,0.0,1.0,1.0,0.0
ANALYSIS_PARTIAL_MISSING_TLS_FINISHED_0091,partial_missing_tls_finished_0091,ANALYSIS_PARTIAL_MISSING_TLS_FINISHED_0091_partial_missing_tls_finished_0091,PARTIAL_CAPTURE_MISSING_TLS_FINISHED,PARTIAL_CAPTURE_CHALLENGE,MISSING_TLS_FINISHED,LOW,0.0,1.0,0.0,0.0,0.0,0.0,0.0,0.0,0.0,0.0,0.0,0.0,0.0,1.0,0.0,0.0,0.0,0.0,0.0,1.0,1.0,1.0,1.0,1.0,0.0
ANALYSIS_PARTIAL_MISSING_TLS_FINISHED_0092,partial_missing_tls_finished_0092,ANALYSIS_PARTIAL_MISSING_TLS_FINISHED_0092_partial_missing_tls_finished_0092,PARTIAL_CAPTURE_MISSING_TLS_FINISHED,PARTIAL_CAPTURE_CHALLENGE,MISSING_TLS_FINISHED,HIGH,0.0,1.0,0.0,0.0,0.0,,,,0.0,0.0,0.0,,0.0,0.0,1.0,0.0,1.0,0.0,0.0,1.0,0.0,1.0,1.0,1.0,0.0
ANALYSIS_PARTIAL_MISSING_TLS_FINISHED_0093,partial_missing_tls_finished_0093,ANALYSIS_PARTIAL_MISSING_TLS_FINISHED_0093_partial_missing_tls_finished_0093,PARTIAL_CAPTURE_MISSING_TLS_FINISHED,PARTIAL_CAPTURE_CHALLENGE,MISSING_TLS_FINISHED,MEDIUM,0.0,0.0,1.0,0.0,0.0,,,,0.0,0.0,0.0,,1.0,0.0,0.0,0.0,0.0,1.0,0.0,1.0,0.0,0.0,1.0,1.0,0.0
ANALYSIS_PARTIAL_MISSING_TLS_FINISHED_0094,partial_missing_tls_finished_0094,ANALYSIS_PARTIAL_MISSING_TLS_FINISHED_0094_partial_missing_tls_finished_0094,PARTIAL_CAPTURE_MISSING_TLS_FINISHED,PARTIAL_CAPTURE_CHALLENGE,MISSING_TLS_FINISHED,MEDIUM,0.0,0.0,1.0,0.0,0.0,,,,0.0,0.0,0.0,,0.0,1.0,0.0,0.0,0.0,1.0,0.0,1.0,0.0,0.0,1.0,1.0,0.0
ANALYSIS_PARTIAL_MISSING_TLS_FINISHED_0095,partial_missing_tls_finished_0095,ANALYSIS_PARTIAL_MISSING_TLS_FINISHED_0095_partial_missing_tls_finished_0095,PARTIAL_CAPTURE_MISSING_TLS_FINISHED,PARTIAL_CAPTURE_CHALLENGE,MISSING_TLS_FINISHED,MEDIUM,0.0,1.0,0.0,0.0,0.0,,,,0.0,0.0,0.0,,0.0,0.0,1.0,0.0,0.0,1.0,0.0,1.0,0.0,1.0,1.0,1.0,0.0
ANALYSIS_PARTIAL_MISSING_TLS_FINISHED_0096,partial_missing_tls_finished_0096,ANALYSIS_PARTIAL_MISSING_TLS_FINISHED_0096_partial_missing_tls_finished_0096,PARTIAL_CAPTURE_MISSING_TLS_FINISHED,PARTIAL_CAPTURE_CHALLENGE,MISSING_TLS_FINISHED,MEDIUM,0.0,0.0,1.0,0.0,0.0,,,,0.0,0.0,0.0,,1.0,0.0,0.0,0.0,0.0,1.0,0.0,1.0,0.0,0.0,1.0,1.0,0.0
ANALYSIS_PARTIAL_MISSING_TLS_FINISHED_0097,partial_missing_tls_finished_0097,ANALYSIS_PARTIAL_MISSING_TLS_FINISHED_0097_partial_missing_tls_finished_0097,PARTIAL_CAPTURE_MISSING_TLS_FINISHED,PARTIAL_CAPTURE_CHALLENGE,MISSING_TLS_FINISHED,LOW,0.0,1.0,0.0,0.0,0.0,0.0,0.0,0.0,0.0,0.0,0.0,0.0,0.0,1.0,0.0,0.0,0.0,0.0,0.0,1.0,1.0,1.0,1.0,1.0,0.0
ANALYSIS_PARTIAL_MISSING_TLS_FINISHED_0098,partial_missing_tls_finished_0098,ANALYSIS_PARTIAL_MISSING_TLS_FINISHED_0098_partial_missing_tls_finished_0098,PARTIAL_CAPTURE_MISSING_TLS_FINISHED,PARTIAL_CAPTURE_CHALLENGE,MISSING_TLS_FINISHED,CRITICAL,0.0,0.0,1.0,1.0,1.0,1.0,0.0,0.0,0.0,0.0,0.0,0.0,0.0,0.0,1.0,0.0,2.0,0.0,0.0,1.0,1.0,0.0,1.0,1.0,0.0
ANALYSIS_PARTIAL_MISSING_TLS_FINISHED_0099,partial_missing_tls_finished_0099,ANALYSIS_PARTIAL_MISSING_TLS_FINISHED_0099_partial_missing_tls_finished_0099,PARTIAL_CAPTURE_MISSING_TLS_FINISHED,PARTIAL_CAPTURE_CHALLENGE,MISSING_TLS_FINISHED,HIGH,0.0,0.0,1.0,1.0,1.0,,,,0.0,0.0,0.0,,1.0,0.0,0.0,0.0,2.0,0.0,0.0,1.0,0.0,0.0,1.0,1.0,0.0
ANALYSIS_PARTIAL_TRUNCATED_SESSION_0000,partial_truncated_session_0000,ANALYSIS_PARTIAL_TRUNCATED_SESSION_0000_partial_truncated_session_0000,PARTIAL_CAPTURE_TRUNCATED_SESSION,PARTIAL_CAPTURE_CHALLENGE,TRUNCATED_SESSION,CRITICAL,1.0,0.0,0.0,,,,,,1.0,0.0,,,1.0,0.0,0.0,0.0,0.0,0.0,0.0,0.0,0.0,0.0,1.0,1.0,0.0
ANALYSIS_PARTIAL_TRUNCATED_SESSION_0001,partial_truncated_session_0001,ANALYSIS_PARTIAL_TRUNCATED_SESSION_0001_partial_truncated_session_0001,PARTIAL_CAPTURE_TRUNCATED_SESSION,PARTIAL_CAPTURE_CHALLENGE,TRUNCATED_SESSION,HIGH,0.0,0.0,1.0,0.0,1.0,0.0,0.0,0.0,0.0,0.0,0.0,0.0,0.0,1.0,0.0,0.0,1.0,0.0,0.0,1.0,1.0,0.0,1.0,1.0,0.0
ANALYSIS_PARTIAL_TRUNCATED_SESSION_0002,partial_truncated_session_0002,ANALYSIS_PARTIAL_TRUNCATED_SESSION_0002_partial_truncated_session_0002,PARTIAL_CAPTURE_TRUNCATED_SESSION,PARTIAL_CAPTURE_CHALLENGE,TRUNCATED_SESSION,HIGH,0.0,1.0,0.0,0.0,0.0,1.0,0.0,0.0,0.0,0.0,0.0,0.0,0.0,0.0,1.0,0.0,1.0,0.0,0.0,1.0,1.0,1.0,1.0,1.0,0.0
ANALYSIS_PARTIAL_TRUNCATED_SESSION_0003,partial_truncated_session_0003,ANALYSIS_PARTIAL_TRUNCATED_SESSION_0003_partial_truncated_session_0003,PARTIAL_CAPTURE_TRUNCATED_SESSION,PARTIAL_CAPTURE_CHALLENGE,TRUNCATED_SESSION,MEDIUM,0.0,0.0,1.0,0.0,0.0,0.0,0.0,0.0,0.0,0.0,0.0,1.0,1.0,0.0,0.0,0.0,0.0,1.0,0.0,1.0,1.0,0.0,1.0,1.0,0.0
ANALYSIS_PARTIAL_TRUNCATED_SESSION_0004,partial_truncated_session_0004,ANALYSIS_PARTIAL_TRUNCATED_SESSION_0004_partial_truncated_session_0004,PARTIAL_CAPTURE_TRUNCATED_SESSION,PARTIAL_CAPTURE_CHALLENGE,TRUNCATED_SESSION,MEDIUM,0.0,0.0,1.0,0.0,0.0,0.0,0.0,0.0,0.0,0.0,0.0,1.0,0.0,1.0,0.0,0.0,0.0,1.0,0.0,1.0,1.0,0.0,1.0,1.0,0.0
ANALYSIS_PARTIAL_TRUNCATED_SESSION_0005,partial_truncated_session_0005,ANALYSIS_PARTIAL_TRUNCATED_SESSION_0005_partial_truncated_session_0005,PARTIAL_CAPTURE_TRUNCATED_SESSION,PARTIAL_CAPTURE_CHALLENGE,TRUNCATED_SESSION,LOW,0.0,1.0,0.0,0.0,0.0,0.0,0.0,0.0,,0.0,0.0,0.0,0.0,0.0,1.0,0.0,0.0,0.0,1.0,1.0,1.0,1.0,0.0,1.0,0.0
ANALYSIS_PARTIAL_TRUNCATED_SESSION_0006,partial_truncated_session_0006,ANALYSIS_PARTIAL_TRUNCATED_SESSION_0006_partial_truncated_session_0006,PARTIAL_CAPTURE_TRUNCATED_SESSION,PARTIAL_CAPTURE_CHALLENGE,TRUNCATED_SESSION,LOW,0.0,0.0,1.0,0.0,0.0,0.0,0.0,0.0,,0.0,0.0,0.0,1.0,0.0,0.0,0.0,0.0,0.0,0.0,1.0,1.0,0.0,0.0,1.0,0.0
ANALYSIS_PARTIAL_TRUNCATED_SESSION_0007,partial_truncated_session_0007,ANALYSIS_PARTIAL_TRUNCATED_SESSION_0007_partial_truncated_session_0007,PARTIAL_CAPTURE_TRUNCATED_SESSION,PARTIAL_CAPTURE_CHALLENGE,TRUNCATED_SESSION,HIGH,0.0,0.0,1.0,1.0,0.0,0.0,0.0,0.0,0.0,0.0,1.0,0.0,0.0,1.0,0.0,0.0,1.0,0.0,0.0,1.0,1.0,0.0,1.0,1.0,0.0
ANALYSIS_PARTIAL_TRUNCATED_SESSION_0008,partial_truncated_session_0008,ANALYSIS_PARTIAL_TRUNCATED_SESSION_0008_partial_truncated_session_0008,PARTIAL_CAPTURE_TRUNCATED_SESSION,PARTIAL_CAPTURE_CHALLENGE,TRUNCATED_SESSION,CRITICAL,1.0,0.0,0.0,,,,,,1.0,0.0,,,0.0,0.0,1.0,0.0,0.0,0.0,0.0,0.0,0.0,0.0,1.0,1.0,0.0
ANALYSIS_PARTIAL_TRUNCATED_SESSION_0009,partial_truncated_session_0009,ANALYSIS_PARTIAL_TRUNCATED_SESSION_0009_partial_truncated_session_0009,PARTIAL_CAPTURE_TRUNCATED_SESSION,PARTIAL_CAPTURE_CHALLENGE,TRUNCATED_SESSION,MEDIUM,0.0,1.0,0.0,0.0,0.0,0.0,0.0,0.0,,0.0,1.0,0.0,1.0,0.0,0.0,0.0,0.0,1.0,0.0,1.0,1.0,1.0,0.0,1.0,0.0
ANALYSIS_PARTIAL_TRUNCATED_SESSION_0010,partial_truncated_session_0010,ANALYSIS_PARTIAL_TRUNCATED_SESSION_0010_partial_truncated_session_0010,PARTIAL_CAPTURE_TRUNCATED_SESSION,PARTIAL_CAPTURE_CHALLENGE,TRUNCATED_SESSION,HIGH,0.0,1.0,0.0,1.0,0.0,0.0,0.0,0.0,,0.0,1.0,0.0,0.0,1.0,0.0,0.0,1.0,0.0,0.0,1.0,1.0,1.0,0.0,1.0,0.0
ANALYSIS_PARTIAL_TRUNCATED_SESSION_0011,partial_truncated_session_0011,ANALYSIS_PARTIAL_TRUNCATED_SESSION_0011_partial_truncated_session_0011,PARTIAL_CAPTURE_TRUNCATED_SESSION,PARTIAL_CAPTURE_CHALLENGE,TRUNCATED_SESSION,HIGH,0.0,1.0,0.0,0.0,0.0,1.0,0.0,0.0,0.0,0.0,0.0,0.0,0.0,0.0,1.0,0.0,1.0,0.0,0.0,1.0,1.0,1.0,1.0,1.0,0.0
ANALYSIS_PARTIAL_TRUNCATED_SESSION_0012,partial_truncated_session_0012,ANALYSIS_PARTIAL_TRUNCATED_SESSION_0012_partial_truncated_session_0012,PARTIAL_CAPTURE_TRUNCATED_SESSION,PARTIAL_CAPTURE_CHALLENGE,TRUNCATED_SESSION,LOW,0.0,0.0,1.0,0.0,0.0,0.0,0.0,0.0,,0.0,0.0,0.0,1.0,0.0,0.0,0.0,0.0,0.0,0.0,1.0,1.0,0.0,0.0,1.0,0.0
ANALYSIS_PARTIAL_TRUNCATED_SESSION_0013,partial_truncated_session_0013,ANALYSIS_PARTIAL_TRUNCATED_SESSION_0013_partial_truncated_session_0013,PARTIAL_CAPTURE_TRUNCATED_SESSION,PARTIAL_CAPTURE_CHALLENGE,TRUNCATED_SESSION,CRITICAL,1.0,0.0,0.0,,,,,,,0.0,,,0.0,1.0,0.0,0.0,0.0,0.0,0.0,0.0,0.0,0.0,0.0,1.0,0.0
ANALYSIS_PARTIAL_TRUNCATED_SESSION_0014,partial_truncated_session_0014,ANALYSIS_PARTIAL_TRUNCATED_SESSION_0014_partial_truncated_session_0014,PARTIAL_CAPTURE_TRUNCATED_SESSION,PARTIAL_CAPTURE_CHALLENGE,TRUNCATED_SESSION,LOW,0.0,1.0,0.0,0.0,0.0,0.0,0.0,0.0,0.0,0.0,0.0,0.0,0.0,0.0,1.0,0.0,0.0,0.0,1.0,1.0,1.0,1.0,1.0,1.0,0.0
ANALYSIS_PARTIAL_TRUNCATED_SESSION_0015,partial_truncated_session_0015,ANALYSIS_PARTIAL_TRUNCATED_SESSION_0015_partial_truncated_session_0015,PARTIAL_CAPTURE_TRUNCATED_SESSION,PARTIAL_CAPTURE_CHALLENGE,TRUNCATED_SESSION,LOW,0.0,1.0,0.0,0.0,0.0,0.0,0.0,0.0,,0.0,0.0,0.0,1.0,0.0,0.0,0.0,0.0,0.0,1.0,1.0,1.0,1.0,0.0,1.0,0.0
ANALYSIS_PARTIAL_TRUNCATED_SESSION_0016,partial_truncated_session_0016,ANALYSIS_PARTIAL_TRUNCATED_SESSION_0016_partial_truncated_session_0016,PARTIAL_CAPTURE_TRUNCATED_SESSION,PARTIAL_CAPTURE_CHALLENGE,TRUNCATED_SESSION,LOW,0.0,0.0,1.0,0.0,0.0,0.0,0.0,0.0,,0.0,0.0,0.0,0.0,1.0,0.0,0.0,0.0,0.0,0.0,1.0,1.0,0.0,0.0,1.0,0.0
ANALYSIS_PARTIAL_TRUNCATED_SESSION_0017,partial_truncated_session_0017,ANALYSIS_PARTIAL_TRUNCATED_SESSION_0017_partial_truncated_session_0017,PARTIAL_CAPTURE_TRUNCATED_SESSION,PARTIAL_CAPTURE_CHALLENGE,TRUNCATED_SESSION,HIGH,0.0,0.0,1.0,1.0,0.0,0.0,0.0,0.0,0.0,0.0,1.0,0.0,0.0,0.0,1.0,0.0,1.0,0.0,0.0,1.0,1.0,0.0,1.0,1.0,0.0
ANALYSIS_PARTIAL_TRUNCATED_SESSION_0018,partial_truncated_session_0018,ANALYSIS_PARTIAL_TRUNCATED_SESSION_0018_partial_truncated_session_0018,PARTIAL_CAPTURE_TRUNCATED_SESSION,PARTIAL_CAPTURE_CHALLENGE,TRUNCATED_SESSION,CRITICAL,0.0,1.0,0.0,0.0,0.0,0.0,0.0,0.0,,0.0,0.0,0.0,1.0,0.0,0.0,1.0,0.0,0.0,0.0,1.0,1.0,1.0,0.0,1.0,0.0
ANALYSIS_PARTIAL_TRUNCATED_SESSION_0019,partial_truncated_session_0019,ANALYSIS_PARTIAL_TRUNCATED_SESSION_0019_partial_truncated_session_0019,PARTIAL_CAPTURE_TRUNCATED_SESSION,PARTIAL_CAPTURE_CHALLENGE,TRUNCATED_SESSION,CRITICAL,1.0,0.0,0.0,,,,,,,0.0,,,0.0,1.0,0.0,0.0,0.0,0.0,0.0,0.0,0.0,0.0,0.0,1.0,0.0
ANALYSIS_PARTIAL_TRUNCATED_SESSION_0020,partial_truncated_session_0020,ANALYSIS_PARTIAL_TRUNCATED_SESSION_0020_partial_truncated_session_0020,PARTIAL_CAPTURE_TRUNCATED_SESSION,PARTIAL_CAPTURE_CHALLENGE,TRUNCATED_SESSION,CRITICAL,1.0,0.0,0.0,,,,,,0.0,0.0,,,0.0,0.0,1.0,0.0,0.0,0.0,0.0,0.0,0.0,0.0,1.0,1.0,0.0
ANALYSIS_PARTIAL_TRUNCATED_SESSION_0021,partial_truncated_session_0021,ANALYSIS_PARTIAL_TRUNCATED_SESSION_0021_partial_truncated_session_0021,PARTIAL_CAPTURE_TRUNCATED_SESSION,PARTIAL_CAPTURE_CHALLENGE,TRUNCATED_SESSION,MEDIUM,0.0,1.0,0.0,0.0,0.0,0.0,0.0,0.0,,0.0,0.0,1.0,1.0,0.0,0.0,0.0,0.0,1.0,0.0,1.0,1.0,1.0,0.0,1.0,0.0
ANALYSIS_PARTIAL_TRUNCATED_SESSION_0022,partial_truncated_session_0022,ANALYSIS_PARTIAL_TRUNCATED_SESSION_0022_partial_truncated_session_0022,PARTIAL_CAPTURE_TRUNCATED_SESSION,PARTIAL_CAPTURE_CHALLENGE,TRUNCATED_SESSION,MEDIUM,0.0,0.0,1.0,0.0,0.0,0.0,0.0,0.0,0.0,0.0,1.0,0.0,0.0,1.0,0.0,0.0,0.0,1.0,0.0,1.0,1.0,0.0,1.0,1.0,0.0
ANALYSIS_PARTIAL_TRUNCATED_SESSION_0023,partial_truncated_session_0023,ANALYSIS_PARTIAL_TRUNCATED_SESSION_0023_partial_truncated_session_0023,PARTIAL_CAPTURE_TRUNCATED_SESSION,PARTIAL_CAPTURE_CHALLENGE,TRUNCATED_SESSION,CRITICAL,0.0,0.0,1.0,1.0,1.0,1.0,0.0,0.0,0.0,0.0,0.0,0.0,0.0,0.0,1.0,0.0,2.0,0.0,0.0,1.0,1.0,0.0,1.0,1.0,0.0
ANALYSIS_PARTIAL_TRUNCATED_SESSION_0024,partial_truncated_session_0024,ANALYSIS_PARTIAL_TRUNCATED_SESSION_0024_partial_truncated_session_0024,PARTIAL_CAPTURE_TRUNCATED_SESSION,PARTIAL_CAPTURE_CHALLENGE,TRUNCATED_SESSION,CRITICAL,0.0,1.0,0.0,1.0,1.0,1.0,0.0,0.0,,0.0,0.0,0.0,1.0,0.0,0.0,0.0,2.0,0.0,0.0,1.0,1.0,1.0,0.0,1.0,0.0
ANALYSIS_PARTIAL_TRUNCATED_SESSION_0025,partial_truncated_session_0025,ANALYSIS_PARTIAL_TRUNCATED_SESSION_0025_partial_truncated_session_0025,PARTIAL_CAPTURE_TRUNCATED_SESSION,PARTIAL_CAPTURE_CHALLENGE,TRUNCATED_SESSION,MEDIUM,0.0,0.0,1.0,0.0,0.0,0.0,0.0,0.0,0.0,0.0,0.0,1.0,0.0,1.0,0.0,0.0,0.0,1.0,0.0,1.0,1.0,0.0,1.0,1.0,0.0
ANALYSIS_PARTIAL_TRUNCATED_SESSION_0026,partial_truncated_session_0026,ANALYSIS_PARTIAL_TRUNCATED_SESSION_0026_partial_truncated_session_0026,PARTIAL_CAPTURE_TRUNCATED_SESSION,PARTIAL_CAPTURE_CHALLENGE,TRUNCATED_SESSION,HIGH,0.0,0.0,1.0,0.0,1.0,0.0,0.0,0.0,0.0,0.0,0.0,0.0,0.0,0.0,1.0,0.0,1.0,0.0,0.0,1.0,1.0,0.0,1.0,1.0,0.0
ANALYSIS_PARTIAL_TRUNCATED_SESSION_0027,partial_truncated_session_0027,ANALYSIS_PARTIAL_TRUNCATED_SESSION_0027_partial_truncated_session_0027,PARTIAL_CAPTURE_TRUNCATED_SESSION,PARTIAL_CAPTURE_CHALLENGE,TRUNCATED_SESSION,HIGH,0.0,1.0,0.0,0.0,0.0,1.0,0.0,0.0,,0.0,0.0,0.0,1.0,0.0,0.0,0.0,1.0,0.0,0.0,1.0,1.0,1.0,0.0,1.0,0.0
ANALYSIS_PARTIAL_TRUNCATED_SESSION_0028,partial_truncated_session_0028,ANALYSIS_PARTIAL_TRUNCATED_SESSION_0028_partial_truncated_session_0028,PARTIAL_CAPTURE_TRUNCATED_SESSION,PARTIAL_CAPTURE_CHALLENGE,TRUNCATED_SESSION,MEDIUM,0.0,0.0,1.0,0.0,0.0,0.0,0.0,0.0,0.0,0.0,1.0,0.0,0.0,1.0,0.0,0.0,0.0,1.0,0.0,1.0,1.0,0.0,1.0,1.0,0.0
ANALYSIS_PARTIAL_TRUNCATED_SESSION_0029,partial_truncated_session_0029,ANALYSIS_PARTIAL_TRUNCATED_SESSION_0029_partial_truncated_session_0029,PARTIAL_CAPTURE_TRUNCATED_SESSION,PARTIAL_CAPTURE_CHALLENGE,TRUNCATED_SESSION,CRITICAL,1.0,0.0,0.0,,,,,,,0.0,,,0.0,0.0,1.0,0.0,0.0,0.0,0.0,0.0,0.0,0.0,0.0,1.0,0.0
ANALYSIS_PARTIAL_TRUNCATED_SESSION_0030,partial_truncated_session_0030,ANALYSIS_PARTIAL_TRUNCATED_SESSION_0030_partial_truncated_session_0030,PARTIAL_CAPTURE_TRUNCATED_SESSION,PARTIAL_CAPTURE_CHALLENGE,TRUNCATED_SESSION,MEDIUM,0.0,1.0,0.0,0.0,0.0,0.0,0.0,0.0,,0.0,0.0,1.0,1.0,0.0,0.0,0.0,0.0,1.0,0.0,1.0,1.0,1.0,0.0,1.0,0.0
ANALYSIS_PARTIAL_TRUNCATED_SESSION_0031,partial_truncated_session_0031,ANALYSIS_PARTIAL_TRUNCATED_SESSION_0031_partial_truncated_session_0031,PARTIAL_CAPTURE_TRUNCATED_SESSION,PARTIAL_CAPTURE_CHALLENGE,TRUNCATED_SESSION,HIGH,0.0,0.0,1.0,0.0,1.0,0.0,0.0,0.0,,0.0,0.0,0.0,0.0,1.0,0.0,0.0,1.0,0.0,0.0,1.0,1.0,0.0,0.0,1.0,0.0
ANALYSIS_PARTIAL_TRUNCATED_SESSION_0032,partial_truncated_session_0032,ANALYSIS_PARTIAL_TRUNCATED_SESSION_0032_partial_truncated_session_0032,PARTIAL_CAPTURE_TRUNCATED_SESSION,PARTIAL_CAPTURE_CHALLENGE,TRUNCATED_SESSION,MEDIUM,0.0,0.0,1.0,0.0,0.0,0.0,0.0,0.0,,0.0,0.0,1.0,0.0,0.0,1.0,0.0,0.0,1.0,0.0,1.0,1.0,0.0,0.0,1.0,0.0
ANALYSIS_PARTIAL_TRUNCATED_SESSION_0033,partial_truncated_session_0033,ANALYSIS_PARTIAL_TRUNCATED_SESSION_0033_partial_truncated_session_0033,PARTIAL_CAPTURE_TRUNCATED_SESSION,PARTIAL_CAPTURE_CHALLENGE,TRUNCATED_SESSION,MEDIUM,0.0,0.0,1.0,0.0,0.0,0.0,0.0,0.0,0.0,0.0,0.0,1.0,1.0,0.0,0.0,0.0,0.0,1.0,0.0,1.0,1.0,0.0,1.0,1.0,0.0
ANALYSIS_PARTIAL_TRUNCATED_SESSION_0034,partial_truncated_session_0034,ANALYSIS_PARTIAL_TRUNCATED_SESSION_0034_partial_truncated_session_0034,PARTIAL_CAPTURE_TRUNCATED_SESSION,PARTIAL_CAPTURE_CHALLENGE,TRUNCATED_SESSION,MEDIUM,0.0,1.0,0.0,0.0,0.0,0.0,0.0,0.0,,0.0,1.0,0.0,0.0,1.0,0.0,0.0,0.0,1.0,0.0,1.0,1.0,1.0,0.0,1.0,0.0
ANALYSIS_PARTIAL_TRUNCATED_SESSION_0035,partial_truncated_session_0035,ANALYSIS_PARTIAL_TRUNCATED_SESSION_0035_partial_truncated_session_0035,PARTIAL_CAPTURE_TRUNCATED_SESSION,PARTIAL_CAPTURE_CHALLENGE,TRUNCATED_SESSION,HIGH,0.0,0.0,1.0,0.0,1.0,0.0,0.0,0.0,0.0,0.0,0.0,0.0,0.0,0.0,1.0,0.0,1.0,0.0,0.0,1.0,1.0,0.0,1.0,1.0,0.0
ANALYSIS_PARTIAL_TRUNCATED_SESSION_0036,partial_truncated_session_0036,ANALYSIS_PARTIAL_TRUNCATED_SESSION_0036_partial_truncated_session_0036,PARTIAL_CAPTURE_TRUNCATED_SESSION,PARTIAL_CAPTURE_CHALLENGE,TRUNCATED_SESSION,LOW,0.0,0.0,1.0,0.0,0.0,0.0,0.0,0.0,0.0,0.0,0.0,0.0,1.0,0.0,0.0,0.0,0.0,0.0,0.0,1.0,1.0,0.0,1.0,1.0,0.0
ANALYSIS_PARTIAL_TRUNCATED_SESSION_0037,partial_truncated_session_0037,ANALYSIS_PARTIAL_TRUNCATED_SESSION_0037_partial_truncated_session_0037,PARTIAL_CAPTURE_TRUNCATED_SESSION,PARTIAL_CAPTURE_CHALLENGE,TRUNCATED_SESSION,LOW,0.0,1.0,0.0,0.0,0.0,0.0,0.0,0.0,0.0,0.0,0.0,0.0,0.0,1.0,0.0,0.0,0.0,0.0,0.0,1.0,1.0,1.0,1.0,1.0,0.0
ANALYSIS_PARTIAL_TRUNCATED_SESSION_0038,partial_truncated_session_0038,ANALYSIS_PARTIAL_TRUNCATED_SESSION_0038_partial_truncated_session_0038,PARTIAL_CAPTURE_TRUNCATED_SESSION,PARTIAL_CAPTURE_CHALLENGE,TRUNCATED_SESSION,HIGH,0.0,0.0,1.0,0.0,1.0,0.0,0.0,0.0,0.0,0.0,0.0,0.0,0.0,0.0,1.0,0.0,1.0,0.0,0.0,1.0,1.0,0.0,1.0,1.0,0.0
ANALYSIS_PARTIAL_TRUNCATED_SESSION_0039,partial_truncated_session_0039,ANALYSIS_PARTIAL_TRUNCATED_SESSION_0039_partial_truncated_session_0039,PARTIAL_CAPTURE_TRUNCATED_SESSION,PARTIAL_CAPTURE_CHALLENGE,TRUNCATED_SESSION,LOW,0.0,0.0,1.0,0.0,0.0,0.0,0.0,0.0,0.0,0.0,0.0,0.0,1.0,0.0,0.0,0.0,0.0,0.0,0.0,1.0,1.0,0.0,1.0,1.0,0.0
ANALYSIS_PARTIAL_TRUNCATED_SESSION_0040,partial_truncated_session_0040,ANALYSIS_PARTIAL_TRUNCATED_SESSION_0040_partial_truncated_session_0040,PARTIAL_CAPTURE_TRUNCATED_SESSION,PARTIAL_CAPTURE_CHALLENGE,TRUNCATED_SESSION,LOW,0.0,1.0,0.0,0.0,0.0,0.0,0.0,0.0,,0.0,0.0,0.0,0.0,1.0,0.0,0.0,0.0,0.0,0.0,1.0,1.0,1.0,0.0,1.0,0.0
ANALYSIS_PARTIAL_TRUNCATED_SESSION_0041,partial_truncated_session_0041,ANALYSIS_PARTIAL_TRUNCATED_SESSION_0041_partial_truncated_session_0041,PARTIAL_CAPTURE_TRUNCATED_SESSION,PARTIAL_CAPTURE_CHALLENGE,TRUNCATED_SESSION,CRITICAL,0.0,0.0,1.0,1.0,1.0,1.0,0.0,0.0,0.0,0.0,0.0,0.0,0.0,0.0,1.0,0.0,2.0,0.0,0.0,1.0,1.0,0.0,1.0,1.0,0.0
ANALYSIS_PARTIAL_TRUNCATED_SESSION_0042,partial_truncated_session_0042,ANALYSIS_PARTIAL_TRUNCATED_SESSION_0042_partial_truncated_session_0042,PARTIAL_CAPTURE_TRUNCATED_SESSION,PARTIAL_CAPTURE_CHALLENGE,TRUNCATED_SESSION,LOW,0.0,0.0,1.0,0.0,0.0,0.0,0.0,0.0,0.0,0.0,0.0,0.0,1.0,0.0,0.0,0.0,0.0,0.0,0.0,1.0,1.0,0.0,1.0,1.0,0.0
ANALYSIS_PARTIAL_TRUNCATED_SESSION_0043,partial_truncated_session_0043,ANALYSIS_PARTIAL_TRUNCATED_SESSION_0043_partial_truncated_session_0043,PARTIAL_CAPTURE_TRUNCATED_SESSION,PARTIAL_CAPTURE_CHALLENGE,TRUNCATED_SESSION,HIGH,0.0,1.0,0.0,1.0,0.0,0.0,0.0,0.0,,0.0,1.0,0.0,0.0,1.0,0.0,0.0,1.0,0.0,0.0,1.0,1.0,1.0,0.0,1.0,0.0
ANALYSIS_PARTIAL_TRUNCATED_SESSION_0044,partial_truncated_session_0044,ANALYSIS_PARTIAL_TRUNCATED_SESSION_0044_partial_truncated_session_0044,PARTIAL_CAPTURE_TRUNCATED_SESSION,PARTIAL_CAPTURE_CHALLENGE,TRUNCATED_SESSION,CRITICAL,0.0,0.0,1.0,1.0,1.0,1.0,0.0,0.0,,0.0,0.0,0.0,0.0,0.0,1.0,0.0,2.0,0.0,0.0,1.0,1.0,0.0,0.0,1.0,0.0
ANALYSIS_PARTIAL_TRUNCATED_SESSION_0045,partial_truncated_session_0045,ANALYSIS_PARTIAL_TRUNCATED_SESSION_0045_partial_truncated_session_0045,PARTIAL_CAPTURE_TRUNCATED_SESSION,PARTIAL_CAPTURE_CHALLENGE,TRUNCATED_SESSION,LOW,0.0,1.0,0.0,0.0,0.0,0.0,0.0,0.0,,0.0,0.0,0.0,1.0,0.0,0.0,0.0,0.0,0.0,1.0,1.0,1.0,1.0,0.0,1.0,0.0
ANALYSIS_PARTIAL_TRUNCATED_SESSION_0046,partial_truncated_session_0046,ANALYSIS_PARTIAL_TRUNCATED_SESSION_0046_partial_truncated_session_0046,PARTIAL_CAPTURE_TRUNCATED_SESSION,PARTIAL_CAPTURE_CHALLENGE,TRUNCATED_SESSION,MEDIUM,0.0,1.0,0.0,0.0,0.0,0.0,0.0,0.0,,0.0,1.0,0.0,0.0,1.0,0.0,0.0,0.0,1.0,0.0,1.0,1.0,1.0,0.0,1.0,0.0
ANALYSIS_PARTIAL_TRUNCATED_SESSION_0047,partial_truncated_session_0047,ANALYSIS_PARTIAL_TRUNCATED_SESSION_0047_partial_truncated_session_0047,PARTIAL_CAPTURE_TRUNCATED_SESSION,PARTIAL_CAPTURE_CHALLENGE,TRUNCATED_SESSION,HIGH,0.0,1.0,0.0,0.0,0.0,1.0,0.0,0.0,,0.0,0.0,0.0,0.0,0.0,1.0,0.0,1.0,0.0,0.0,1.0,1.0,1.0,0.0,1.0,0.0
ANALYSIS_PARTIAL_TRUNCATED_SESSION_0048,partial_truncated_session_0048,ANALYSIS_PARTIAL_TRUNCATED_SESSION_0048_partial_truncated_session_0048,PARTIAL_CAPTURE_TRUNCATED_SESSION,PARTIAL_CAPTURE_CHALLENGE,TRUNCATED_SESSION,HIGH,0.0,0.0,1.0,1.0,0.0,0.0,0.0,0.0,,0.0,1.0,0.0,1.0,0.0,0.0,0.0,1.0,0.0,0.0,1.0,1.0,0.0,0.0,1.0,0.0
ANALYSIS_PARTIAL_TRUNCATED_SESSION_0049,partial_truncated_session_0049,ANALYSIS_PARTIAL_TRUNCATED_SESSION_0049_partial_truncated_session_0049,PARTIAL_CAPTURE_TRUNCATED_SESSION,PARTIAL_CAPTURE_CHALLENGE,TRUNCATED_SESSION,MEDIUM,0.0,0.0,1.0,0.0,0.0,0.0,0.0,0.0,,0.0,0.0,1.0,0.0,1.0,0.0,0.0,0.0,1.0,0.0,1.0,1.0,0.0,0.0,1.0,0.0
ANALYSIS_PARTIAL_TRUNCATED_SESSION_0050,partial_truncated_session_0050,ANALYSIS_PARTIAL_TRUNCATED_SESSION_0050_partial_truncated_session_0050,PARTIAL_CAPTURE_TRUNCATED_SESSION,PARTIAL_CAPTURE_CHALLENGE,TRUNCATED_SESSION,CRITICAL,0.0,1.0,0.0,1.0,1.0,1.0,0.0,0.0,,0.0,0.0,0.0,0.0,0.0,1.0,0.0,2.0,0.0,0.0,1.0,1.0,1.0,0.0,1.0,0.0
ANALYSIS_PARTIAL_TRUNCATED_SESSION_0051,partial_truncated_session_0051,ANALYSIS_PARTIAL_TRUNCATED_SESSION_0051_partial_truncated_session_0051,PARTIAL_CAPTURE_TRUNCATED_SESSION,PARTIAL_CAPTURE_CHALLENGE,TRUNCATED_SESSION,HIGH,0.0,1.0,0.0,0.0,0.0,1.0,0.0,0.0,0.0,0.0,0.0,0.0,1.0,0.0,0.0,0.0,1.0,0.0,0.0,1.0,1.0,1.0,1.0,1.0,0.0
ANALYSIS_PARTIAL_TRUNCATED_SESSION_0052,partial_truncated_session_0052,ANALYSIS_PARTIAL_TRUNCATED_SESSION_0052_partial_truncated_session_0052,PARTIAL_CAPTURE_TRUNCATED_SESSION,PARTIAL_CAPTURE_CHALLENGE,TRUNCATED_SESSION,CRITICAL,0.0,0.0,1.0,1.0,1.0,1.0,0.0,0.0,0.0,0.0,0.0,0.0,0.0,1.0,0.0,0.0,2.0,0.0,0.0,1.0,1.0,0.0,1.0,1.0,0.0
ANALYSIS_PARTIAL_TRUNCATED_SESSION_0053,partial_truncated_session_0053,ANALYSIS_PARTIAL_TRUNCATED_SESSION_0053_partial_truncated_session_0053,PARTIAL_CAPTURE_TRUNCATED_SESSION,PARTIAL_CAPTURE_CHALLENGE,TRUNCATED_SESSION,HIGH,0.0,0.0,1.0,1.0,0.0,0.0,0.0,0.0,0.0,0.0,1.0,0.0,0.0,0.0,1.0,0.0,1.0,0.0,0.0,1.0,1.0,0.0,1.0,1.0,0.0
ANALYSIS_PARTIAL_TRUNCATED_SESSION_0054,partial_truncated_session_0054,ANALYSIS_PARTIAL_TRUNCATED_SESSION_0054_partial_truncated_session_0054,PARTIAL_CAPTURE_TRUNCATED_SESSION,PARTIAL_CAPTURE_CHALLENGE,TRUNCATED_SESSION,HIGH,0.0,0.0,1.0,1.0,0.0,0.0,0.0,0.0,0.0,0.0,1.0,0.0,1.0,0.0,0.0,0.0,1.0,0.0,0.0,1.0,1.0,0.0,1.0,1.0,0.0
ANALYSIS_PARTIAL_TRUNCATED_SESSION_0055,partial_truncated_session_0055,ANALYSIS_PARTIAL_TRUNCATED_SESSION_0055_partial_truncated_session_0055,PARTIAL_CAPTURE_TRUNCATED_SESSION,PARTIAL_CAPTURE_CHALLENGE,TRUNCATED_SESSION,HIGH,0.0,0.0,1.0,0.0,1.0,0.0,0.0,0.0,0.0,0.0,0.0,0.0,0.0,1.0,0.0,0.0,1.0,0.0,0.0,1.0,1.0,0.0,1.0,1.0,0.0
ANALYSIS_PARTIAL_TRUNCATED_SESSION_0056,partial_truncated_session_0056,ANALYSIS_PARTIAL_TRUNCATED_SESSION_0056_partial_truncated_session_0056,PARTIAL_CAPTURE_TRUNCATED_SESSION,PARTIAL_CAPTURE_CHALLENGE,TRUNCATED_SESSION,LOW,0.0,1.0,0.0,0.0,0.0,0.0,0.0,0.0,0.0,0.0,0.0,0.0,0.0,0.0,1.0,0.0,0.0,0.0,1.0,1.0,1.0,1.0,1.0,1.0,0.0
ANALYSIS_PARTIAL_TRUNCATED_SESSION_0057,partial_truncated_session_0057,ANALYSIS_PARTIAL_TRUNCATED_SESSION_0057_partial_truncated_session_0057,PARTIAL_CAPTURE_TRUNCATED_SESSION,PARTIAL_CAPTURE_CHALLENGE,TRUNCATED_SESSION,HIGH,0.0,0.0,1.0,1.0,0.0,0.0,0.0,0.0,0.0,0.0,0.0,0.0,1.0,0.0,0.0,0.0,1.0,0.0,0.0,1.0,1.0,0.0,1.0,1.0,0.0
ANALYSIS_PARTIAL_TRUNCATED_SESSION_0058,partial_truncated_session_0058,ANALYSIS_PARTIAL_TRUNCATED_SESSION_0058_partial_truncated_session_0058,PARTIAL_CAPTURE_TRUNCATED_SESSION,PARTIAL_CAPTURE_CHALLENGE,TRUNCATED_SESSION,LOW,0.0,1.0,0.0,0.0,0.0,0.0,0.0,0.0,,0.0,0.0,0.0,0.0,1.0,0.0,0.0,0.0,0.0,0.0,1.0,1.0,1.0,0.0,1.0,0.0
ANALYSIS_PARTIAL_TRUNCATED_SESSION_0059,partial_truncated_session_0059,ANALYSIS_PARTIAL_TRUNCATED_SESSION_0059_partial_truncated_session_0059,PARTIAL_CAPTURE_TRUNCATED_SESSION,PARTIAL_CAPTURE_CHALLENGE,TRUNCATED_SESSION,CRITICAL,0.0,0.0,1.0,1.0,1.0,1.0,0.0,0.0,0.0,0.0,0.0,0.0,0.0,0.0,1.0,0.0,2.0,0.0,0.0,1.0,1.0,0.0,1.0,1.0,0.0
ANALYSIS_PARTIAL_TRUNCATED_SESSION_0060,partial_truncated_session_0060,ANALYSIS_PARTIAL_TRUNCATED_SESSION_0060_partial_truncated_session_0060,PARTIAL_CAPTURE_TRUNCATED_SESSION,PARTIAL_CAPTURE_CHALLENGE,TRUNCATED_SESSION,MEDIUM,0.0,1.0,0.0,0.0,0.0,0.0,0.0,0.0,,0.0,1.0,0.0,1.0,0.0,0.0,0.0,0.0,1.0,0.0,1.0,1.0,1.0,0.0,1.0,0.0
ANALYSIS_PARTIAL_TRUNCATED_SESSION_0061,partial_truncated_session_0061,ANALYSIS_PARTIAL_TRUNCATED_SESSION_0061_partial_truncated_session_0061,PARTIAL_CAPTURE_TRUNCATED_SESSION,PARTIAL_CAPTURE_CHALLENGE,TRUNCATED_SESSION,MEDIUM,0.0,0.0,1.0,0.0,0.0,0.0,0.0,0.0,0.0,0.0,1.0,0.0,0.0,1.0,0.0,0.0,0.0,1.0,0.0,1.0,1.0,0.0,1.0,1.0,0.0
ANALYSIS_PARTIAL_TRUNCATED_SESSION_0062,partial_truncated_session_0062,ANALYSIS_PARTIAL_TRUNCATED_SESSION_0062_partial_truncated_session_0062,PARTIAL_CAPTURE_TRUNCATED_SESSION,PARTIAL_CAPTURE_CHALLENGE,TRUNCATED_SESSION,HIGH,0.0,0.0,1.0,0.0,0.0,1.0,0.0,0.0,0.0,0.0,0.0,0.0,0.0,0.0,1.0,0.0,1.0,0.0,0.0,1.0,1.0,0.0,1.0,1.0,0.0
ANALYSIS_PARTIAL_TRUNCATED_SESSION_0063,partial_truncated_session_0063,ANALYSIS_PARTIAL_TRUNCATED_SESSION_0063_partial_truncated_session_0063,PARTIAL_CAPTURE_TRUNCATED_SESSION,PARTIAL_CAPTURE_CHALLENGE,TRUNCATED_SESSION,MEDIUM,0.0,1.0,0.0,0.0,0.0,0.0,0.0,0.0,,0.0,1.0,0.0,1.0,0.0,0.0,0.0,0.0,1.0,0.0,1.0,1.0,1.0,0.0,1.0,0.0
ANALYSIS_PARTIAL_TRUNCATED_SESSION_0064,partial_truncated_session_0064,ANALYSIS_PARTIAL_TRUNCATED_SESSION_0064_partial_truncated_session_0064,PARTIAL_CAPTURE_TRUNCATED_SESSION,PARTIAL_CAPTURE_CHALLENGE,TRUNCATED_SESSION,HIGH,0.0,1.0,0.0,0.0,1.0,0.0,0.0,0.0,0.0,0.0,0.0,0.0,0.0,1.0,0.0,0.0,1.0,0.0,0.0,1.0,1.0,1.0,1.0,1.0,0.0
ANALYSIS_PARTIAL_TRUNCATED_SESSION_0065,partial_truncated_session_0065,ANALYSIS_PARTIAL_TRUNCATED_SESSION_0065_partial_truncated_session_0065,PARTIAL_CAPTURE_TRUNCATED_SESSION,PARTIAL_CAPTURE_CHALLENGE,TRUNCATED_SESSION,CRITICAL,1.0,0.0,0.0,,,,,,1.0,0.0,,,0.0,0.0,1.0,0.0,0.0,0.0,0.0,0.0,0.0,0.0,1.0,1.0,0.0
ANALYSIS_PARTIAL_TRUNCATED_SESSION_0066,partial_truncated_session_0066,ANALYSIS_PARTIAL_TRUNCATED_SESSION_0066_partial_truncated_session_0066,PARTIAL_CAPTURE_TRUNCATED_SESSION,PARTIAL_CAPTURE_CHALLENGE,TRUNCATED_SESSION,HIGH,0.0,1.0,0.0,0.0,0.0,0.0,0.0,1.0,0.0,0.0,0.0,0.0,1.0,0.0,0.0,0.0,1.0,0.0,0.0,1.0,1.0,1.0,1.0,1.0,0.0
ANALYSIS_PARTIAL_TRUNCATED_SESSION_0067,partial_truncated_session_0067,ANALYSIS_PARTIAL_TRUNCATED_SESSION_0067_partial_truncated_session_0067,PARTIAL_CAPTURE_TRUNCATED_SESSION,PARTIAL_CAPTURE_CHALLENGE,TRUNCATED_SESSION,HIGH,0.0,0.0,1.0,0.0,0.0,1.0,0.0,0.0,0.0,0.0,0.0,0.0,0.0,1.0,0.0,0.0,1.0,0.0,0.0,1.0,1.0,0.0,1.0,1.0,0.0
ANALYSIS_PARTIAL_TRUNCATED_SESSION_0068,partial_truncated_session_0068,ANALYSIS_PARTIAL_TRUNCATED_SESSION_0068_partial_truncated_session_0068,PARTIAL_CAPTURE_TRUNCATED_SESSION,PARTIAL_CAPTURE_CHALLENGE,TRUNCATED_SESSION,CRITICAL,0.0,1.0,0.0,0.0,0.0,0.0,0.0,0.0,,0.0,0.0,0.0,0.0,0.0,1.0,1.0,0.0,0.0,0.0,1.0,1.0,1.0,0.0,1.0,0.0
ANALYSIS_PARTIAL_TRUNCATED_SESSION_0069,partial_truncated_session_0069,ANALYSIS_PARTIAL_TRUNCATED_SESSION_0069_partial_truncated_session_0069,PARTIAL_CAPTURE_TRUNCATED_SESSION,PARTIAL_CAPTURE_CHALLENGE,TRUNCATED_SESSION,CRITICAL,0.0,0.0,1.0,1.0,1.0,1.0,0.0,0.0,,0.0,0.0,0.0,1.0,0.0,0.0,0.0,2.0,0.0,0.0,1.0,1.0,0.0,0.0,1.0,0.0
ANALYSIS_PARTIAL_TRUNCATED_SESSION_0070,partial_truncated_session_0070,ANALYSIS_PARTIAL_TRUNCATED_SESSION_0070_partial_truncated_session_0070,PARTIAL_CAPTURE_TRUNCATED_SESSION,PARTIAL_CAPTURE_CHALLENGE,TRUNCATED_SESSION,LOW,0.0,1.0,0.0,0.0,0.0,0.0,0.0,0.0,,0.0,0.0,0.0,0.0,1.0,0.0,0.0,0.0,0.0,1.0,1.0,1.0,1.0,0.0,1.0,0.0
ANALYSIS_PARTIAL_TRUNCATED_SESSION_0071,partial_truncated_session_0071,ANALYSIS_PARTIAL_TRUNCATED_SESSION_0071_partial_truncated_session_0071,PARTIAL_CAPTURE_TRUNCATED_SESSION,PARTIAL_CAPTURE_CHALLENGE,TRUNCATED_SESSION,MEDIUM,0.0,0.0,1.0,0.0,0.0,0.0,0.0,0.0,,0.0,1.0,0.0,0.0,0.0,1.0,0.0,0.0,0.0,0.0,1.0,1.0,0.0,0.0,1.0,0.0
ANALYSIS_PARTIAL_TRUNCATED_SESSION_0072,partial_truncated_session_0072,ANALYSIS_PARTIAL_TRUNCATED_SESSION_0072_partial_truncated_session_0072,PARTIAL_CAPTURE_TRUNCATED_SESSION,PARTIAL_CAPTURE_CHALLENGE,TRUNCATED_SESSION,MEDIUM,0.0,0.0,1.0,0.0,0.0,0.0,0.0,0.0,,0.0,1.0,0.0,1.0,0.0,0.0,0.0,0.0,1.0,0.0,1.0,1.0,0.0,0.0,1.0,0.0
ANALYSIS_PARTIAL_TRUNCATED_SESSION_0073,partial_truncated_session_0073,ANALYSIS_PARTIAL_TRUNCATED_SESSION_0073_partial_truncated_session_0073,PARTIAL_CAPTURE_TRUNCATED_SESSION,PARTIAL_CAPTURE_CHALLENGE,TRUNCATED_SESSION,HIGH,0.0,1.0,0.0,0.0,0.0,0.0,0.0,1.0,0.0,0.0,0.0,0.0,0.0,1.0,0.0,0.0,1.0,0.0,0.0,1.0,1.0,1.0,1.0,1.0,0.0
ANALYSIS_PARTIAL_TRUNCATED_SESSION_0074,partial_truncated_session_0074,ANALYSIS_PARTIAL_TRUNCATED_SESSION_0074_partial_truncated_session_0074,PARTIAL_CAPTURE_TRUNCATED_SESSION,PARTIAL_CAPTURE_CHALLENGE,TRUNCATED_SESSION,LOW,0.0,1.0,0.0,0.0,0.0,0.0,0.0,0.0,,0.0,0.0,0.0,0.0,0.0,1.0,0.0,0.0,0.0,1.0,1.0,1.0,1.0,0.0,1.0,0.0
ANALYSIS_PARTIAL_TRUNCATED_SESSION_0075,partial_truncated_session_0075,ANALYSIS_PARTIAL_TRUNCATED_SESSION_0075_partial_truncated_session_0075,PARTIAL_CAPTURE_TRUNCATED_SESSION,PARTIAL_CAPTURE_CHALLENGE,TRUNCATED_SESSION,HIGH,0.0,1.0,0.0,0.0,1.0,0.0,0.0,0.0,0.0,0.0,0.0,0.0,1.0,0.0,0.0,0.0,1.0,0.0,0.0,1.0,1.0,1.0,1.0,1.0,0.0
ANALYSIS_PARTIAL_TRUNCATED_SESSION_0076,partial_truncated_session_0076,ANALYSIS_PARTIAL_TRUNCATED_SESSION_0076_partial_truncated_session_0076,PARTIAL_CAPTURE_TRUNCATED_SESSION,PARTIAL_CAPTURE_CHALLENGE,TRUNCATED_SESSION,MEDIUM,0.0,0.0,1.0,0.0,0.0,0.0,0.0,0.0,0.0,0.0,0.0,1.0,0.0,1.0,0.0,0.0,0.0,1.0,0.0,1.0,1.0,0.0,1.0,1.0,0.0
ANALYSIS_PARTIAL_TRUNCATED_SESSION_0077,partial_truncated_session_0077,ANALYSIS_PARTIAL_TRUNCATED_SESSION_0077_partial_truncated_session_0077,PARTIAL_CAPTURE_TRUNCATED_SESSION,PARTIAL_CAPTURE_CHALLENGE,TRUNCATED_SESSION,LOW,0.0,1.0,0.0,0.0,0.0,0.0,0.0,0.0,0.0,0.0,0.0,0.0,0.0,0.0,1.0,0.0,0.0,0.0,1.0,1.0,1.0,1.0,1.0,1.0,0.0
ANALYSIS_PARTIAL_TRUNCATED_SESSION_0078,partial_truncated_session_0078,ANALYSIS_PARTIAL_TRUNCATED_SESSION_0078_partial_truncated_session_0078,PARTIAL_CAPTURE_TRUNCATED_SESSION,PARTIAL_CAPTURE_CHALLENGE,TRUNCATED_SESSION,HIGH,0.0,0.0,1.0,0.0,1.0,0.0,0.0,0.0,,0.0,0.0,0.0,1.0,0.0,0.0,0.0,1.0,0.0,0.0,1.0,1.0,0.0,0.0,1.0,0.0
ANALYSIS_PARTIAL_TRUNCATED_SESSION_0079,partial_truncated_session_0079,ANALYSIS_PARTIAL_TRUNCATED_SESSION_0079_partial_truncated_session_0079,PARTIAL_CAPTURE_TRUNCATED_SESSION,PARTIAL_CAPTURE_CHALLENGE,TRUNCATED_SESSION,LOW,0.0,1.0,0.0,0.0,0.0,0.0,0.0,0.0,0.0,0.0,0.0,0.0,0.0,1.0,0.0,0.0,0.0,0.0,0.0,1.0,1.0,1.0,1.0,1.0,0.0
ANALYSIS_PARTIAL_TRUNCATED_SESSION_0080,partial_truncated_session_0080,ANALYSIS_PARTIAL_TRUNCATED_SESSION_0080_partial_truncated_session_0080,PARTIAL_CAPTURE_TRUNCATED_SESSION,PARTIAL_CAPTURE_CHALLENGE,TRUNCATED_SESSION,HIGH,0.0,0.0,1.0,0.0,1.0,0.0,0.0,0.0,0.0,0.0,0.0,0.0,0.0,0.0,1.0,0.0,1.0,0.0,0.0,1.0,1.0,0.0,1.0,1.0,0.0
ANALYSIS_PARTIAL_TRUNCATED_SESSION_0081,partial_truncated_session_0081,ANALYSIS_PARTIAL_TRUNCATED_SESSION_0081_partial_truncated_session_0081,PARTIAL_CAPTURE_TRUNCATED_SESSION,PARTIAL_CAPTURE_CHALLENGE,TRUNCATED_SESSION,LOW,0.0,1.0,0.0,0.0,0.0,0.0,0.0,0.0,,0.0,0.0,0.0,1.0,0.0,0.0,0.0,0.0,0.0,1.0,1.0,1.0,1.0,0.0,1.0,0.0
ANALYSIS_PARTIAL_TRUNCATED_SESSION_0082,partial_truncated_session_0082,ANALYSIS_PARTIAL_TRUNCATED_SESSION_0082_partial_truncated_session_0082,PARTIAL_CAPTURE_TRUNCATED_SESSION,PARTIAL_CAPTURE_CHALLENGE,TRUNCATED_SESSION,CRITICAL,1.0,0.0,0.0,,,,,,,0.0,,,0.0,1.0,0.0,0.0,0.0,0.0,0.0,0.0,0.0,0.0,0.0,1.0,0.0
ANALYSIS_PARTIAL_TRUNCATED_SESSION_0083,partial_truncated_session_0083,ANALYSIS_PARTIAL_TRUNCATED_SESSION_0083_partial_truncated_session_0083,PARTIAL_CAPTURE_TRUNCATED_SESSION,PARTIAL_CAPTURE_CHALLENGE,TRUNCATED_SESSION,LOW,0.0,1.0,0.0,0.0,0.0,0.0,0.0,0.0,,0.0,0.0,0.0,0.0,0.0,1.0,0.0,0.0,0.0,1.0,1.0,1.0,1.0,0.0,1.0,0.0
ANALYSIS_PARTIAL_TRUNCATED_SESSION_0084,partial_truncated_session_0084,ANALYSIS_PARTIAL_TRUNCATED_SESSION_0084_partial_truncated_session_0084,PARTIAL_CAPTURE_TRUNCATED_SESSION,PARTIAL_CAPTURE_CHALLENGE,TRUNCATED_SESSION,LOW,0.0,1.0,0.0,0.0,0.0,0.0,0.0,0.0,,0.0,0.0,0.0,1.0,0.0,0.0,0.0,0.0,0.0,1.0,1.0,1.0,1.0,0.0,1.0,0.0
ANALYSIS_PARTIAL_TRUNCATED_SESSION_0085,partial_truncated_session_0085,ANALYSIS_PARTIAL_TRUNCATED_SESSION_0085_partial_truncated_session_0085,PARTIAL_CAPTURE_TRUNCATED_SESSION,PARTIAL_CAPTURE_CHALLENGE,TRUNCATED_SESSION,MEDIUM,0.0,1.0,0.0,0.0,0.0,0.0,0.0,0.0,,0.0,1.0,0.0,0.0,1.0,0.0,0.0,0.0,1.0,0.0,1.0,1.0,1.0,0.0,1.0,0.0
ANALYSIS_PARTIAL_TRUNCATED_SESSION_0086,partial_truncated_session_0086,ANALYSIS_PARTIAL_TRUNCATED_SESSION_0086_partial_truncated_session_0086,PARTIAL_CAPTURE_TRUNCATED_SESSION,PARTIAL_CAPTURE_CHALLENGE,TRUNCATED_SESSION,LOW,0.0,1.0,0.0,0.0,0.0,0.0,0.0,0.0,0.0,0.0,0.0,0.0,0.0,0.0,1.0,0.0,0.0,0.0,1.0,1.0,1.0,1.0,1.0,1.0,0.0
ANALYSIS_PARTIAL_TRUNCATED_SESSION_0087,partial_truncated_session_0087,ANALYSIS_PARTIAL_TRUNCATED_SESSION_0087_partial_truncated_session_0087,PARTIAL_CAPTURE_TRUNCATED_SESSION,PARTIAL_CAPTURE_CHALLENGE,TRUNCATED_SESSION,LOW,0.0,1.0,0.0,0.0,0.0,0.0,0.0,0.0,,0.0,0.0,0.0,1.0,0.0,0.0,0.0,0.0,0.0,0.0,1.0,1.0,1.0,0.0,1.0,0.0
ANALYSIS_PARTIAL_TRUNCATED_SESSION_0088,partial_truncated_session_0088,ANALYSIS_PARTIAL_TRUNCATED_SESSION_0088_partial_truncated_session_0088,PARTIAL_CAPTURE_TRUNCATED_SESSION,PARTIAL_CAPTURE_CHALLENGE,TRUNCATED_SESSION,CRITICAL,0.0,1.0,0.0,0.0,0.0,0.0,0.0,0.0,,0.0,0.0,0.0,0.0,1.0,0.0,1.0,0.0,0.0,0.0,1.0,1.0,1.0,0.0,1.0,0.0
ANALYSIS_PARTIAL_TRUNCATED_SESSION_0089,partial_truncated_session_0089,ANALYSIS_PARTIAL_TRUNCATED_SESSION_0089_partial_truncated_session_0089,PARTIAL_CAPTURE_TRUNCATED_SESSION,PARTIAL_CAPTURE_CHALLENGE,TRUNCATED_SESSION,HIGH,0.0,0.0,1.0,1.0,0.0,0.0,0.0,0.0,,0.0,0.0,0.0,0.0,0.0,1.0,0.0,1.0,0.0,0.0,1.0,1.0,0.0,0.0,1.0,0.0
ANALYSIS_PARTIAL_TRUNCATED_SESSION_0090,partial_truncated_session_0090,ANALYSIS_PARTIAL_TRUNCATED_SESSION_0090_partial_truncated_session_0090,PARTIAL_CAPTURE_TRUNCATED_SESSION,PARTIAL_CAPTURE_CHALLENGE,TRUNCATED_SESSION,CRITICAL,1.0,0.0,0.0,,,,,,,0.0,,,1.0,0.0,0.0,0.0,0.0,0.0,0.0,0.0,0.0,0.0,0.0,1.0,0.0
ANALYSIS_PARTIAL_TRUNCATED_SESSION_0091,partial_truncated_session_0091,ANALYSIS_PARTIAL_TRUNCATED_SESSION_0091_partial_truncated_session_0091,PARTIAL_CAPTURE_TRUNCATED_SESSION,PARTIAL_CAPTURE_CHALLENGE,TRUNCATED_SESSION,MEDIUM,0.0,0.0,1.0,0.0,0.0,0.0,0.0,0.0,0.0,0.0,1.0,0.0,0.0,1.0,0.0,0.0,0.0,1.0,0.0,1.0,1.0,0.0,1.0,1.0,0.0
ANALYSIS_PARTIAL_TRUNCATED_SESSION_0092,partial_truncated_session_0092,ANALYSIS_PARTIAL_TRUNCATED_SESSION_0092_partial_truncated_session_0092,PARTIAL_CAPTURE_TRUNCATED_SESSION,PARTIAL_CAPTURE_CHALLENGE,TRUNCATED_SESSION,CRITICAL,1.0,0.0,0.0,,,,,,1.0,0.0,,,0.0,0.0,1.0,0.0,0.0,0.0,0.0,0.0,0.0,0.0,1.0,1.0,0.0
ANALYSIS_PARTIAL_TRUNCATED_SESSION_0093,partial_truncated_session_0093,ANALYSIS_PARTIAL_TRUNCATED_SESSION_0093_partial_truncated_session_0093,PARTIAL_CAPTURE_TRUNCATED_SESSION,PARTIAL_CAPTURE_CHALLENGE,TRUNCATED_SESSION,CRITICAL,0.0,0.0,1.0,1.0,1.0,1.0,0.0,0.0,,0.0,0.0,0.0,1.0,0.0,0.0,0.0,2.0,0.0,0.0,1.0,1.0,0.0,0.0,1.0,0.0
ANALYSIS_PARTIAL_TRUNCATED_SESSION_0094,partial_truncated_session_0094,ANALYSIS_PARTIAL_TRUNCATED_SESSION_0094_partial_truncated_session_0094,PARTIAL_CAPTURE_TRUNCATED_SESSION,PARTIAL_CAPTURE_CHALLENGE,TRUNCATED_SESSION,HIGH,0.0,0.0,1.0,1.0,0.0,0.0,0.0,0.0,0.0,0.0,1.0,0.0,0.0,1.0,0.0,0.0,1.0,0.0,0.0,1.0,1.0,0.0,1.0,1.0,0.0
ANALYSIS_PARTIAL_TRUNCATED_SESSION_0095,partial_truncated_session_0095,ANALYSIS_PARTIAL_TRUNCATED_SESSION_0095_partial_truncated_session_0095,PARTIAL_CAPTURE_TRUNCATED_SESSION,PARTIAL_CAPTURE_CHALLENGE,TRUNCATED_SESSION,HIGH,0.0,0.0,1.0,0.0,0.0,1.0,0.0,0.0,,0.0,0.0,0.0,0.0,0.0,1.0,0.0,1.0,0.0,0.0,1.0,1.0,0.0,0.0,1.0,0.0
ANALYSIS_PARTIAL_TRUNCATED_SESSION_0096,partial_truncated_session_0096,ANALYSIS_PARTIAL_TRUNCATED_SESSION_0096_partial_truncated_session_0096,PARTIAL_CAPTURE_TRUNCATED_SESSION,PARTIAL_CAPTURE_CHALLENGE,TRUNCATED_SESSION,HIGH,0.0,1.0,0.0,0.0,1.0,0.0,0.0,0.0,,0.0,0.0,0.0,1.0,0.0,0.0,0.0,1.0,0.0,0.0,1.0,1.0,1.0,0.0,1.0,0.0
ANALYSIS_PARTIAL_TRUNCATED_SESSION_0097,partial_truncated_session_0097,ANALYSIS_PARTIAL_TRUNCATED_SESSION_0097_partial_truncated_session_0097,PARTIAL_CAPTURE_TRUNCATED_SESSION,PARTIAL_CAPTURE_CHALLENGE,TRUNCATED_SESSION,LOW,0.0,1.0,0.0,0.0,0.0,0.0,0.0,0.0,,0.0,0.0,0.0,0.0,1.0,0.0,0.0,0.0,0.0,0.0,1.0,1.0,1.0,0.0,1.0,0.0
ANALYSIS_PARTIAL_TRUNCATED_SESSION_0098,partial_truncated_session_0098,ANALYSIS_PARTIAL_TRUNCATED_SESSION_0098_partial_truncated_session_0098,PARTIAL_CAPTURE_TRUNCATED_SESSION,PARTIAL_CAPTURE_CHALLENGE,TRUNCATED_SESSION,HIGH,0.0,1.0,0.0,1.0,0.0,0.0,0.0,0.0,,0.0,0.0,0.0,0.0,0.0,1.0,0.0,1.0,0.0,0.0,1.0,1.0,1.0,0.0,1.0,0.0
ANALYSIS_PARTIAL_TRUNCATED_SESSION_0099,partial_truncated_session_0099,ANALYSIS_PARTIAL_TRUNCATED_SESSION_0099_partial_truncated_session_0099,PARTIAL_CAPTURE_TRUNCATED_SESSION,PARTIAL_CAPTURE_CHALLENGE,TRUNCATED_SESSION,LOW,0.0,0.0,1.0,0.0,0.0,0.0,0.0,0.0,0.0,0.0,0.0,0.0,1.0,0.0,0.0,0.0,0.0,0.0,1.0,1.0,1.0,0.0,1.0,1.0,0.0
ANALYSIS_PARTIAL_ASYMMETRIC_CAPTURE_0000,partial_asymmetric_capture_0000,ANALYSIS_PARTIAL_ASYMMETRIC_CAPTURE_0000_partial_asymmetric_capture_0000,PARTIAL_CAPTURE_ASYMMETRIC_CAPTURE,PARTIAL_CAPTURE_CHALLENGE,ASYMMETRIC_CAPTURE,HIGH,0.0,1.0,0.0,0.0,0.0,,,,0.0,0.0,0.0,,1.0,0.0,0.0,0.0,1.0,0.0,0.0,1.0,0.0,1.0,1.0,0.0,1.0
ANALYSIS_PARTIAL_ASYMMETRIC_CAPTURE_0001,partial_asymmetric_capture_0001,ANALYSIS_PARTIAL_ASYMMETRIC_CAPTURE_0001_partial_asymmetric_capture_0001,PARTIAL_CAPTURE_ASYMMETRIC_CAPTURE,PARTIAL_CAPTURE_CHALLENGE,ASYMMETRIC_CAPTURE,HIGH,0.0,1.0,0.0,0.0,0.0,,,,,0.0,0.0,,0.0,1.0,0.0,0.0,1.0,0.0,0.0,1.0,0.0,0.0,0.0,0.0,1.0
ANALYSIS_PARTIAL_ASYMMETRIC_CAPTURE_0002,partial_asymmetric_capture_0002,ANALYSIS_PARTIAL_ASYMMETRIC_CAPTURE_0002_partial_asymmetric_capture_0002,PARTIAL_CAPTURE_ASYMMETRIC_CAPTURE,PARTIAL_CAPTURE_CHALLENGE,ASYMMETRIC_CAPTURE,HIGH,0.0,1.0,0.0,0.0,0.0,,,,,0.0,0.0,,0.0,0.0,1.0,0.0,1.0,0.0,0.0,1.0,0.0,0.0,0.0,0.0,1.0
ANALYSIS_PARTIAL_ASYMMETRIC_CAPTURE_0003,partial_asymmetric_capture_0003,ANALYSIS_PARTIAL_ASYMMETRIC_CAPTURE_0003_partial_asymmetric_capture_0003,PARTIAL_CAPTURE_ASYMMETRIC_CAPTURE,PARTIAL_CAPTURE_CHALLENGE,ASYMMETRIC_CAPTURE,CRITICAL,1.0,0.0,0.0,,,,,,0.0,0.0,,,1.0,0.0,0.0,0.0,0.0,0.0,0.0,0.0,0.0,0.0,1.0,0.0,1.0
ANALYSIS_PARTIAL_ASYMMETRIC_CAPTURE_0004,partial_asymmetric_capture_0004,ANALYSIS_PARTIAL_ASYMMETRIC_CAPTURE_0004_partial_asymmetric_capture_0004,PARTIAL_CAPTURE_ASYMMETRIC_CAPTURE,PARTIAL_CAPTURE_CHALLENGE,ASYMMETRIC_CAPTURE,MEDIUM,0.0,0.0,1.0,0.0,0.0,0.0,0.0,0.0,,0.0,1.0,0.0,0.0,1.0,0.0,0.0,0.0,1.0,0.0,1.0,1.0,0.0,0.0,0.0,1.0
ANALYSIS_PARTIAL_ASYMMETRIC_CAPTURE_0005,partial_asymmetric_capture_0005,ANALYSIS_PARTIAL_ASYMMETRIC_CAPTURE_0005_partial_asymmetric_capture_0005,PARTIAL_CAPTURE_ASYMMETRIC_CAPTURE,PARTIAL_CAPTURE_CHALLENGE,ASYMMETRIC_CAPTURE,HIGH,0.0,1.0,0.0,0.0,1.0,,,,0.0,0.0,0.0,,0.0,0.0,1.0,0.0,1.0,0.0,0.0,1.0,0.0,1.0,1.0,0.0,1.0
ANALYSIS_PARTIAL_ASYMMETRIC_CAPTURE_0006,partial_asymmetric_capture_0006,ANALYSIS_PARTIAL_ASYMMETRIC_CAPTURE_0006_partial_asymmetric_capture_0006,PARTIAL_CAPTURE_ASYMMETRIC_CAPTURE,PARTIAL_CAPTURE_CHALLENGE,ASYMMETRIC_CAPTURE,LOW,0.0,1.0,0.0,0.0,0.0,,,,,0.0,0.0,,1.0,0.0,0.0,0.0,0.0,0.0,0.0,1.0,0.0,0.0,0.0,0.0,1.0
ANALYSIS_PARTIAL_ASYMMETRIC_CAPTURE_0007,partial_asymmetric_capture_0007,ANALYSIS_PARTIAL_ASYMMETRIC_CAPTURE_0007_partial_asymmetric_capture_0007,PARTIAL_CAPTURE_ASYMMETRIC_CAPTURE,PARTIAL_CAPTURE_CHALLENGE,ASYMMETRIC_CAPTURE,CRITICAL,0.0,0.0,1.0,1.0,1.0,1.0,0.0,0.0,0.0,0.0,0.0,0.0,0.0,1.0,0.0,0.0,2.0,0.0,0.0,1.0,1.0,0.0,1.0,0.0,1.0
ANALYSIS_PARTIAL_ASYMMETRIC_CAPTURE_0008,partial_asymmetric_capture_0008,ANALYSIS_PARTIAL_ASYMMETRIC_CAPTURE_0008_partial_asymmetric_capture_0008,PARTIAL_CAPTURE_ASYMMETRIC_CAPTURE,PARTIAL_CAPTURE_CHALLENGE,ASYMMETRIC_CAPTURE,MEDIUM,0.0,0.0,1.0,0.0,0.0,0.0,0.0,0.0,0.0,0.0,1.0,0.0,0.0,0.0,1.0,0.0,0.0,0.0,0.0,1.0,1.0,0.0,1.0,0.0,1.0
ANALYSIS_PARTIAL_ASYMMETRIC_CAPTURE_0009,partial_asymmetric_capture_0009,ANALYSIS_PARTIAL_ASYMMETRIC_CAPTURE_0009_partial_asymmetric_capture_0009,PARTIAL_CAPTURE_ASYMMETRIC_CAPTURE,PARTIAL_CAPTURE_CHALLENGE,ASYMMETRIC_CAPTURE,LOW,0.0,0.0,1.0,0.0,0.0,0.0,0.0,0.0,,0.0,0.0,0.0,1.0,0.0,0.0,0.0,0.0,0.0,1.0,1.0,1.0,0.0,0.0,0.0,1.0
ANALYSIS_PARTIAL_ASYMMETRIC_CAPTURE_0010,partial_asymmetric_capture_0010,ANALYSIS_PARTIAL_ASYMMETRIC_CAPTURE_0010_partial_asymmetric_capture_0010,PARTIAL_CAPTURE_ASYMMETRIC_CAPTURE,PARTIAL_CAPTURE_CHALLENGE,ASYMMETRIC_CAPTURE,MEDIUM,0.0,0.0,1.0,0.0,0.0,0.0,0.0,0.0,,0.0,1.0,0.0,0.0,1.0,0.0,0.0,0.0,1.0,0.0,1.0,1.0,0.0,0.0,0.0,1.0
ANALYSIS_PARTIAL_ASYMMETRIC_CAPTURE_0011,partial_asymmetric_capture_0011,ANALYSIS_PARTIAL_ASYMMETRIC_CAPTURE_0011_partial_asymmetric_capture_0011,PARTIAL_CAPTURE_ASYMMETRIC_CAPTURE,PARTIAL_CAPTURE_CHALLENGE,ASYMMETRIC_CAPTURE,CRITICAL,1.0,0.0,0.0,,,,,,,0.0,,,0.0,0.0,1.0,0.0,0.0,0.0,0.0,0.0,0.0,0.0,0.0,0.0,1.0
ANALYSIS_PARTIAL_ASYMMETRIC_CAPTURE_0012,partial_asymmetric_capture_0012,ANALYSIS_PARTIAL_ASYMMETRIC_CAPTURE_0012_partial_asymmetric_capture_0012,PARTIAL_CAPTURE_ASYMMETRIC_CAPTURE,PARTIAL_CAPTURE_CHALLENGE,ASYMMETRIC_CAPTURE,LOW,0.0,1.0,0.0,0.0,0.0,,,,,0.0,0.0,,1.0,0.0,0.0,0.0,0.0,0.0,1.0,1.0,0.0,0.0,0.0,0.0,1.0
ANALYSIS_PARTIAL_ASYMMETRIC_CAPTURE_0013,partial_asymmetric_capture_0013,ANALYSIS_PARTIAL_ASYMMETRIC_CAPTURE_0013_partial_asymmetric_capture_0013,PARTIAL_CAPTURE_ASYMMETRIC_CAPTURE,PARTIAL_CAPTURE_CHALLENGE,ASYMMETRIC_CAPTURE,LOW,0.0,1.0,0.0,0.0,0.0,0.0,0.0,0.0,0.0,0.0,0.0,0.0,0.0,1.0,0.0,0.0,0.0,0.0,0.0,1.0,1.0,1.0,1.0,0.0,1.0
ANALYSIS_PARTIAL_ASYMMETRIC_CAPTURE_0014,partial_asymmetric_capture_0014,ANALYSIS_PARTIAL_ASYMMETRIC_CAPTURE_0014_partial_asymmetric_capture_0014,PARTIAL_CAPTURE_ASYMMETRIC_CAPTURE,PARTIAL_CAPTURE_CHALLENGE,ASYMMETRIC_CAPTURE,MEDIUM,0.0,0.0,1.0,0.0,0.0,0.0,0.0,0.0,,0.0,1.0,0.0,0.0,0.0,1.0,0.0,0.0,1.0,0.0,1.0,1.0,0.0,0.0,0.0,1.0
ANALYSIS_PARTIAL_ASYMMETRIC_CAPTURE_0015,partial_asymmetric_capture_0015,ANALYSIS_PARTIAL_ASYMMETRIC_CAPTURE_0015_partial_asymmetric_capture_0015,PARTIAL_CAPTURE_ASYMMETRIC_CAPTURE,PARTIAL_CAPTURE_CHALLENGE,ASYMMETRIC_CAPTURE,MEDIUM,0.0,1.0,0.0,0.0,0.0,,,,,0.0,0.0,,1.0,0.0,0.0,0.0,0.0,1.0,0.0,1.0,0.0,0.0,0.0,0.0,1.0
ANALYSIS_PARTIAL_ASYMMETRIC_CAPTURE_0016,partial_asymmetric_capture_0016,ANALYSIS_PARTIAL_ASYMMETRIC_CAPTURE_0016_partial_asymmetric_capture_0016,PARTIAL_CAPTURE_ASYMMETRIC_CAPTURE,PARTIAL_CAPTURE_CHALLENGE,ASYMMETRIC_CAPTURE,HIGH,0.0,1.0,0.0,0.0,0.0,,,,0.0,0.0,0.0,,0.0,1.0,0.0,0.0,1.0,0.0,0.0,1.0,0.0,1.0,1.0,0.0,1.0
ANALYSIS_PARTIAL_ASYMMETRIC_CAPTURE_0017,partial_asymmetric_capture_0017,ANALYSIS_PARTIAL_ASYMMETRIC_CAPTURE_0017_partial_asymmetric_capture_0017,PARTIAL_CAPTURE_ASYMMETRIC_CAPTURE,PARTIAL_CAPTURE_CHALLENGE,ASYMMETRIC_CAPTURE,HIGH,0.0,1.0,0.0,0.0,1.0,0.0,0.0,0.0,0.0,0.0,0.0,0.0,0.0,0.0,1.0,0.0,1.0,0.0,0.0,1.0,1.0,1.0,1.0,0.0,1.0
ANALYSIS_PARTIAL_ASYMMETRIC_CAPTURE_0018,partial_asymmetric_capture_0018,ANALYSIS_PARTIAL_ASYMMETRIC_CAPTURE_0018_partial_asymmetric_capture_0018,PARTIAL_CAPTURE_ASYMMETRIC_CAPTURE,PARTIAL_CAPTURE_CHALLENGE,ASYMMETRIC_CAPTURE,LOW,0.0,1.0,0.0,0.0,0.0,0.0,0.0,0.0,,0.0,0.0,0.0,1.0,0.0,0.0,0.0,0.0,0.0,0.0,1.0,1.0,0.0,0.0,0.0,1.0
ANALYSIS_PARTIAL_ASYMMETRIC_CAPTURE_0019,partial_asymmetric_capture_0019,ANALYSIS_PARTIAL_ASYMMETRIC_CAPTURE_0019_partial_asymmetric_capture_0019,PARTIAL_CAPTURE_ASYMMETRIC_CAPTURE,PARTIAL_CAPTURE_CHALLENGE,ASYMMETRIC_CAPTURE,HIGH,0.0,1.0,0.0,0.0,0.0,,,,0.0,0.0,0.0,,0.0,1.0,0.0,0.0,1.0,0.0,0.0,1.0,0.0,1.0,1.0,0.0,1.0
ANALYSIS_PARTIAL_ASYMMETRIC_CAPTURE_0020,partial_asymmetric_capture_0020,ANALYSIS_PARTIAL_ASYMMETRIC_CAPTURE_0020_partial_asymmetric_capture_0020,PARTIAL_CAPTURE_ASYMMETRIC_CAPTURE,PARTIAL_CAPTURE_CHALLENGE,ASYMMETRIC_CAPTURE,HIGH,0.0,0.0,1.0,0.0,0.0,,,,0.0,0.0,0.0,,0.0,0.0,1.0,0.0,1.0,0.0,0.0,1.0,0.0,0.0,1.0,0.0,1.0
ANALYSIS_PARTIAL_ASYMMETRIC_CAPTURE_0021,partial_asymmetric_capture_0021,ANALYSIS_PARTIAL_ASYMMETRIC_CAPTURE_0021_partial_asymmetric_capture_0021,PARTIAL_CAPTURE_ASYMMETRIC_CAPTURE,PARTIAL_CAPTURE_CHALLENGE,ASYMMETRIC_CAPTURE,HIGH,0.0,1.0,0.0,1.0,0.0,,,,0.0,0.0,1.0,,1.0,0.0,0.0,0.0,1.0,0.0,0.0,1.0,0.0,1.0,1.0,0.0,1.0
ANALYSIS_PARTIAL_ASYMMETRIC_CAPTURE_0022,partial_asymmetric_capture_0022,ANALYSIS_PARTIAL_ASYMMETRIC_CAPTURE_0022_partial_asymmetric_capture_0022,PARTIAL_CAPTURE_ASYMMETRIC_CAPTURE,PARTIAL_CAPTURE_CHALLENGE,ASYMMETRIC_CAPTURE,CRITICAL,1.0,0.0,0.0,,,,,,,0.0,,,0.0,1.0,0.0,0.0,0.0,0.0,0.0,0.0,0.0,0.0,0.0,0.0,1.0
ANALYSIS_PARTIAL_ASYMMETRIC_CAPTURE_0023,partial_asymmetric_capture_0023,ANALYSIS_PARTIAL_ASYMMETRIC_CAPTURE_0023_partial_asymmetric_capture_0023,PARTIAL_CAPTURE_ASYMMETRIC_CAPTURE,PARTIAL_CAPTURE_CHALLENGE,ASYMMETRIC_CAPTURE,MEDIUM,0.0,1.0,0.0,0.0,0.0,,,,,0.0,0.0,,0.0,0.0,1.0,0.0,0.0,1.0,0.0,1.0,0.0,0.0,0.0,0.0,1.0
ANALYSIS_PARTIAL_ASYMMETRIC_CAPTURE_0024,partial_asymmetric_capture_0024,ANALYSIS_PARTIAL_ASYMMETRIC_CAPTURE_0024_partial_asymmetric_capture_0024,PARTIAL_CAPTURE_ASYMMETRIC_CAPTURE,PARTIAL_CAPTURE_CHALLENGE,ASYMMETRIC_CAPTURE,CRITICAL,1.0,0.0,0.0,,,,,,1.0,0.0,,,1.0,0.0,0.0,0.0,0.0,0.0,0.0,0.0,0.0,0.0,1.0,0.0,1.0
ANALYSIS_PARTIAL_ASYMMETRIC_CAPTURE_0025,partial_asymmetric_capture_0025,ANALYSIS_PARTIAL_ASYMMETRIC_CAPTURE_0025_partial_asymmetric_capture_0025,PARTIAL_CAPTURE_ASYMMETRIC_CAPTURE,PARTIAL_CAPTURE_CHALLENGE,ASYMMETRIC_CAPTURE,LOW,0.0,0.0,1.0,0.0,0.0,0.0,0.0,0.0,,0.0,0.0,0.0,0.0,1.0,0.0,0.0,0.0,0.0,1.0,1.0,1.0,0.0,0.0,0.0,1.0
ANALYSIS_PARTIAL_ASYMMETRIC_CAPTURE_0026,partial_asymmetric_capture_0026,ANALYSIS_PARTIAL_ASYMMETRIC_CAPTURE_0026_partial_asymmetric_capture_0026,PARTIAL_CAPTURE_ASYMMETRIC_CAPTURE,PARTIAL_CAPTURE_CHALLENGE,ASYMMETRIC_CAPTURE,LOW,0.0,1.0,0.0,0.0,0.0,0.0,0.0,0.0,,0.0,0.0,0.0,0.0,0.0,1.0,0.0,0.0,0.0,1.0,1.0,1.0,0.0,0.0,0.0,1.0
ANALYSIS_PARTIAL_ASYMMETRIC_CAPTURE_0027,partial_asymmetric_capture_0027,ANALYSIS_PARTIAL_ASYMMETRIC_CAPTURE_0027_partial_asymmetric_capture_0027,PARTIAL_CAPTURE_ASYMMETRIC_CAPTURE,PARTIAL_CAPTURE_CHALLENGE,ASYMMETRIC_CAPTURE,LOW,0.0,0.0,1.0,0.0,0.0,0.0,0.0,0.0,0.0,0.0,0.0,0.0,1.0,0.0,0.0,0.0,0.0,0.0,0.0,1.0,1.0,0.0,1.0,0.0,1.0
ANALYSIS_PARTIAL_ASYMMETRIC_CAPTURE_0028,partial_asymmetric_capture_0028,ANALYSIS_PARTIAL_ASYMMETRIC_CAPTURE_0028_partial_asymmetric_capture_0028,PARTIAL_CAPTURE_ASYMMETRIC_CAPTURE,PARTIAL_CAPTURE_CHALLENGE,ASYMMETRIC_CAPTURE,LOW,0.0,0.0,1.0,0.0,0.0,,,,,0.0,0.0,,0.0,1.0,0.0,0.0,0.0,0.0,1.0,1.0,0.0,0.0,0.0,0.0,1.0
ANALYSIS_PARTIAL_ASYMMETRIC_CAPTURE_0029,partial_asymmetric_capture_0029,ANALYSIS_PARTIAL_ASYMMETRIC_CAPTURE_0029_partial_asymmetric_capture_0029,PARTIAL_CAPTURE_ASYMMETRIC_CAPTURE,PARTIAL_CAPTURE_CHALLENGE,ASYMMETRIC_CAPTURE,MEDIUM,0.0,0.0,1.0,0.0,0.0,,,,0.0,0.0,1.0,,0.0,0.0,1.0,0.0,0.0,0.0,1.0,1.0,0.0,0.0,1.0,0.0,1.0
ANALYSIS_PARTIAL_ASYMMETRIC_CAPTURE_0030,partial_asymmetric_capture_0030,ANALYSIS_PARTIAL_ASYMMETRIC_CAPTURE_0030_partial_asymmetric_capture_0030,PARTIAL_CAPTURE_ASYMMETRIC_CAPTURE,PARTIAL_CAPTURE_CHALLENGE,ASYMMETRIC_CAPTURE,LOW,0.0,0.0,1.0,0.0,0.0,0.0,0.0,0.0,,0.0,0.0,0.0,1.0,0.0,0.0,0.0,0.0,0.0,0.0,1.0,1.0,0.0,0.0,0.0,1.0
ANALYSIS_PARTIAL_ASYMMETRIC_CAPTURE_0031,partial_asymmetric_capture_0031,ANALYSIS_PARTIAL_ASYMMETRIC_CAPTURE_0031_partial_asymmetric_capture_0031,PARTIAL_CAPTURE_ASYMMETRIC_CAPTURE,PARTIAL_CAPTURE_CHALLENGE,ASYMMETRIC_CAPTURE,LOW,0.0,1.0,0.0,0.0,0.0,0.0,0.0,0.0,0.0,0.0,0.0,0.0,0.0,1.0,0.0,0.0,0.0,0.0,0.0,1.0,1.0,1.0,1.0,0.0,1.0
ANALYSIS_PARTIAL_ASYMMETRIC_CAPTURE_0032,partial_asymmetric_capture_0032,ANALYSIS_PARTIAL_ASYMMETRIC_CAPTURE_0032_partial_asymmetric_capture_0032,PARTIAL_CAPTURE_ASYMMETRIC_CAPTURE,PARTIAL_CAPTURE_CHALLENGE,ASYMMETRIC_CAPTURE,LOW,0.0,0.0,1.0,0.0,0.0,0.0,0.0,0.0,,0.0,0.0,0.0,0.0,0.0,1.0,0.0,0.0,0.0,1.0,1.0,1.0,0.0,0.0,0.0,1.0
ANALYSIS_PARTIAL_ASYMMETRIC_CAPTURE_0033,partial_asymmetric_capture_0033,ANALYSIS_PARTIAL_ASYMMETRIC_CAPTURE_0033_partial_asymmetric_capture_0033,PARTIAL_CAPTURE_ASYMMETRIC_CAPTURE,PARTIAL_CAPTURE_CHALLENGE,ASYMMETRIC_CAPTURE,LOW,0.0,1.0,0.0,0.0,0.0,,,,,0.0,0.0,,1.0,0.0,0.0,0.0,0.0,0.0,1.0,1.0,0.0,0.0,0.0,0.0,1.0
ANALYSIS_PARTIAL_ASYMMETRIC_CAPTURE_0034,partial_asymmetric_capture_0034,ANALYSIS_PARTIAL_ASYMMETRIC_CAPTURE_0034_partial_asymmetric_capture_0034,PARTIAL_CAPTURE_ASYMMETRIC_CAPTURE,PARTIAL_CAPTURE_CHALLENGE,ASYMMETRIC_CAPTURE,HIGH,0.0,1.0,0.0,0.0,0.0,,,,,0.0,0.0,,0.0,1.0,0.0,0.0,1.0,0.0,0.0,1.0,0.0,0.0,0.0,0.0,1.0
ANALYSIS_PARTIAL_ASYMMETRIC_CAPTURE_0035,partial_asymmetric_capture_0035,ANALYSIS_PARTIAL_ASYMMETRIC_CAPTURE_0035_partial_asymmetric_capture_0035,PARTIAL_CAPTURE_ASYMMETRIC_CAPTURE,PARTIAL_CAPTURE_CHALLENGE,ASYMMETRIC_CAPTURE,MEDIUM,0.0,1.0,0.0,0.0,0.0,,,,,0.0,1.0,,0.0,0.0,1.0,0.0,0.0,0.0,0.0,1.0,0.0,0.0,0.0,0.0,1.0
ANALYSIS_PARTIAL_ASYMMETRIC_CAPTURE_0036,partial_asymmetric_capture_0036,ANALYSIS_PARTIAL_ASYMMETRIC_CAPTURE_0036_partial_asymmetric_capture_0036,PARTIAL_CAPTURE_ASYMMETRIC_CAPTURE,PARTIAL_CAPTURE_CHALLENGE,ASYMMETRIC_CAPTURE,MEDIUM,0.0,1.0,0.0,0.0,0.0,,,,,0.0,0.0,,1.0,0.0,0.0,0.0,0.0,1.0,0.0,1.0,0.0,0.0,0.0,0.0,1.0
ANALYSIS_PARTIAL_ASYMMETRIC_CAPTURE_0037,partial_asymmetric_capture_0037,ANALYSIS_PARTIAL_ASYMMETRIC_CAPTURE_0037_partial_asymmetric_capture_0037,PARTIAL_CAPTURE_ASYMMETRIC_CAPTURE,PARTIAL_CAPTURE_CHALLENGE,ASYMMETRIC_CAPTURE,CRITICAL,0.0,0.0,1.0,1.0,1.0,1.0,0.0,0.0,,0.0,0.0,0.0,0.0,1.0,0.0,0.0,2.0,0.0,0.0,1.0,1.0,0.0,0.0,0.0,1.0
ANALYSIS_PARTIAL_ASYMMETRIC_CAPTURE_0038,partial_asymmetric_capture_0038,ANALYSIS_PARTIAL_ASYMMETRIC_CAPTURE_0038_partial_asymmetric_capture_0038,PARTIAL_CAPTURE_ASYMMETRIC_CAPTURE,PARTIAL_CAPTURE_CHALLENGE,ASYMMETRIC_CAPTURE,CRITICAL,0.0,1.0,0.0,0.0,0.0,,,,1.0,0.0,0.0,,0.0,0.0,1.0,0.0,0.0,0.0,0.0,1.0,0.0,1.0,1.0,0.0,1.0
ANALYSIS_PARTIAL_ASYMMETRIC_CAPTURE_0039,partial_asymmetric_capture_0039,ANALYSIS_PARTIAL_ASYMMETRIC_CAPTURE_0039_partial_asymmetric_capture_0039,PARTIAL_CAPTURE_ASYMMETRIC_CAPTURE,PARTIAL_CAPTURE_CHALLENGE,ASYMMETRIC_CAPTURE,MEDIUM,0.0,1.0,0.0,0.0,0.0,,,,0.0,0.0,0.0,,1.0,0.0,0.0,0.0,0.0,1.0,0.0,1.0,0.0,1.0,1.0,0.0,1.0
ANALYSIS_PARTIAL_ASYMMETRIC_CAPTURE_0040,partial_asymmetric_capture_0040,ANALYSIS_PARTIAL_ASYMMETRIC_CAPTURE_0040_partial_asymmetric_capture_0040,PARTIAL_CAPTURE_ASYMMETRIC_CAPTURE,PARTIAL_CAPTURE_CHALLENGE,ASYMMETRIC_CAPTURE,HIGH,0.0,0.0,1.0,0.0,0.0,0.0,0.0,1.0,,0.0,0.0,0.0,0.0,1.0,0.0,0.0,1.0,0.0,0.0,1.0,1.0,0.0,0.0,0.0,1.0
ANALYSIS_PARTIAL_ASYMMETRIC_CAPTURE_0041,partial_asymmetric_capture_0041,ANALYSIS_PARTIAL_ASYMMETRIC_CAPTURE_0041_partial_asymmetric_capture_0041,PARTIAL_CAPTURE_ASYMMETRIC_CAPTURE,PARTIAL_CAPTURE_CHALLENGE,ASYMMETRIC_CAPTURE,MEDIUM,0.0,0.0,1.0,0.0,0.0,,,,0.0,0.0,1.0,,0.0,0.0,1.0,0.0,0.0,0.0,1.0,1.0,0.0,0.0,1.0,0.0,1.0
ANALYSIS_PARTIAL_ASYMMETRIC_CAPTURE_0042,partial_asymmetric_capture_0042,ANALYSIS_PARTIAL_ASYMMETRIC_CAPTURE_0042_partial_asymmetric_capture_0042,PARTIAL_CAPTURE_ASYMMETRIC_CAPTURE,PARTIAL_CAPTURE_CHALLENGE,ASYMMETRIC_CAPTURE,MEDIUM,0.0,1.0,0.0,0.0,0.0,,,,,0.0,1.0,,1.0,0.0,0.0,0.0,0.0,1.0,0.0,1.0,0.0,0.0,0.0,0.0,1.0
ANALYSIS_PARTIAL_ASYMMETRIC_CAPTURE_0043,partial_asymmetric_capture_0043,ANALYSIS_PARTIAL_ASYMMETRIC_CAPTURE_0043_partial_asymmetric_capture_0043,PARTIAL_CAPTURE_ASYMMETRIC_CAPTURE,PARTIAL_CAPTURE_CHALLENGE,ASYMMETRIC_CAPTURE,MEDIUM,0.0,0.0,1.0,0.0,0.0,0.0,0.0,0.0,,0.0,1.0,0.0,0.0,1.0,0.0,0.0,0.0,1.0,0.0,1.0,1.0,0.0,0.0,0.0,1.0
ANALYSIS_PARTIAL_ASYMMETRIC_CAPTURE_0044,partial_asymmetric_capture_0044,ANALYSIS_PARTIAL_ASYMMETRIC_CAPTURE_0044_partial_asymmetric_capture_0044,PARTIAL_CAPTURE_ASYMMETRIC_CAPTURE,PARTIAL_CAPTURE_CHALLENGE,ASYMMETRIC_CAPTURE,HIGH,0.0,0.0,1.0,0.0,0.0,,,,0.0,0.0,0.0,,0.0,0.0,1.0,0.0,1.0,0.0,0.0,1.0,0.0,0.0,1.0,0.0,1.0
ANALYSIS_PARTIAL_ASYMMETRIC_CAPTURE_0045,partial_asymmetric_capture_0045,ANALYSIS_PARTIAL_ASYMMETRIC_CAPTURE_0045_partial_asymmetric_capture_0045,PARTIAL_CAPTURE_ASYMMETRIC_CAPTURE,PARTIAL_CAPTURE_CHALLENGE,ASYMMETRIC_CAPTURE,LOW,0.0,1.0,0.0,0.0,0.0,,,,,0.0,0.0,,1.0,0.0,0.0,0.0,0.0,0.0,1.0,1.0,0.0,0.0,0.0,0.0,1.0
ANALYSIS_PARTIAL_ASYMMETRIC_CAPTURE_0046,partial_asymmetric_capture_0046,ANALYSIS_PARTIAL_ASYMMETRIC_CAPTURE_0046_partial_asymmetric_capture_0046,PARTIAL_CAPTURE_ASYMMETRIC_CAPTURE,PARTIAL_CAPTURE_CHALLENGE,ASYMMETRIC_CAPTURE,HIGH,0.0,1.0,0.0,1.0,0.0,0.0,0.0,0.0,,0.0,1.0,0.0,0.0,1.0,0.0,0.0,1.0,0.0,0.0,1.0,1.0,0.0,0.0,0.0,1.0
ANALYSIS_PARTIAL_ASYMMETRIC_CAPTURE_0047,partial_asymmetric_capture_0047,ANALYSIS_PARTIAL_ASYMMETRIC_CAPTURE_0047_partial_asymmetric_capture_0047,PARTIAL_CAPTURE_ASYMMETRIC_CAPTURE,PARTIAL_CAPTURE_CHALLENGE,ASYMMETRIC_CAPTURE,MEDIUM,0.0,0.0,1.0,0.0,0.0,,,,0.0,0.0,0.0,,0.0,0.0,1.0,0.0,0.0,1.0,0.0,1.0,0.0,0.0,1.0,0.0,1.0
ANALYSIS_PARTIAL_ASYMMETRIC_CAPTURE_0048,partial_asymmetric_capture_0048,ANALYSIS_PARTIAL_ASYMMETRIC_CAPTURE_0048_partial_asymmetric_capture_0048,PARTIAL_CAPTURE_ASYMMETRIC_CAPTURE,PARTIAL_CAPTURE_CHALLENGE,ASYMMETRIC_CAPTURE,HIGH,0.0,0.0,1.0,0.0,0.0,,,,0.0,0.0,0.0,,1.0,0.0,0.0,0.0,1.0,0.0,0.0,1.0,0.0,0.0,1.0,0.0,1.0
ANALYSIS_PARTIAL_ASYMMETRIC_CAPTURE_0049,partial_asymmetric_capture_0049,ANALYSIS_PARTIAL_ASYMMETRIC_CAPTURE_0049_partial_asymmetric_capture_0049,PARTIAL_CAPTURE_ASYMMETRIC_CAPTURE,PARTIAL_CAPTURE_CHALLENGE,ASYMMETRIC_CAPTURE,MEDIUM,0.0,0.0,1.0,0.0,0.0,,,,0.0,0.0,0.0,,0.0,1.0,0.0,0.0,0.0,1.0,0.0,1.0,0.0,0.0,1.0,0.0,1.0
ANALYSIS_PARTIAL_ASYMMETRIC_CAPTURE_0050,partial_asymmetric_capture_0050,ANALYSIS_PARTIAL_ASYMMETRIC_CAPTURE_0050_partial_asymmetric_capture_0050,PARTIAL_CAPTURE_ASYMMETRIC_CAPTURE,PARTIAL_CAPTURE_CHALLENGE,ASYMMETRIC_CAPTURE,CRITICAL,1.0,0.0,0.0,,,,,,,0.0,,,0.0,0.0,1.0,0.0,0.0,0.0,0.0,0.0,0.0,0.0,0.0,0.0,1.0
ANALYSIS_PARTIAL_ASYMMETRIC_CAPTURE_0051,partial_asymmetric_capture_0051,ANALYSIS_PARTIAL_ASYMMETRIC_CAPTURE_0051_partial_asymmetric_capture_0051,PARTIAL_CAPTURE_ASYMMETRIC_CAPTURE,PARTIAL_CAPTURE_CHALLENGE,ASYMMETRIC_CAPTURE,HIGH,0.0,0.0,1.0,0.0,0.0,,,,0.0,0.0,0.0,,1.0,0.0,0.0,0.0,1.0,0.0,0.0,1.0,0.0,0.0,1.0,0.0,1.0
ANALYSIS_PARTIAL_ASYMMETRIC_CAPTURE_0052,partial_asymmetric_capture_0052,ANALYSIS_PARTIAL_ASYMMETRIC_CAPTURE_0052_partial_asymmetric_capture_0052,PARTIAL_CAPTURE_ASYMMETRIC_CAPTURE,PARTIAL_CAPTURE_CHALLENGE,ASYMMETRIC_CAPTURE,LOW,0.0,1.0,0.0,0.0,0.0,,,,,0.0,0.0,,0.0,1.0,0.0,0.0,0.0,0.0,0.0,1.0,0.0,0.0,0.0,0.0,1.0
ANALYSIS_PARTIAL_ASYMMETRIC_CAPTURE_0053,partial_asymmetric_capture_0053,ANALYSIS_PARTIAL_ASYMMETRIC_CAPTURE_0053_partial_asymmetric_capture_0053,PARTIAL_CAPTURE_ASYMMETRIC_CAPTURE,PARTIAL_CAPTURE_CHALLENGE,ASYMMETRIC_CAPTURE,CRITICAL,0.0,1.0,0.0,0.0,0.0,0.0,0.0,0.0,,0.0,0.0,0.0,0.0,0.0,1.0,1.0,0.0,0.0,0.0,1.0,1.0,0.0,0.0,0.0,1.0
ANALYSIS_PARTIAL_ASYMMETRIC_CAPTURE_0054,partial_asymmetric_capture_0054,ANALYSIS_PARTIAL_ASYMMETRIC_CAPTURE_0054_partial_asymmetric_capture_0054,PARTIAL_CAPTURE_ASYMMETRIC_CAPTURE,PARTIAL_CAPTURE_CHALLENGE,ASYMMETRIC_CAPTURE,CRITICAL,1.0,0.0,0.0,,,,,,0.0,0.0,,,1.0,0.0,0.0,0.0,0.0,0.0,0.0,0.0,0.0,0.0,1.0,0.0,1.0
ANALYSIS_PARTIAL_ASYMMETRIC_CAPTURE_0055,partial_asymmetric_capture_0055,ANALYSIS_PARTIAL_ASYMMETRIC_CAPTURE_0055_partial_asymmetric_capture_0055,PARTIAL_CAPTURE_ASYMMETRIC_CAPTURE,PARTIAL_CAPTURE_CHALLENGE,ASYMMETRIC_CAPTURE,HIGH,0.0,1.0,0.0,0.0,0.0,,,,,0.0,0.0,,0.0,1.0,0.0,0.0,1.0,0.0,0.0,1.0,0.0,0.0,0.0,0.0,1.0
ANALYSIS_PARTIAL_ASYMMETRIC_CAPTURE_0056,partial_asymmetric_capture_0056,ANALYSIS_PARTIAL_ASYMMETRIC_CAPTURE_0056_partial_asymmetric_capture_0056,PARTIAL_CAPTURE_ASYMMETRIC_CAPTURE,PARTIAL_CAPTURE_CHALLENGE,ASYMMETRIC_CAPTURE,MEDIUM,0.0,0.0,1.0,0.0,0.0,,,,,0.0,0.0,,0.0,0.0,1.0,0.0,0.0,1.0,0.0,1.0,0.0,0.0,0.0,0.0,1.0
ANALYSIS_PARTIAL_ASYMMETRIC_CAPTURE_0057,partial_asymmetric_capture_0057,ANALYSIS_PARTIAL_ASYMMETRIC_CAPTURE_0057_partial_asymmetric_capture_0057,PARTIAL_CAPTURE_ASYMMETRIC_CAPTURE,PARTIAL_CAPTURE_CHALLENGE,ASYMMETRIC_CAPTURE,LOW,0.0,1.0,0.0,0.0,0.0,0.0,0.0,0.0,,0.0,0.0,0.0,1.0,0.0,0.0,0.0,0.0,0.0,0.0,1.0,1.0,0.0,0.0,0.0,1.0
ANALYSIS_PARTIAL_ASYMMETRIC_CAPTURE_0058,partial_asymmetric_capture_0058,ANALYSIS_PARTIAL_ASYMMETRIC_CAPTURE_0058_partial_asymmetric_capture_0058,PARTIAL_CAPTURE_ASYMMETRIC_CAPTURE,PARTIAL_CAPTURE_CHALLENGE,ASYMMETRIC_CAPTURE,HIGH,0.0,0.0,1.0,1.0,1.0,,,,,0.0,0.0,,0.0,1.0,0.0,0.0,2.0,0.0,0.0,1.0,0.0,0.0,0.0,0.0,1.0
ANALYSIS_PARTIAL_ASYMMETRIC_CAPTURE_0059,partial_asymmetric_capture_0059,ANALYSIS_PARTIAL_ASYMMETRIC_CAPTURE_0059_partial_asymmetric_capture_0059,PARTIAL_CAPTURE_ASYMMETRIC_CAPTURE,PARTIAL_CAPTURE_CHALLENGE,ASYMMETRIC_CAPTURE,MEDIUM,0.0,1.0,0.0,0.0,0.0,,,,,0.0,1.0,,0.0,0.0,1.0,0.0,0.0,0.0,0.0,1.0,0.0,0.0,0.0,0.0,1.0
ANALYSIS_PARTIAL_ASYMMETRIC_CAPTURE_0060,partial_asymmetric_capture_0060,ANALYSIS_PARTIAL_ASYMMETRIC_CAPTURE_0060_partial_asymmetric_capture_0060,PARTIAL_CAPTURE_ASYMMETRIC_CAPTURE,PARTIAL_CAPTURE_CHALLENGE,ASYMMETRIC_CAPTURE,HIGH,0.0,1.0,0.0,0.0,0.0,,,,0.0,0.0,0.0,,1.0,0.0,0.0,0.0,1.0,0.0,0.0,1.0,0.0,1.0,1.0,0.0,1.0
ANALYSIS_PARTIAL_ASYMMETRIC_CAPTURE_0061,partial_asymmetric_capture_0061,ANALYSIS_PARTIAL_ASYMMETRIC_CAPTURE_0061_partial_asymmetric_capture_0061,PARTIAL_CAPTURE_ASYMMETRIC_CAPTURE,PARTIAL_CAPTURE_CHALLENGE,ASYMMETRIC_CAPTURE,HIGH,0.0,1.0,0.0,0.0,0.0,0.0,0.0,1.0,0.0,0.0,0.0,0.0,0.0,1.0,0.0,0.0,1.0,0.0,0.0,1.0,1.0,1.0,1.0,0.0,1.0
ANALYSIS_PARTIAL_ASYMMETRIC_CAPTURE_0062,partial_asymmetric_capture_0062,ANALYSIS_PARTIAL_ASYMMETRIC_CAPTURE_0062_partial_asymmetric_capture_0062,PARTIAL_CAPTURE_ASYMMETRIC_CAPTURE,PARTIAL_CAPTURE_CHALLENGE,ASYMMETRIC_CAPTURE,MEDIUM,0.0,0.0,1.0,0.0,0.0,,,,,0.0,1.0,,0.0,0.0,1.0,0.0,0.0,1.0,0.0,1.0,0.0,0.0,0.0,0.0,1.0
ANALYSIS_PARTIAL_ASYMMETRIC_CAPTURE_0063,partial_asymmetric_capture_0063,ANALYSIS_PARTIAL_ASYMMETRIC_CAPTURE_0063_partial_asymmetric_capture_0063,PARTIAL_CAPTURE_ASYMMETRIC_CAPTURE,PARTIAL_CAPTURE_CHALLENGE,ASYMMETRIC_CAPTURE,HIGH,0.0,0.0,1.0,0.0,0.0,,,,,0.0,0.0,,1.0,0.0,0.0,0.0,1.0,0.0,0.0,1.0,0.0,0.0,0.0,0.0,1.0
ANALYSIS_PARTIAL_ASYMMETRIC_CAPTURE_0064,partial_asymmetric_capture_0064,ANALYSIS_PARTIAL_ASYMMETRIC_CAPTURE_0064_partial_asymmetric_capture_0064,PARTIAL_CAPTURE_ASYMMETRIC_CAPTURE,PARTIAL_CAPTURE_CHALLENGE,ASYMMETRIC_CAPTURE,LOW,0.0,0.0,1.0,0.0,0.0,0.0,0.0,0.0,,0.0,0.0,0.0,0.0,1.0,0.0,0.0,0.0,0.0,0.0,1.0,1.0,0.0,0.0,0.0,1.0
ANALYSIS_PARTIAL_ASYMMETRIC_CAPTURE_0065,partial_asymmetric_capture_0065,ANALYSIS_PARTIAL_ASYMMETRIC_CAPTURE_0065_partial_asymmetric_capture_0065,PARTIAL_CAPTURE_ASYMMETRIC_CAPTURE,PARTIAL_CAPTURE_CHALLENGE,ASYMMETRIC_CAPTURE,LOW,0.0,0.0,1.0,0.0,0.0,,,,,0.0,0.0,,0.0,0.0,1.0,0.0,0.0,0.0,0.0,1.0,0.0,0.0,0.0,0.0,1.0
ANALYSIS_PARTIAL_ASYMMETRIC_CAPTURE_0066,partial_asymmetric_capture_0066,ANALYSIS_PARTIAL_ASYMMETRIC_CAPTURE_0066_partial_asymmetric_capture_0066,PARTIAL_CAPTURE_ASYMMETRIC_CAPTURE,PARTIAL_CAPTURE_CHALLENGE,ASYMMETRIC_CAPTURE,HIGH,0.0,0.0,1.0,0.0,0.0,1.0,0.0,0.0,0.0,0.0,0.0,0.0,1.0,0.0,0.0,0.0,1.0,0.0,0.0,1.0,1.0,0.0,1.0,0.0,1.0
ANALYSIS_PARTIAL_ASYMMETRIC_CAPTURE_0067,partial_asymmetric_capture_0067,ANALYSIS_PARTIAL_ASYMMETRIC_CAPTURE_0067_partial_asymmetric_capture_0067,PARTIAL_CAPTURE_ASYMMETRIC_CAPTURE,PARTIAL_CAPTURE_CHALLENGE,ASYMMETRIC_CAPTURE,HIGH,0.0,1.0,0.0,1.0,1.0,,,,0.0,0.0,0.0,,0.0,1.0,0.0,0.0,2.0,0.0,0.0,1.0,0.0,1.0,1.0,0.0,1.0
ANALYSIS_PARTIAL_ASYMMETRIC_CAPTURE_0068,partial_asymmetric_capture_0068,ANALYSIS_PARTIAL_ASYMMETRIC_CAPTURE_0068_partial_asymmetric_capture_0068,PARTIAL_CAPTURE_ASYMMETRIC_CAPTURE,PARTIAL_CAPTURE_CHALLENGE,ASYMMETRIC_CAPTURE,HIGH,0.0,0.0,1.0,0.0,0.0,1.0,0.0,0.0,,0.0,0.0,0.0,0.0,0.0,1.0,0.0,1.0,0.0,0.0,1.0,1.0,0.0,0.0,0.0,1.0
ANALYSIS_PARTIAL_ASYMMETRIC_CAPTURE_0069,partial_asymmetric_capture_0069,ANALYSIS_PARTIAL_ASYMMETRIC_CAPTURE_0069_partial_asymmetric_capture_0069,PARTIAL_CAPTURE_ASYMMETRIC_CAPTURE,PARTIAL_CAPTURE_CHALLENGE,ASYMMETRIC_CAPTURE,MEDIUM,0.0,1.0,0.0,0.0,0.0,,,,,0.0,1.0,,1.0,0.0,0.0,0.0,0.0,1.0,0.0,1.0,0.0,0.0,0.0,0.0,1.0
ANALYSIS_PARTIAL_ASYMMETRIC_CAPTURE_0070,partial_asymmetric_capture_0070,ANALYSIS_PARTIAL_ASYMMETRIC_CAPTURE_0070_partial_asymmetric_capture_0070,PARTIAL_CAPTURE_ASYMMETRIC_CAPTURE,PARTIAL_CAPTURE_CHALLENGE,ASYMMETRIC_CAPTURE,HIGH,0.0,1.0,0.0,0.0,0.0,1.0,0.0,0.0,,0.0,0.0,0.0,0.0,1.0,0.0,0.0,1.0,0.0,0.0,1.0,1.0,0.0,0.0,0.0,1.0
ANALYSIS_PARTIAL_ASYMMETRIC_CAPTURE_0071,partial_asymmetric_capture_0071,ANALYSIS_PARTIAL_ASYMMETRIC_CAPTURE_0071_partial_asymmetric_capture_0071,PARTIAL_CAPTURE_ASYMMETRIC_CAPTURE,PARTIAL_CAPTURE_CHALLENGE,ASYMMETRIC_CAPTURE,HIGH,0.0,1.0,0.0,0.0,0.0,0.0,0.0,1.0,,0.0,0.0,0.0,0.0,0.0,1.0,0.0,1.0,0.0,0.0,1.0,1.0,0.0,0.0,0.0,1.0
ANALYSIS_PARTIAL_ASYMMETRIC_CAPTURE_0072,partial_asymmetric_capture_0072,ANALYSIS_PARTIAL_ASYMMETRIC_CAPTURE_0072_partial_asymmetric_capture_0072,PARTIAL_CAPTURE_ASYMMETRIC_CAPTURE,PARTIAL_CAPTURE_CHALLENGE,ASYMMETRIC_CAPTURE,MEDIUM,0.0,0.0,1.0,0.0,0.0,,,,,0.0,1.0,,1.0,0.0,0.0,0.0,0.0,1.0,0.0,1.0,0.0,0.0,0.0,0.0,1.0
ANALYSIS_PARTIAL_ASYMMETRIC_CAPTURE_0073,partial_asymmetric_capture_0073,ANALYSIS_PARTIAL_ASYMMETRIC_CAPTURE_0073_partial_asymmetric_capture_0073,PARTIAL_CAPTURE_ASYMMETRIC_CAPTURE,PARTIAL_CAPTURE_CHALLENGE,ASYMMETRIC_CAPTURE,LOW,0.0,0.0,1.0,0.0,0.0,,,,,0.0,0.0,,0.0,1.0,0.0,0.0,0.0,0.0,1.0,1.0,0.0,0.0,0.0,0.0,1.0
ANALYSIS_PARTIAL_ASYMMETRIC_CAPTURE_0074,partial_asymmetric_capture_0074,ANALYSIS_PARTIAL_ASYMMETRIC_CAPTURE_0074_partial_asymmetric_capture_0074,PARTIAL_CAPTURE_ASYMMETRIC_CAPTURE,PARTIAL_CAPTURE_CHALLENGE,ASYMMETRIC_CAPTURE,CRITICAL,1.0,0.0,0.0,,,,,,0.0,0.0,,,0.0,0.0,1.0,0.0,0.0,0.0,0.0,0.0,0.0,0.0,1.0,0.0,1.0
ANALYSIS_PARTIAL_ASYMMETRIC_CAPTURE_0075,partial_asymmetric_capture_0075,ANALYSIS_PARTIAL_ASYMMETRIC_CAPTURE_0075_partial_asymmetric_capture_0075,PARTIAL_CAPTURE_ASYMMETRIC_CAPTURE,PARTIAL_CAPTURE_CHALLENGE,ASYMMETRIC_CAPTURE,LOW,0.0,0.0,1.0,0.0,0.0,,,,,0.0,0.0,,1.0,0.0,0.0,0.0,0.0,0.0,0.0,1.0,0.0,0.0,0.0,0.0,1.0
ANALYSIS_PARTIAL_ASYMMETRIC_CAPTURE_0076,partial_asymmetric_capture_0076,ANALYSIS_PARTIAL_ASYMMETRIC_CAPTURE_0076_partial_asymmetric_capture_0076,PARTIAL_CAPTURE_ASYMMETRIC_CAPTURE,PARTIAL_CAPTURE_CHALLENGE,ASYMMETRIC_CAPTURE,CRITICAL,0.0,0.0,1.0,1.0,1.0,1.0,0.0,0.0,0.0,0.0,0.0,0.0,0.0,1.0,0.0,0.0,2.0,0.0,0.0,1.0,1.0,0.0,1.0,0.0,1.0
ANALYSIS_PARTIAL_ASYMMETRIC_CAPTURE_0077,partial_asymmetric_capture_0077,ANALYSIS_PARTIAL_ASYMMETRIC_CAPTURE_0077_partial_asymmetric_capture_0077,PARTIAL_CAPTURE_ASYMMETRIC_CAPTURE,PARTIAL_CAPTURE_CHALLENGE,ASYMMETRIC_CAPTURE,LOW,0.0,1.0,0.0,0.0,0.0,0.0,0.0,0.0,,0.0,0.0,0.0,0.0,0.0,1.0,0.0,0.0,0.0,0.0,1.0,1.0,0.0,0.0,0.0,1.0
ANALYSIS_PARTIAL_ASYMMETRIC_CAPTURE_0078,partial_asymmetric_capture_0078,ANALYSIS_PARTIAL_ASYMMETRIC_CAPTURE_0078_partial_asymmetric_capture_0078,PARTIAL_CAPTURE_ASYMMETRIC_CAPTURE,PARTIAL_CAPTURE_CHALLENGE,ASYMMETRIC_CAPTURE,MEDIUM,0.0,0.0,1.0,0.0,0.0,0.0,0.0,0.0,0.0,0.0,0.0,1.0,1.0,0.0,0.0,0.0,0.0,1.0,0.0,1.0,1.0,0.0,1.0,0.0,1.0
ANALYSIS_PARTIAL_ASYMMETRIC_CAPTURE_0079,partial_asymmetric_capture_0079,ANALYSIS_PARTIAL_ASYMMETRIC_CAPTURE_0079_partial_asymmetric_capture_0079,PARTIAL_CAPTURE_ASYMMETRIC_CAPTURE,PARTIAL_CAPTURE_CHALLENGE,ASYMMETRIC_CAPTURE,HIGH,0.0,1.0,0.0,1.0,1.0,,,,0.0,0.0,0.0,,0.0,1.0,0.0,0.0,2.0,0.0,0.0,1.0,0.0,1.0,1.0,0.0,1.0
ANALYSIS_PARTIAL_ASYMMETRIC_CAPTURE_0080,partial_asymmetric_capture_0080,ANALYSIS_PARTIAL_ASYMMETRIC_CAPTURE_0080_partial_asymmetric_capture_0080,PARTIAL_CAPTURE_ASYMMETRIC_CAPTURE,PARTIAL_CAPTURE_CHALLENGE,ASYMMETRIC_CAPTURE,CRITICAL,0.0,0.0,1.0,1.0,1.0,1.0,0.0,0.0,0.0,0.0,0.0,0.0,0.0,0.0,1.0,0.0,2.0,0.0,0.0,1.0,1.0,0.0,1.0,0.0,1.0
ANALYSIS_PARTIAL_ASYMMETRIC_CAPTURE_0081,partial_asymmetric_capture_0081,ANALYSIS_PARTIAL_ASYMMETRIC_CAPTURE_0081_partial_asymmetric_capture_0081,PARTIAL_CAPTURE_ASYMMETRIC_CAPTURE,PARTIAL_CAPTURE_CHALLENGE,ASYMMETRIC_CAPTURE,MEDIUM,0.0,1.0,0.0,0.0,0.0,,,,,0.0,0.0,,1.0,0.0,0.0,0.0,0.0,1.0,0.0,1.0,0.0,0.0,0.0,0.0,1.0
ANALYSIS_PARTIAL_ASYMMETRIC_CAPTURE_0082,partial_asymmetric_capture_0082,ANALYSIS_PARTIAL_ASYMMETRIC_CAPTURE_0082_partial_asymmetric_capture_0082,PARTIAL_CAPTURE_ASYMMETRIC_CAPTURE,PARTIAL_CAPTURE_CHALLENGE,ASYMMETRIC_CAPTURE,LOW,0.0,0.0,1.0,0.0,0.0,,,,,0.0,0.0,,0.0,1.0,0.0,0.0,0.0,0.0,0.0,1.0,0.0,0.0,0.0,0.0,1.0
ANALYSIS_PARTIAL_ASYMMETRIC_CAPTURE_0083,partial_asymmetric_capture_0083,ANALYSIS_PARTIAL_ASYMMETRIC_CAPTURE_0083_partial_asymmetric_capture_0083,PARTIAL_CAPTURE_ASYMMETRIC_CAPTURE,PARTIAL_CAPTURE_CHALLENGE,ASYMMETRIC_CAPTURE,HIGH,0.0,1.0,0.0,0.0,0.0,0.0,0.0,1.0,,0.0,0.0,0.0,0.0,0.0,1.0,0.0,1.0,0.0,0.0,1.0,1.0,0.0,0.0,0.0,1.0
ANALYSIS_PARTIAL_ASYMMETRIC_CAPTURE_0084,partial_asymmetric_capture_0084,ANALYSIS_PARTIAL_ASYMMETRIC_CAPTURE_0084_partial_asymmetric_capture_0084,PARTIAL_CAPTURE_ASYMMETRIC_CAPTURE,PARTIAL_CAPTURE_CHALLENGE,ASYMMETRIC_CAPTURE,HIGH,0.0,0.0,1.0,0.0,0.0,1.0,0.0,0.0,,0.0,0.0,0.0,1.0,0.0,0.0,0.0,1.0,0.0,0.0,1.0,1.0,0.0,0.0,0.0,1.0
ANALYSIS_PARTIAL_ASYMMETRIC_CAPTURE_0085,partial_asymmetric_capture_0085,ANALYSIS_PARTIAL_ASYMMETRIC_CAPTURE_0085_partial_asymmetric_capture_0085,PARTIAL_CAPTURE_ASYMMETRIC_CAPTURE,PARTIAL_CAPTURE_CHALLENGE,ASYMMETRIC_CAPTURE,MEDIUM,0.0,0.0,1.0,0.0,0.0,,,,,0.0,0.0,,0.0,1.0,0.0,0.0,0.0,1.0,0.0,1.0,0.0,0.0,0.0,0.0,1.0
ANALYSIS_PARTIAL_ASYMMETRIC_CAPTURE_0086,partial_asymmetric_capture_0086,ANALYSIS_PARTIAL_ASYMMETRIC_CAPTURE_0086_partial_asymmetric_capture_0086,PARTIAL_CAPTURE_ASYMMETRIC_CAPTURE,PARTIAL_CAPTURE_CHALLENGE,ASYMMETRIC_CAPTURE,LOW,0.0,0.0,1.0,0.0,0.0,,,,,0.0,0.0,,0.0,0.0,1.0,0.0,0.0,0.0,0.0,1.0,0.0,0.0,0.0,0.0,1.0
ANALYSIS_PARTIAL_ASYMMETRIC_CAPTURE_0087,partial_asymmetric_capture_0087,ANALYSIS_PARTIAL_ASYMMETRIC_CAPTURE_0087_partial_asymmetric_capture_0087,PARTIAL_CAPTURE_ASYMMETRIC_CAPTURE,PARTIAL_CAPTURE_CHALLENGE,ASYMMETRIC_CAPTURE,CRITICAL,1.0,0.0,0.0,,,,,,,0.0,,,1.0,0.0,0.0,0.0,0.0,0.0,0.0,0.0,0.0,0.0,0.0,0.0,1.0
ANALYSIS_PARTIAL_ASYMMETRIC_CAPTURE_0088,partial_asymmetric_capture_0088,ANALYSIS_PARTIAL_ASYMMETRIC_CAPTURE_0088_partial_asymmetric_capture_0088,PARTIAL_CAPTURE_ASYMMETRIC_CAPTURE,PARTIAL_CAPTURE_CHALLENGE,ASYMMETRIC_CAPTURE,HIGH,0.0,0.0,1.0,1.0,1.0,,,,0.0,0.0,0.0,,0.0,1.0,0.0,0.0,2.0,0.0,0.0,1.0,0.0,0.0,1.0,0.0,1.0
ANALYSIS_PARTIAL_ASYMMETRIC_CAPTURE_0089,partial_asymmetric_capture_0089,ANALYSIS_PARTIAL_ASYMMETRIC_CAPTURE_0089_partial_asymmetric_capture_0089,PARTIAL_CAPTURE_ASYMMETRIC_CAPTURE,PARTIAL_CAPTURE_CHALLENGE,ASYMMETRIC_CAPTURE,MEDIUM,0.0,1.0,0.0,0.0,0.0,,,,,0.0,0.0,,0.0,0.0,1.0,0.0,0.0,1.0,0.0,1.0,0.0,0.0,0.0,0.0,1.0
ANALYSIS_PARTIAL_ASYMMETRIC_CAPTURE_0090,partial_asymmetric_capture_0090,ANALYSIS_PARTIAL_ASYMMETRIC_CAPTURE_0090_partial_asymmetric_capture_0090,PARTIAL_CAPTURE_ASYMMETRIC_CAPTURE,PARTIAL_CAPTURE_CHALLENGE,ASYMMETRIC_CAPTURE,HIGH,0.0,1.0,0.0,0.0,1.0,0.0,0.0,0.0,,0.0,0.0,0.0,1.0,0.0,0.0,0.0,1.0,0.0,0.0,1.0,1.0,0.0,0.0,0.0,1.0
ANALYSIS_PARTIAL_ASYMMETRIC_CAPTURE_0091,partial_asymmetric_capture_0091,ANALYSIS_PARTIAL_ASYMMETRIC_CAPTURE_0091_partial_asymmetric_capture_0091,PARTIAL_CAPTURE_ASYMMETRIC_CAPTURE,PARTIAL_CAPTURE_CHALLENGE,ASYMMETRIC_CAPTURE,HIGH,0.0,0.0,1.0,1.0,1.0,,,,,0.0,0.0,,0.0,1.0,0.0,0.0,2.0,0.0,0.0,1.0,0.0,0.0,0.0,0.0,1.0
ANALYSIS_PARTIAL_ASYMMETRIC_CAPTURE_0092,partial_asymmetric_capture_0092,ANALYSIS_PARTIAL_ASYMMETRIC_CAPTURE_0092_partial_asymmetric_capture_0092,PARTIAL_CAPTURE_ASYMMETRIC_CAPTURE,PARTIAL_CAPTURE_CHALLENGE,ASYMMETRIC_CAPTURE,CRITICAL,0.0,0.0,1.0,1.0,1.0,1.0,0.0,0.0,,0.0,0.0,0.0,0.0,0.0,1.0,0.0,2.0,0.0,0.0,1.0,1.0,0.0,0.0,0.0,1.0
ANALYSIS_PARTIAL_ASYMMETRIC_CAPTURE_0093,partial_asymmetric_capture_0093,ANALYSIS_PARTIAL_ASYMMETRIC_CAPTURE_0093_partial_asymmetric_capture_0093,PARTIAL_CAPTURE_ASYMMETRIC_CAPTURE,PARTIAL_CAPTURE_CHALLENGE,ASYMMETRIC_CAPTURE,LOW,0.0,0.0,1.0,0.0,0.0,,,,,0.0,0.0,,1.0,0.0,0.0,0.0,0.0,0.0,1.0,1.0,0.0,0.0,0.0,0.0,1.0
ANALYSIS_PARTIAL_ASYMMETRIC_CAPTURE_0094,partial_asymmetric_capture_0094,ANALYSIS_PARTIAL_ASYMMETRIC_CAPTURE_0094_partial_asymmetric_capture_0094,PARTIAL_CAPTURE_ASYMMETRIC_CAPTURE,PARTIAL_CAPTURE_CHALLENGE,ASYMMETRIC_CAPTURE,HIGH,0.0,1.0,0.0,0.0,1.0,,,,0.0,0.0,0.0,,0.0,1.0,0.0,0.0,1.0,0.0,0.0,1.0,0.0,1.0,1.0,0.0,1.0
ANALYSIS_PARTIAL_ASYMMETRIC_CAPTURE_0095,partial_asymmetric_capture_0095,ANALYSIS_PARTIAL_ASYMMETRIC_CAPTURE_0095_partial_asymmetric_capture_0095,PARTIAL_CAPTURE_ASYMMETRIC_CAPTURE,PARTIAL_CAPTURE_CHALLENGE,ASYMMETRIC_CAPTURE,LOW,0.0,0.0,1.0,0.0,0.0,,,,,0.0,0.0,,0.0,0.0,1.0,0.0,0.0,0.0,0.0,1.0,0.0,0.0,0.0,0.0,1.0
ANALYSIS_PARTIAL_ASYMMETRIC_CAPTURE_0096,partial_asymmetric_capture_0096,ANALYSIS_PARTIAL_ASYMMETRIC_CAPTURE_0096_partial_asymmetric_capture_0096,PARTIAL_CAPTURE_ASYMMETRIC_CAPTURE,PARTIAL_CAPTURE_CHALLENGE,ASYMMETRIC_CAPTURE,CRITICAL,1.0,0.0,0.0,,,,,,0.0,0.0,,,1.0,0.0,0.0,0.0,0.0,0.0,0.0,0.0,0.0,0.0,1.0,0.0,1.0
ANALYSIS_PARTIAL_ASYMMETRIC_CAPTURE_0097,partial_asymmetric_capture_0097,ANALYSIS_PARTIAL_ASYMMETRIC_CAPTURE_0097_partial_asymmetric_capture_0097,PARTIAL_CAPTURE_ASYMMETRIC_CAPTURE,PARTIAL_CAPTURE_CHALLENGE,ASYMMETRIC_CAPTURE,HIGH,0.0,0.0,1.0,0.0,1.0,,,,,0.0,0.0,,0.0,1.0,0.0,0.0,1.0,0.0,0.0,1.0,0.0,0.0,0.0,0.0,1.0
ANALYSIS_PARTIAL_ASYMMETRIC_CAPTURE_0098,partial_asymmetric_capture_0098,ANALYSIS_PARTIAL_ASYMMETRIC_CAPTURE_0098_partial_asymmetric_capture_0098,PARTIAL_CAPTURE_ASYMMETRIC_CAPTURE,PARTIAL_CAPTURE_CHALLENGE,ASYMMETRIC_CAPTURE,LOW,0.0,0.0,1.0,0.0,0.0,,,,,0.0,0.0,,0.0,0.0,1.0,0.0,0.0,0.0,1.0,1.0,0.0,0.0,0.0,0.0,1.0
ANALYSIS_PARTIAL_ASYMMETRIC_CAPTURE_0099,partial_asymmetric_capture_0099,ANALYSIS_PARTIAL_ASYMMETRIC_CAPTURE_0099_partial_asymmetric_capture_0099,PARTIAL_CAPTURE_ASYMMETRIC_CAPTURE,PARTIAL_CAPTURE_CHALLENGE,ASYMMETRIC_CAPTURE,CRITICAL,1.0,0.0,0.0,,,,,,1.0,0.0,,,1.0,0.0,0.0,0.0,0.0,0.0,0.0,0.0,0.0,0.0,1.0,0.0,1.0
ANALYSIS_PARTIAL_PACKET_LOSS_SIMULATION_0000,partial_packet_loss_simulation_0000,ANALYSIS_PARTIAL_PACKET_LOSS_SIMULATION_0000_partial_packet_loss_simulation_0000,PARTIAL_CAPTURE_PACKET_LOSS_SIMULATION,PARTIAL_CAPTURE_CHALLENGE,PACKET_LOSS_SIMULATION,LOW,0.0,1.0,0.0,,,0.0,0.0,0.0,0.0,0.0,,0.0,1.0,0.0,0.0,0.0,0.0,0.0,1.0,0.0,1.0,1.0,1.0,0.0,0.0
ANALYSIS_PARTIAL_PACKET_LOSS_SIMULATION_0001,partial_packet_loss_simulation_0001,ANALYSIS_PARTIAL_PACKET_LOSS_SIMULATION_0001_partial_packet_loss_simulation_0001,PARTIAL_CAPTURE_PACKET_LOSS_SIMULATION,PARTIAL_CAPTURE_CHALLENGE,PACKET_LOSS_SIMULATION,LOW,0.0,1.0,0.0,,,,,,0.0,0.0,,,0.0,1.0,0.0,0.0,0.0,0.0,0.0,0.0,0.0,1.0,1.0,0.0,0.0
ANALYSIS_PARTIAL_PACKET_LOSS_SIMULATION_0002,partial_packet_loss_simulation_0002,ANALYSIS_PARTIAL_PACKET_LOSS_SIMULATION_0002_partial_packet_loss_simulation_0002,PARTIAL_CAPTURE_PACKET_LOSS_SIMULATION,PARTIAL_CAPTURE_CHALLENGE,PACKET_LOSS_SIMULATION,HIGH,0.0,0.0,1.0,0.0,0.0,1.0,0.0,0.0,0.0,0.0,0.0,0.0,0.0,0.0,1.0,0.0,1.0,0.0,0.0,1.0,1.0,0.0,1.0,0.0,0.0
ANALYSIS_PARTIAL_PACKET_LOSS_SIMULATION_0003,partial_packet_loss_simulation_0003,ANALYSIS_PARTIAL_PACKET_LOSS_SIMULATION_0003_partial_packet_loss_simulation_0003,PARTIAL_CAPTURE_PACKET_LOSS_SIMULATION,PARTIAL_CAPTURE_CHALLENGE,PACKET_LOSS_SIMULATION,CRITICAL,1.0,0.0,0.0,,,,,,0.0,0.0,,,1.0,0.0,0.0,0.0,0.0,0.0,0.0,0.0,0.0,0.0,1.0,0.0,0.0
ANALYSIS_PARTIAL_PACKET_LOSS_SIMULATION_0004,partial_packet_loss_simulation_0004,ANALYSIS_PARTIAL_PACKET_LOSS_SIMULATION_0004_partial_packet_loss_simulation_0004,PARTIAL_CAPTURE_PACKET_LOSS_SIMULATION,PARTIAL_CAPTURE_CHALLENGE,PACKET_LOSS_SIMULATION,HIGH,0.0,1.0,0.0,1.0,0.0,,,,0.0,0.0,1.0,,0.0,1.0,0.0,0.0,1.0,0.0,0.0,1.0,0.0,1.0,1.0,0.0,0.0
ANALYSIS_PARTIAL_PACKET_LOSS_SIMULATION_0005,partial_packet_loss_simulation_0005,ANALYSIS_PARTIAL_PACKET_LOSS_SIMULATION_0005_partial_packet_loss_simulation_0005,PARTIAL_CAPTURE_PACKET_LOSS_SIMULATION,PARTIAL_CAPTURE_CHALLENGE,PACKET_LOSS_SIMULATION,MEDIUM,0.0,1.0,0.0,,,0.0,0.0,0.0,0.0,0.0,,1.0,0.0,0.0,1.0,0.0,0.0,1.0,0.0,0.0,1.0,1.0,1.0,0.0,0.0
ANALYSIS_PARTIAL_PACKET_LOSS_SIMULATION_0006,partial_packet_loss_simulation_0006,ANALYSIS_PARTIAL_PACKET_LOSS_SIMULATION_0006_partial_packet_loss_simulation_0006,PARTIAL_CAPTURE_PACKET_LOSS_SIMULATION,PARTIAL_CAPTURE_CHALLENGE,PACKET_LOSS_SIMULATION,CRITICAL,1.0,0.0,0.0,,,,,,1.0,0.0,,,1.0,0.0,0.0,0.0,0.0,0.0,0.0,0.0,0.0,0.0,1.0,0.0,0.0
ANALYSIS_PARTIAL_PACKET_LOSS_SIMULATION_0007,partial_packet_loss_simulation_0007,ANALYSIS_PARTIAL_PACKET_LOSS_SIMULATION_0007_partial_packet_loss_simulation_0007,PARTIAL_CAPTURE_PACKET_LOSS_SIMULATION,PARTIAL_CAPTURE_CHALLENGE,PACKET_LOSS_SIMULATION,MEDIUM,0.0,0.0,1.0,0.0,0.0,,,,0.0,0.0,1.0,,0.0,1.0,0.0,0.0,0.0,0.0,0.0,1.0,0.0,0.0,1.0,0.0,0.0
ANALYSIS_PARTIAL_PACKET_LOSS_SIMULATION_0008,partial_packet_loss_simulation_0008,ANALYSIS_PARTIAL_PACKET_LOSS_SIMULATION_0008_partial_packet_loss_simulation_0008,PARTIAL_CAPTURE_PACKET_LOSS_SIMULATION,PARTIAL_CAPTURE_CHALLENGE,PACKET_LOSS_SIMULATION,MEDIUM,0.0,0.0,1.0,0.0,0.0,,,,0.0,0.0,1.0,,0.0,0.0,1.0,0.0,0.0,0.0,1.0,1.0,0.0,0.0,1.0,0.0,0.0
ANALYSIS_PARTIAL_PACKET_LOSS_SIMULATION_0009,partial_packet_loss_simulation_0009,ANALYSIS_PARTIAL_PACKET_LOSS_SIMULATION_0009_partial_packet_loss_simulation_0009,PARTIAL_CAPTURE_PACKET_LOSS_SIMULATION,PARTIAL_CAPTURE_CHALLENGE,PACKET_LOSS_SIMULATION,MEDIUM,0.0,1.0,0.0,0.0,0.0,,,,0.0,0.0,0.0,,1.0,0.0,0.0,0.0,0.0,1.0,0.0,1.0,0.0,1.0,1.0,0.0,0.0
ANALYSIS_PARTIAL_PACKET_LOSS_SIMULATION_0010,partial_packet_loss_simulation_0010,ANALYSIS_PARTIAL_PACKET_LOSS_SIMULATION_0010_partial_packet_loss_simulation_0010,PARTIAL_CAPTURE_PACKET_LOSS_SIMULATION,PARTIAL_CAPTURE_CHALLENGE,PACKET_LOSS_SIMULATION,LOW,0.0,1.0,0.0,0.0,0.0,0.0,0.0,0.0,0.0,0.0,0.0,0.0,0.0,1.0,0.0,0.0,0.0,0.0,0.0,1.0,1.0,1.0,1.0,0.0,0.0
ANALYSIS_PARTIAL_PACKET_LOSS_SIMULATION_0011,partial_packet_loss_simulation_0011,ANALYSIS_PARTIAL_PACKET_LOSS_SIMULATION_0011_partial_packet_loss_simulation_0011,PARTIAL_CAPTURE_PACKET_LOSS_SIMULATION,PARTIAL_CAPTURE_CHALLENGE,PACKET_LOSS_SIMULATION,HIGH,0.0,0.0,1.0,0.0,0.0,1.0,0.0,0.0,0.0,0.0,0.0,0.0,0.0,0.0,1.0,0.0,1.0,0.0,0.0,1.0,1.0,0.0,1.0,0.0,0.0
ANALYSIS_PARTIAL_PACKET_LOSS_SIMULATION_0012,partial_packet_loss_simulation_0012,ANALYSIS_PARTIAL_PACKET_LOSS_SIMULATION_0012_partial_packet_loss_simulation_0012,PARTIAL_CAPTURE_PACKET_LOSS_SIMULATION,PARTIAL_CAPTURE_CHALLENGE,PACKET_LOSS_SIMULATION,LOW,0.0,1.0,0.0,,,0.0,0.0,0.0,0.0,0.0,,0.0,1.0,0.0,0.0,0.0,0.0,0.0,0.0,0.0,1.0,1.0,1.0,0.0,0.0
ANALYSIS_PARTIAL_PACKET_LOSS_SIMULATION_0013,partial_packet_loss_simulation_0013,ANALYSIS_PARTIAL_PACKET_LOSS_SIMULATION_0013_partial_packet_loss_simulation_0013,PARTIAL_CAPTURE_PACKET_LOSS_SIMULATION,PARTIAL_CAPTURE_CHALLENGE,PACKET_LOSS_SIMULATION,HIGH,0.0,0.0,1.0,1.0,0.0,0.0,0.0,0.0,0.0,0.0,1.0,0.0,0.0,1.0,0.0,0.0,1.0,0.0,0.0,1.0,1.0,0.0,1.0,0.0,0.0
ANALYSIS_PARTIAL_PACKET_LOSS_SIMULATION_0014,partial_packet_loss_simulation_0014,ANALYSIS_PARTIAL_PACKET_LOSS_SIMULATION_0014_partial_packet_loss_simulation_0014,PARTIAL_CAPTURE_PACKET_LOSS_SIMULATION,PARTIAL_CAPTURE_CHALLENGE,PACKET_LOSS_SIMULATION,LOW,0.0,0.0,1.0,,,0.0,0.0,0.0,0.0,0.0,,0.0,0.0,0.0,1.0,0.0,0.0,0.0,0.0,0.0,1.0,0.0,1.0,0.0,0.0
ANALYSIS_PARTIAL_PACKET_LOSS_SIMULATION_0015,partial_packet_loss_simulation_0015,ANALYSIS_PARTIAL_PACKET_LOSS_SIMULATION_0015_partial_packet_loss_simulation_0015,PARTIAL_CAPTURE_PACKET_LOSS_SIMULATION,PARTIAL_CAPTURE_CHALLENGE,PACKET_LOSS_SIMULATION,MEDIUM,0.0,1.0,0.0,,,0.0,0.0,0.0,0.0,0.0,,1.0,1.0,0.0,0.0,0.0,0.0,1.0,0.0,0.0,1.0,1.0,1.0,0.0,0.0
ANALYSIS_PARTIAL_PACKET_LOSS_SIMULATION_0016,partial_packet_loss_simulation_0016,ANALYSIS_PARTIAL_PACKET_LOSS_SIMULATION_0016_partial_packet_loss_simulation_0016,PARTIAL_CAPTURE_PACKET_LOSS_SIMULATION,PARTIAL_CAPTURE_CHALLENGE,PACKET_LOSS_SIMULATION,LOW,0.0,1.0,0.0,0.0,0.0,0.0,0.0,0.0,0.0,0.0,0.0,0.0,0.0,1.0,0.0,0.0,0.0,0.0,0.0,1.0,1.0,1.0,1.0,0.0,0.0
ANALYSIS_PARTIAL_PACKET_LOSS_SIMULATION_0017,partial_packet_loss_simulation_0017,ANALYSIS_PARTIAL_PACKET_LOSS_SIMULATION_0017_partial_packet_loss_simulation_0017,PARTIAL_CAPTURE_PACKET_LOSS_SIMULATION,PARTIAL_CAPTURE_CHALLENGE,PACKET_LOSS_SIMULATION,HIGH,0.0,0.0,1.0,0.0,0.0,1.0,0.0,0.0,0.0,0.0,0.0,0.0,0.0,0.0,1.0,0.0,1.0,0.0,0.0,1.0,1.0,0.0,1.0,0.0,0.0
ANALYSIS_PARTIAL_PACKET_LOSS_SIMULATION_0018,partial_packet_loss_simulation_0018,ANALYSIS_PARTIAL_PACKET_LOSS_SIMULATION_0018_partial_packet_loss_simulation_0018,PARTIAL_CAPTURE_PACKET_LOSS_SIMULATION,PARTIAL_CAPTURE_CHALLENGE,PACKET_LOSS_SIMULATION,CRITICAL,1.0,0.0,0.0,,,,,,1.0,0.0,,,1.0,0.0,0.0,0.0,0.0,0.0,0.0,0.0,0.0,0.0,1.0,0.0,0.0
ANALYSIS_PARTIAL_PACKET_LOSS_SIMULATION_0019,partial_packet_loss_simulation_0019,ANALYSIS_PARTIAL_PACKET_LOSS_SIMULATION_0019_partial_packet_loss_simulation_0019,PARTIAL_CAPTURE_PACKET_LOSS_SIMULATION,PARTIAL_CAPTURE_CHALLENGE,PACKET_LOSS_SIMULATION,MEDIUM,0.0,1.0,0.0,,,,,,0.0,0.0,,,0.0,1.0,0.0,0.0,0.0,1.0,0.0,0.0,0.0,1.0,1.0,0.0,0.0
ANALYSIS_PARTIAL_PACKET_LOSS_SIMULATION_0020,partial_packet_loss_simulation_0020,ANALYSIS_PARTIAL_PACKET_LOSS_SIMULATION_0020_partial_packet_loss_simulation_0020,PARTIAL_CAPTURE_PACKET_LOSS_SIMULATION,PARTIAL_CAPTURE_CHALLENGE,PACKET_LOSS_SIMULATION,HIGH,0.0,0.0,1.0,,,0.0,0.0,0.0,0.0,0.0,,0.0,0.0,0.0,1.0,0.0,1.0,0.0,0.0,0.0,1.0,0.0,1.0,0.0,0.0
ANALYSIS_PARTIAL_PACKET_LOSS_SIMULATION_0021,partial_packet_loss_simulation_0021,ANALYSIS_PARTIAL_PACKET_LOSS_SIMULATION_0021_partial_packet_loss_simulation_0021,PARTIAL_CAPTURE_PACKET_LOSS_SIMULATION,PARTIAL_CAPTURE_CHALLENGE,PACKET_LOSS_SIMULATION,HIGH,0.0,1.0,0.0,,,0.0,0.0,0.0,0.0,0.0,,0.0,1.0,0.0,0.0,0.0,1.0,0.0,0.0,0.0,1.0,1.0,1.0,0.0,0.0
ANALYSIS_PARTIAL_PACKET_LOSS_SIMULATION_0022,partial_packet_loss_simulation_0022,ANALYSIS_PARTIAL_PACKET_LOSS_SIMULATION_0022_partial_packet_loss_simulation_0022,PARTIAL_CAPTURE_PACKET_LOSS_SIMULATION,PARTIAL_CAPTURE_CHALLENGE,PACKET_LOSS_SIMULATION,MEDIUM,0.0,1.0,0.0,0.0,0.0,,,,0.0,0.0,0.0,,0.0,1.0,0.0,0.0,0.0,1.0,0.0,1.0,0.0,1.0,1.0,0.0,0.0
ANALYSIS_PARTIAL_PACKET_LOSS_SIMULATION_0023,partial_packet_loss_simulation_0023,ANALYSIS_PARTIAL_PACKET_LOSS_SIMULATION_0023_partial_packet_loss_simulation_0023,PARTIAL_CAPTURE_PACKET_LOSS_SIMULATION,PARTIAL_CAPTURE_CHALLENGE,PACKET_LOSS_SIMULATION,MEDIUM,0.0,0.0,1.0,,,,,,0.0,0.0,,,0.0,0.0,1.0,0.0,0.0,1.0,0.0,0.0,0.0,0.0,1.0,0.0,0.0
ANALYSIS_PARTIAL_PACKET_LOSS_SIMULATION_0024,partial_packet_loss_simulation_0024,ANALYSIS_PARTIAL_PACKET_LOSS_SIMULATION_0024_partial_packet_loss_simulation_0024,PARTIAL_CAPTURE_PACKET_LOSS_SIMULATION,PARTIAL_CAPTURE_CHALLENGE,PACKET_LOSS_SIMULATION,HIGH,0.0,1.0,0.0,1.0,0.0,,,,0.0,0.0,1.0,,1.0,0.0,0.0,0.0,1.0,0.0,0.0,1.0,0.0,1.0,1.0,0.0,0.0
ANALYSIS_PARTIAL_PACKET_LOSS_SIMULATION_0025,partial_packet_loss_simulation_0025,ANALYSIS_PARTIAL_PACKET_LOSS_SIMULATION_0025_partial_packet_loss_simulation_0025,PARTIAL_CAPTURE_PACKET_LOSS_SIMULATION,PARTIAL_CAPTURE_CHALLENGE,PACKET_LOSS_SIMULATION,HIGH,0.0,1.0,0.0,,,,,,0.0,0.0,,,0.0,1.0,0.0,0.0,1.0,0.0,0.0,0.0,0.0,1.0,1.0,0.0,0.0
ANALYSIS_PARTIAL_PACKET_LOSS_SIMULATION_0026,partial_packet_loss_simulation_0026,ANALYSIS_PARTIAL_PACKET_LOSS_SIMULATION_0026_partial_packet_loss_simulation_0026,PARTIAL_CAPTURE_PACKET_LOSS_SIMULATION,PARTIAL_CAPTURE_CHALLENGE,PACKET_LOSS_SIMULATION,MEDIUM,0.0,1.0,0.0,,,,,,0.0,0.0,,,0.0,0.0,1.0,0.0,0.0,1.0,0.0,0.0,0.0,1.0,1.0,0.0,0.0
ANALYSIS_PARTIAL_PACKET_LOSS_SIMULATION_0027,partial_packet_loss_simulation_0027,ANALYSIS_PARTIAL_PACKET_LOSS_SIMULATION_0027_partial_packet_loss_simulation_0027,PARTIAL_CAPTURE_PACKET_LOSS_SIMULATION,PARTIAL_CAPTURE_CHALLENGE,PACKET_LOSS_SIMULATION,HIGH,0.0,1.0,0.0,,,,,,0.0,0.0,,,1.0,0.0,0.0,0.0,1.0,0.0,0.0,0.0,0.0,1.0,1.0,0.0,0.0
ANALYSIS_PARTIAL_PACKET_LOSS_SIMULATION_0028,partial_packet_loss_simulation_0028,ANALYSIS_PARTIAL_PACKET_LOSS_SIMULATION_0028_partial_packet_loss_simulation_0028,PARTIAL_CAPTURE_PACKET_LOSS_SIMULATION,PARTIAL_CAPTURE_CHALLENGE,PACKET_LOSS_SIMULATION,MEDIUM,0.0,0.0,1.0,0.0,0.0,,,,0.0,0.0,0.0,,0.0,1.0,0.0,0.0,0.0,1.0,0.0,1.0,0.0,0.0,1.0,0.0,0.0
ANALYSIS_PARTIAL_PACKET_LOSS_SIMULATION_0029,partial_packet_loss_simulation_0029,ANALYSIS_PARTIAL_PACKET_LOSS_SIMULATION_0029_partial_packet_loss_simulation_0029,PARTIAL_CAPTURE_PACKET_LOSS_SIMULATION,PARTIAL_CAPTURE_CHALLENGE,PACKET_LOSS_SIMULATION,MEDIUM,0.0,0.0,1.0,0.0,0.0,,,,0.0,0.0,0.0,,0.0,0.0,1.0,0.0,0.0,1.0,0.0,1.0,0.0,0.0,1.0,0.0,0.0
ANALYSIS_PARTIAL_PACKET_LOSS_SIMULATION_0030,partial_packet_loss_simulation_0030,ANALYSIS_PARTIAL_PACKET_LOSS_SIMULATION_0030_partial_packet_loss_simulation_0030,PARTIAL_CAPTURE_PACKET_LOSS_SIMULATION,PARTIAL_CAPTURE_CHALLENGE,PACKET_LOSS_SIMULATION,HIGH,0.0,0.0,1.0,0.0,0.0,,,,0.0,0.0,0.0,,1.0,0.0,0.0,0.0,1.0,0.0,0.0,1.0,0.0,0.0,1.0,0.0,0.0
ANALYSIS_PARTIAL_PACKET_LOSS_SIMULATION_0031,partial_packet_loss_simulation_0031,ANALYSIS_PARTIAL_PACKET_LOSS_SIMULATION_0031_partial_packet_loss_simulation_0031,PARTIAL_CAPTURE_PACKET_LOSS_SIMULATION,PARTIAL_CAPTURE_CHALLENGE,PACKET_LOSS_SIMULATION,HIGH,0.0,0.0,1.0,,,1.0,0.0,0.0,0.0,0.0,,0.0,0.0,1.0,0.0,0.0,1.0,0.0,0.0,0.0,1.0,0.0,1.0,0.0,0.0
ANALYSIS_PARTIAL_PACKET_LOSS_SIMULATION_0032,partial_packet_loss_simulation_0032,ANALYSIS_PARTIAL_PACKET_LOSS_SIMULATION_0032_partial_packet_loss_simulation_0032,PARTIAL_CAPTURE_PACKET_LOSS_SIMULATION,PARTIAL_CAPTURE_CHALLENGE,PACKET_LOSS_SIMULATION,MEDIUM,0.0,1.0,0.0,,,0.0,0.0,0.0,0.0,0.0,,1.0,0.0,0.0,1.0,0.0,0.0,1.0,0.0,0.0,1.0,1.0,1.0,0.0,0.0
ANALYSIS_PARTIAL_PACKET_LOSS_SIMULATION_0033,partial_packet_loss_simulation_0033,ANALYSIS_PARTIAL_PACKET_LOSS_SIMULATION_0033_partial_packet_loss_simulation_0033,PARTIAL_CAPTURE_PACKET_LOSS_SIMULATION,PARTIAL_CAPTURE_CHALLENGE,PACKET_LOSS_SIMULATION,CRITICAL,1.0,0.0,0.0,,,,,,1.0,0.0,,,1.0,0.0,0.0,0.0,0.0,0.0,0.0,0.0,0.0,0.0,1.0,0.0,0.0
ANALYSIS_PARTIAL_PACKET_LOSS_SIMULATION_0034,partial_packet_loss_simulation_0034,ANALYSIS_PARTIAL_PACKET_LOSS_SIMULATION_0034_partial_packet_loss_simulation_0034,PARTIAL_CAPTURE_PACKET_LOSS_SIMULATION,PARTIAL_CAPTURE_CHALLENGE,PACKET_LOSS_SIMULATION,HIGH,0.0,1.0,0.0,1.0,1.0,,,,0.0,0.0,0.0,,0.0,1.0,0.0,0.0,2.0,0.0,0.0,1.0,0.0,1.0,1.0,0.0,0.0
ANALYSIS_PARTIAL_PACKET_LOSS_SIMULATION_0035,partial_packet_loss_simulation_0035,ANALYSIS_PARTIAL_PACKET_LOSS_SIMULATION_0035_partial_packet_loss_simulation_0035,PARTIAL_CAPTURE_PACKET_LOSS_SIMULATION,PARTIAL_CAPTURE_CHALLENGE,PACKET_LOSS_SIMULATION,CRITICAL,1.0,0.0,0.0,,,,,,1.0,0.0,,,0.0,0.0,1.0,0.0,0.0,0.0,0.0,0.0,0.0,0.0,1.0,0.0,0.0
ANALYSIS_PARTIAL_PACKET_LOSS_SIMULATION_0036,partial_packet_loss_simulation_0036,ANALYSIS_PARTIAL_PACKET_LOSS_SIMULATION_0036_partial_packet_loss_simulation_0036,PARTIAL_CAPTURE_PACKET_LOSS_SIMULATION,PARTIAL_CAPTURE_CHALLENGE,PACKET_LOSS_SIMULATION,HIGH,0.0,0.0,1.0,1.0,0.0,0.0,0.0,0.0,0.0,0.0,0.0,0.0,1.0,0.0,0.0,0.0,1.0,0.0,0.0,1.0,1.0,0.0,1.0,0.0,0.0
ANALYSIS_PARTIAL_PACKET_LOSS_SIMULATION_0037,partial_packet_loss_simulation_0037,ANALYSIS_PARTIAL_PACKET_LOSS_SIMULATION_0037_partial_packet_loss_simulation_0037,PARTIAL_CAPTURE_PACKET_LOSS_SIMULATION,PARTIAL_CAPTURE_CHALLENGE,PACKET_LOSS_SIMULATION,HIGH,0.0,0.0,1.0,1.0,1.0,,,,0.0,0.0,0.0,,0.0,1.0,0.0,0.0,2.0,0.0,0.0,1.0,0.0,0.0,1.0,0.0,0.0
ANALYSIS_PARTIAL_PACKET_LOSS_SIMULATION_0038,partial_packet_loss_simulation_0038,ANALYSIS_PARTIAL_PACKET_LOSS_SIMULATION_0038_partial_packet_loss_simulation_0038,PARTIAL_CAPTURE_PACKET_LOSS_SIMULATION,PARTIAL_CAPTURE_CHALLENGE,PACKET_LOSS_SIMULATION,HIGH,0.0,1.0,0.0,,,0.0,0.0,1.0,0.0,0.0,,0.0,0.0,0.0,1.0,0.0,1.0,0.0,0.0,0.0,1.0,1.0,1.0,0.0,0.0
ANALYSIS_PARTIAL_PACKET_LOSS_SIMULATION_0039,partial_packet_loss_simulation_0039,ANALYSIS_PARTIAL_PACKET_LOSS_SIMULATION_0039_partial_packet_loss_simulation_0039,PARTIAL_CAPTURE_PACKET_LOSS_SIMULATION,PARTIAL_CAPTURE_CHALLENGE,PACKET_LOSS_SIMULATION,HIGH,0.0,0.0,1.0,,,,,,0.0,0.0,,,1.0,0.0,0.0,0.0,1.0,0.0,0.0,0.0,0.0,0.0,1.0,0.0,0.0
ANALYSIS_PARTIAL_PACKET_LOSS_SIMULATION_0040,partial_packet_loss_simulation_0040,ANALYSIS_PARTIAL_PACKET_LOSS_SIMULATION_0040_partial_packet_loss_simulation_0040,PARTIAL_CAPTURE_PACKET_LOSS_SIMULATION,PARTIAL_CAPTURE_CHALLENGE,PACKET_LOSS_SIMULATION,HIGH,0.0,1.0,0.0,1.0,0.0,0.0,0.0,0.0,0.0,0.0,1.0,0.0,0.0,1.0,0.0,0.0,1.0,0.0,0.0,1.0,1.0,1.0,1.0,0.0,0.0
ANALYSIS_PARTIAL_PACKET_LOSS_SIMULATION_0041,partial_packet_loss_simulation_0041,ANALYSIS_PARTIAL_PACKET_LOSS_SIMULATION_0041_partial_packet_loss_simulation_0041,PARTIAL_CAPTURE_PACKET_LOSS_SIMULATION,PARTIAL_CAPTURE_CHALLENGE,PACKET_LOSS_SIMULATION,HIGH,0.0,0.0,1.0,,,,,,0.0,0.0,,,0.0,0.0,1.0,0.0,1.0,0.0,0.0,0.0,0.0,0.0,1.0,0.0,0.0
ANALYSIS_PARTIAL_PACKET_LOSS_SIMULATION_0042,partial_packet_loss_simulation_0042,ANALYSIS_PARTIAL_PACKET_LOSS_SIMULATION_0042_partial_packet_loss_simulation_0042,PARTIAL_CAPTURE_PACKET_LOSS_SIMULATION,PARTIAL_CAPTURE_CHALLENGE,PACKET_LOSS_SIMULATION,MEDIUM,0.0,1.0,0.0,0.0,0.0,,,,0.0,0.0,0.0,,1.0,0.0,0.0,0.0,0.0,1.0,0.0,1.0,0.0,1.0,1.0,0.0,0.0
ANALYSIS_PARTIAL_PACKET_LOSS_SIMULATION_0043,partial_packet_loss_simulation_0043,ANALYSIS_PARTIAL_PACKET_LOSS_SIMULATION_0043_partial_packet_loss_simulation_0043,PARTIAL_CAPTURE_PACKET_LOSS_SIMULATION,PARTIAL_CAPTURE_CHALLENGE,PACKET_LOSS_SIMULATION,HIGH,0.0,0.0,1.0,0.0,1.0,0.0,0.0,0.0,0.0,0.0,0.0,0.0,0.0,1.0,0.0,0.0,1.0,0.0,0.0,1.0,1.0,0.0,1.0,0.0,0.0
ANALYSIS_PARTIAL_PACKET_LOSS_SIMULATION_0044,partial_packet_loss_simulation_0044,ANALYSIS_PARTIAL_PACKET_LOSS_SIMULATION_0044_partial_packet_loss_simulation_0044,PARTIAL_CAPTURE_PACKET_LOSS_SIMULATION,PARTIAL_CAPTURE_CHALLENGE,PACKET_LOSS_SIMULATION,MEDIUM,0.0,1.0,0.0,0.0,0.0,,,,0.0,0.0,0.0,,0.0,0.0,1.0,0.0,0.0,1.0,0.0,1.0,0.0,1.0,1.0,0.0,0.0
ANALYSIS_PARTIAL_PACKET_LOSS_SIMULATION_0045,partial_packet_loss_simulation_0045,ANALYSIS_PARTIAL_PACKET_LOSS_SIMULATION_0045_partial_packet_loss_simulation_0045,PARTIAL_CAPTURE_PACKET_LOSS_SIMULATION,PARTIAL_CAPTURE_CHALLENGE,PACKET_LOSS_SIMULATION,LOW,0.0,0.0,1.0,,,0.0,0.0,0.0,0.0,0.0,,0.0,1.0,0.0,0.0,0.0,0.0,0.0,0.0,0.0,1.0,0.0,1.0,0.0,0.0
ANALYSIS_PARTIAL_PACKET_LOSS_SIMULATION_0046,partial_packet_loss_simulation_0046,ANALYSIS_PARTIAL_PACKET_LOSS_SIMULATION_0046_partial_packet_loss_simulation_0046,PARTIAL_CAPTURE_PACKET_LOSS_SIMULATION,PARTIAL_CAPTURE_CHALLENGE,PACKET_LOSS_SIMULATION,HIGH,0.0,1.0,0.0,1.0,0.0,0.0,0.0,0.0,0.0,0.0,1.0,0.0,0.0,1.0,0.0,0.0,1.0,0.0,0.0,1.0,1.0,1.0,1.0,0.0,0.0
ANALYSIS_PARTIAL_PACKET_LOSS_SIMULATION_0047,partial_packet_loss_simulation_0047,ANALYSIS_PARTIAL_PACKET_LOSS_SIMULATION_0047_partial_packet_loss_simulation_0047,PARTIAL_CAPTURE_PACKET_LOSS_SIMULATION,PARTIAL_CAPTURE_CHALLENGE,PACKET_LOSS_SIMULATION,MEDIUM,0.0,0.0,1.0,,,,,,0.0,0.0,,,0.0,0.0,1.0,0.0,0.0,1.0,0.0,0.0,0.0,0.0,1.0,0.0,0.0
ANALYSIS_PARTIAL_PACKET_LOSS_SIMULATION_0048,partial_packet_loss_simulation_0048,ANALYSIS_PARTIAL_PACKET_LOSS_SIMULATION_0048_partial_packet_loss_simulation_0048,PARTIAL_CAPTURE_PACKET_LOSS_SIMULATION,PARTIAL_CAPTURE_CHALLENGE,PACKET_LOSS_SIMULATION,MEDIUM,0.0,1.0,0.0,0.0,0.0,,,,0.0,0.0,0.0,,1.0,0.0,0.0,0.0,0.0,1.0,0.0,1.0,0.0,1.0,1.0,0.0,0.0
ANALYSIS_PARTIAL_PACKET_LOSS_SIMULATION_0049,partial_packet_loss_simulation_0049,ANALYSIS_PARTIAL_PACKET_LOSS_SIMULATION_0049_partial_packet_loss_simulation_0049,PARTIAL_CAPTURE_PACKET_LOSS_SIMULATION,PARTIAL_CAPTURE_CHALLENGE,PACKET_LOSS_SIMULATION,LOW,0.0,0.0,1.0,,,0.0,0.0,0.0,0.0,0.0,,0.0,0.0,1.0,0.0,0.0,0.0,0.0,1.0,0.0,1.0,0.0,1.0,0.0,0.0
ANALYSIS_PARTIAL_PACKET_LOSS_SIMULATION_0050,partial_packet_loss_simulation_0050,ANALYSIS_PARTIAL_PACKET_LOSS_SIMULATION_0050_partial_packet_loss_simulation_0050,PARTIAL_CAPTURE_PACKET_LOSS_SIMULATION,PARTIAL_CAPTURE_CHALLENGE,PACKET_LOSS_SIMULATION,LOW,0.0,0.0,1.0,,,0.0,0.0,0.0,0.0,0.0,,0.0,0.0,0.0,1.0,0.0,0.0,0.0,0.0,0.0,1.0,0.0,1.0,0.0,0.0
ANALYSIS_PARTIAL_PACKET_LOSS_SIMULATION_0051,partial_packet_loss_simulation_0051,ANALYSIS_PARTIAL_PACKET_LOSS_SIMULATION_0051_partial_packet_loss_simulation_0051,PARTIAL_CAPTURE_PACKET_LOSS_SIMULATION,PARTIAL_CAPTURE_CHALLENGE,PACKET_LOSS_SIMULATION,CRITICAL,1.0,0.0,0.0,,,,,,0.0,0.0,,,1.0,0.0,0.0,0.0,0.0,0.0,0.0,0.0,0.0,0.0,1.0,0.0,0.0
ANALYSIS_PARTIAL_PACKET_LOSS_SIMULATION_0052,partial_packet_loss_simulation_0052,ANALYSIS_PARTIAL_PACKET_LOSS_SIMULATION_0052_partial_packet_loss_simulation_0052,PARTIAL_CAPTURE_PACKET_LOSS_SIMULATION,PARTIAL_CAPTURE_CHALLENGE,PACKET_LOSS_SIMULATION,LOW,0.0,1.0,0.0,0.0,0.0,0.0,0.0,0.0,0.0,0.0,0.0,0.0,0.0,1.0,0.0,0.0,0.0,0.0,0.0,1.0,1.0,1.0,1.0,0.0,0.0
ANALYSIS_PARTIAL_PACKET_LOSS_SIMULATION_0053,partial_packet_loss_simulation_0053,ANALYSIS_PARTIAL_PACKET_LOSS_SIMULATION_0053_partial_packet_loss_simulation_0053,PARTIAL_CAPTURE_PACKET_LOSS_SIMULATION,PARTIAL_CAPTURE_CHALLENGE,PACKET_LOSS_SIMULATION,HIGH,0.0,0.0,1.0,0.0,0.0,1.0,0.0,0.0,0.0,0.0,0.0,0.0,0.0,0.0,1.0,0.0,1.0,0.0,0.0,1.0,1.0,0.0,1.0,0.0,0.0
ANALYSIS_PARTIAL_PACKET_LOSS_SIMULATION_0054,partial_packet_loss_simulation_0054,ANALYSIS_PARTIAL_PACKET_LOSS_SIMULATION_0054_partial_packet_loss_simulation_0054,PARTIAL_CAPTURE_PACKET_LOSS_SIMULATION,PARTIAL_CAPTURE_CHALLENGE,PACKET_LOSS_SIMULATION,MEDIUM,0.0,1.0,0.0,,,0.0,0.0,0.0,0.0,0.0,,1.0,1.0,0.0,0.0,0.0,0.0,1.0,0.0,0.0,1.0,1.0,1.0,0.0,0.0
ANALYSIS_PARTIAL_PACKET_LOSS_SIMULATION_0055,partial_packet_loss_simulation_0055,ANALYSIS_PARTIAL_PACKET_LOSS_SIMULATION_0055_partial_packet_loss_simulation_0055,PARTIAL_CAPTURE_PACKET_LOSS_SIMULATION,PARTIAL_CAPTURE_CHALLENGE,PACKET_LOSS_SIMULATION,LOW,0.0,0.0,1.0,,,,,,0.0,0.0,,,0.0,1.0,0.0,0.0,0.0,0.0,0.0,0.0,0.0,0.0,1.0,0.0,0.0
ANALYSIS_PARTIAL_PACKET_LOSS_SIMULATION_0056,partial_packet_loss_simulation_0056,ANALYSIS_PARTIAL_PACKET_LOSS_SIMULATION_0056_partial_packet_loss_simulation_0056,PARTIAL_CAPTURE_PACKET_LOSS_SIMULATION,PARTIAL_CAPTURE_CHALLENGE,PACKET_LOSS_SIMULATION,MEDIUM,0.0,1.0,0.0,0.0,0.0,,,,0.0,0.0,1.0,,0.0,0.0,1.0,0.0,0.0,1.0,0.0,1.0,0.0,1.0,1.0,0.0,0.0
ANALYSIS_PARTIAL_PACKET_LOSS_SIMULATION_0057,partial_packet_loss_simulation_0057,ANALYSIS_PARTIAL_PACKET_LOSS_SIMULATION_0057_partial_packet_loss_simulation_0057,PARTIAL_CAPTURE_PACKET_LOSS_SIMULATION,PARTIAL_CAPTURE_CHALLENGE,PACKET_LOSS_SIMULATION,HIGH,0.0,1.0,0.0,,,0.0,0.0,0.0,0.0,0.0,,0.0,1.0,0.0,0.0,0.0,1.0,0.0,0.0,0.0,1.0,1.0,1.0,0.0,0.0
ANALYSIS_PARTIAL_PACKET_LOSS_SIMULATION_0058,partial_packet_loss_simulation_0058,ANALYSIS_PARTIAL_PACKET_LOSS_SIMULATION_0058_partial_packet_loss_simulation_0058,PARTIAL_CAPTURE_PACKET_LOSS_SIMULATION,PARTIAL_CAPTURE_CHALLENGE,PACKET_LOSS_SIMULATION,HIGH,0.0,0.0,1.0,1.0,1.0,,,,0.0,0.0,0.0,,0.0,1.0,0.0,0.0,2.0,0.0,0.0,1.0,0.0,0.0,1.0,0.0,0.0
ANALYSIS_PARTIAL_PACKET_LOSS_SIMULATION_0059,partial_packet_loss_simulation_0059,ANALYSIS_PARTIAL_PACKET_LOSS_SIMULATION_0059_partial_packet_loss_simulation_0059,PARTIAL_CAPTURE_PACKET_LOSS_SIMULATION,PARTIAL_CAPTURE_CHALLENGE,PACKET_LOSS_SIMULATION,HIGH,0.0,1.0,0.0,,,0.0,0.0,1.0,0.0,0.0,,0.0,0.0,0.0,1.0,0.0,1.0,0.0,0.0,0.0,1.0,1.0,1.0,0.0,0.0
ANALYSIS_PARTIAL_PACKET_LOSS_SIMULATION_0060,partial_packet_loss_simulation_0060,ANALYSIS_PARTIAL_PACKET_LOSS_SIMULATION_0060_partial_packet_loss_simulation_0060,PARTIAL_CAPTURE_PACKET_LOSS_SIMULATION,PARTIAL_CAPTURE_CHALLENGE,PACKET_LOSS_SIMULATION,CRITICAL,0.0,0.0,1.0,1.0,1.0,1.0,0.0,0.0,0.0,0.0,0.0,0.0,1.0,0.0,0.0,0.0,2.0,0.0,0.0,1.0,1.0,0.0,1.0,0.0,0.0
ANALYSIS_PARTIAL_PACKET_LOSS_SIMULATION_0061,partial_packet_loss_simulation_0061,ANALYSIS_PARTIAL_PACKET_LOSS_SIMULATION_0061_partial_packet_loss_simulation_0061,PARTIAL_CAPTURE_PACKET_LOSS_SIMULATION,PARTIAL_CAPTURE_CHALLENGE,PACKET_LOSS_SIMULATION,MEDIUM,0.0,0.0,1.0,,,0.0,0.0,0.0,0.0,0.0,,0.0,0.0,1.0,0.0,0.0,0.0,1.0,0.0,0.0,1.0,0.0,1.0,0.0,0.0
ANALYSIS_PARTIAL_PACKET_LOSS_SIMULATION_0062,partial_packet_loss_simulation_0062,ANALYSIS_PARTIAL_PACKET_LOSS_SIMULATION_0062_partial_packet_loss_simulation_0062,PARTIAL_CAPTURE_PACKET_LOSS_SIMULATION,PARTIAL_CAPTURE_CHALLENGE,PACKET_LOSS_SIMULATION,HIGH,0.0,0.0,1.0,0.0,1.0,0.0,0.0,0.0,0.0,0.0,0.0,0.0,0.0,0.0,1.0,0.0,1.0,0.0,0.0,1.0,1.0,0.0,1.0,0.0,0.0
ANALYSIS_PARTIAL_PACKET_LOSS_SIMULATION_0063,partial_packet_loss_simulation_0063,ANALYSIS_PARTIAL_PACKET_LOSS_SIMULATION_0063_partial_packet_loss_simulation_0063,PARTIAL_CAPTURE_PACKET_LOSS_SIMULATION,PARTIAL_CAPTURE_CHALLENGE,PACKET_LOSS_SIMULATION,HIGH,0.0,1.0,0.0,0.0,0.0,0.0,0.0,1.0,0.0,0.0,0.0,0.0,1.0,0.0,0.0,0.0,1.0,0.0,0.0,1.0,1.0,1.0,1.0,0.0,0.0
ANALYSIS_PARTIAL_PACKET_LOSS_SIMULATION_0064,partial_packet_loss_simulation_0064,ANALYSIS_PARTIAL_PACKET_LOSS_SIMULATION_0064_partial_packet_loss_simulation_0064,PARTIAL_CAPTURE_PACKET_LOSS_SIMULATION,PARTIAL_CAPTURE_CHALLENGE,PACKET_LOSS_SIMULATION,MEDIUM,0.0,0.0,1.0,0.0,0.0,0.0,0.0,0.0,0.0,0.0,0.0,1.0,0.0,1.0,0.0,0.0,0.0,1.0,0.0,1.0,1.0,0.0,1.0,0.0,0.0
ANALYSIS_PARTIAL_PACKET_LOSS_SIMULATION_0065,partial_packet_loss_simulation_0065,ANALYSIS_PARTIAL_PACKET_LOSS_SIMULATION_0065_partial_packet_loss_simulation_0065,PARTIAL_CAPTURE_PACKET_LOSS_SIMULATION,PARTIAL_CAPTURE_CHALLENGE,PACKET_LOSS_SIMULATION,HIGH,0.0,0.0,1.0,1.0,1.0,,,,0.0,0.0,0.0,,0.0,0.0,1.0,0.0,2.0,0.0,0.0,1.0,0.0,0.0,1.0,0.0,0.0
ANALYSIS_PARTIAL_PACKET_LOSS_SIMULATION_0066,partial_packet_loss_simulation_0066,ANALYSIS_PARTIAL_PACKET_LOSS_SIMULATION_0066_partial_packet_loss_simulation_0066,PARTIAL_CAPTURE_PACKET_LOSS_SIMULATION,PARTIAL_CAPTURE_CHALLENGE,PACKET_LOSS_SIMULATION,LOW,0.0,0.0,1.0,0.0,0.0,,,,0.0,0.0,0.0,,1.0,0.0,0.0,0.0,0.0,0.0,1.0,1.0,0.0,0.0,1.0,0.0,0.0
ANALYSIS_PARTIAL_PACKET_LOSS_SIMULATION_0067,partial_packet_loss_simulation_0067,ANALYSIS_PARTIAL_PACKET_LOSS_SIMULATION_0067_partial_packet_loss_simulation_0067,PARTIAL_CAPTURE_PACKET_LOSS_SIMULATION,PARTIAL_CAPTURE_CHALLENGE,PACKET_LOSS_SIMULATION,MEDIUM,0.0,0.0,1.0,,,0.0,0.0,0.0,0.0,0.0,,0.0,0.0,1.0,0.0,0.0,0.0,1.0,0.0,0.0,1.0,0.0,1.0,0.0,0.0
ANALYSIS_PARTIAL_PACKET_LOSS_SIMULATION_0068,partial_packet_loss_simulation_0068,ANALYSIS_PARTIAL_PACKET_LOSS_SIMULATION_0068_partial_packet_loss_simulation_0068,PARTIAL_CAPTURE_PACKET_LOSS_SIMULATION,PARTIAL_CAPTURE_CHALLENGE,PACKET_LOSS_SIMULATION,HIGH,0.0,1.0,0.0,,,0.0,0.0,0.0,0.0,0.0,,0.0,0.0,0.0,1.0,0.0,1.0,0.0,0.0,0.0,1.0,1.0,1.0,0.0,0.0
ANALYSIS_PARTIAL_PACKET_LOSS_SIMULATION_0069,partial_packet_loss_simulation_0069,ANALYSIS_PARTIAL_PACKET_LOSS_SIMULATION_0069_partial_packet_loss_simulation_0069,PARTIAL_CAPTURE_PACKET_LOSS_SIMULATION,PARTIAL_CAPTURE_CHALLENGE,PACKET_LOSS_SIMULATION,MEDIUM,0.0,0.0,1.0,0.0,0.0,0.0,0.0,0.0,0.0,0.0,0.0,1.0,1.0,0.0,0.0,0.0,0.0,1.0,0.0,1.0,1.0,0.0,1.0,0.0,0.0
ANALYSIS_PARTIAL_PACKET_LOSS_SIMULATION_0070,partial_packet_loss_simulation_0070,ANALYSIS_PARTIAL_PACKET_LOSS_SIMULATION_0070_partial_packet_loss_simulation_0070,PARTIAL_CAPTURE_PACKET_LOSS_SIMULATION,PARTIAL_CAPTURE_CHALLENGE,PACKET_LOSS_SIMULATION,MEDIUM,0.0,0.0,1.0,,,0.0,0.0,0.0,0.0,0.0,,0.0,0.0,1.0,0.0,0.0,0.0,1.0,0.0,0.0,1.0,0.0,1.0,0.0,0.0
ANALYSIS_PARTIAL_PACKET_LOSS_SIMULATION_0071,partial_packet_loss_simulation_0071,ANALYSIS_PARTIAL_PACKET_LOSS_SIMULATION_0071_partial_packet_loss_simulation_0071,PARTIAL_CAPTURE_PACKET_LOSS_SIMULATION,PARTIAL_CAPTURE_CHALLENGE,PACKET_LOSS_SIMULATION,MEDIUM,0.0,1.0,0.0,,,0.0,0.0,0.0,0.0,0.0,,0.0,0.0,0.0,1.0,0.0,0.0,1.0,0.0,0.0,1.0,1.0,1.0,0.0,0.0
ANALYSIS_PARTIAL_PACKET_LOSS_SIMULATION_0072,partial_packet_loss_simulation_0072,ANALYSIS_PARTIAL_PACKET_LOSS_SIMULATION_0072_partial_packet_loss_simulation_0072,PARTIAL_CAPTURE_PACKET_LOSS_SIMULATION,PARTIAL_CAPTURE_CHALLENGE,PACKET_LOSS_SIMULATION,CRITICAL,1.0,0.0,0.0,,,,,,1.0,0.0,,,1.0,0.0,0.0,0.0,0.0,0.0,0.0,0.0,0.0,0.0,1.0,0.0,0.0
ANALYSIS_PARTIAL_PACKET_LOSS_SIMULATION_0073,partial_packet_loss_simulation_0073,ANALYSIS_PARTIAL_PACKET_LOSS_SIMULATION_0073_partial_packet_loss_simulation_0073,PARTIAL_CAPTURE_PACKET_LOSS_SIMULATION,PARTIAL_CAPTURE_CHALLENGE,PACKET_LOSS_SIMULATION,HIGH,0.0,1.0,0.0,0.0,0.0,,,,0.0,0.0,0.0,,0.0,1.0,0.0,0.0,1.0,0.0,0.0,1.0,0.0,1.0,1.0,0.0,0.0
ANALYSIS_PARTIAL_PACKET_LOSS_SIMULATION_0074,partial_packet_loss_simulation_0074,ANALYSIS_PARTIAL_PACKET_LOSS_SIMULATION_0074_partial_packet_loss_simulation_0074,PARTIAL_CAPTURE_PACKET_LOSS_SIMULATION,PARTIAL_CAPTURE_CHALLENGE,PACKET_LOSS_SIMULATION,HIGH,0.0,0.0,1.0,0.0,0.0,,,,0.0,0.0,0.0,,0.0,0.0,1.0,0.0,1.0,0.0,0.0,1.0,0.0,0.0,1.0,0.0,0.0
ANALYSIS_PARTIAL_PACKET_LOSS_SIMULATION_0075,partial_packet_loss_simulation_0075,ANALYSIS_PARTIAL_PACKET_LOSS_SIMULATION_0075_partial_packet_loss_simulation_0075,PARTIAL_CAPTURE_PACKET_LOSS_SIMULATION,PARTIAL_CAPTURE_CHALLENGE,PACKET_LOSS_SIMULATION,HIGH,0.0,0.0,1.0,1.0,0.0,,,,0.0,0.0,0.0,,1.0,0.0,0.0,0.0,1.0,0.0,0.0,1.0,0.0,0.0,1.0,0.0,0.0
ANALYSIS_PARTIAL_PACKET_LOSS_SIMULATION_0076,partial_packet_loss_simulation_0076,ANALYSIS_PARTIAL_PACKET_LOSS_SIMULATION_0076_partial_packet_loss_simulation_0076,PARTIAL_CAPTURE_PACKET_LOSS_SIMULATION,PARTIAL_CAPTURE_CHALLENGE,PACKET_LOSS_SIMULATION,MEDIUM,0.0,1.0,0.0,,,0.0,0.0,0.0,0.0,0.0,,0.0,0.0,1.0,0.0,0.0,0.0,1.0,0.0,0.0,1.0,1.0,1.0,0.0,0.0
ANALYSIS_PARTIAL_PACKET_LOSS_SIMULATION_0077,partial_packet_loss_simulation_0077,ANALYSIS_PARTIAL_PACKET_LOSS_SIMULATION_0077_partial_packet_loss_simulation_0077,PARTIAL_CAPTURE_PACKET_LOSS_SIMULATION,PARTIAL_CAPTURE_CHALLENGE,PACKET_LOSS_SIMULATION,MEDIUM,0.0,0.0,1.0,,,0.0,0.0,0.0,0.0,0.0,,0.0,0.0,0.0,1.0,0.0,0.0,1.0,0.0,0.0,1.0,0.0,1.0,0.0,0.0
ANALYSIS_PARTIAL_PACKET_LOSS_SIMULATION_0078,partial_packet_loss_simulation_0078,ANALYSIS_PARTIAL_PACKET_LOSS_SIMULATION_0078_partial_packet_loss_simulation_0078,PARTIAL_CAPTURE_PACKET_LOSS_SIMULATION,PARTIAL_CAPTURE_CHALLENGE,PACKET_LOSS_SIMULATION,HIGH,0.0,1.0,0.0,0.0,0.0,1.0,0.0,0.0,0.0,0.0,0.0,0.0,1.0,0.0,0.0,0.0,1.0,0.0,0.0,1.0,1.0,1.0,1.0,0.0,0.0
ANALYSIS_PARTIAL_PACKET_LOSS_SIMULATION_0079,partial_packet_loss_simulation_0079,ANALYSIS_PARTIAL_PACKET_LOSS_SIMULATION_0079_partial_packet_loss_simulation_0079,PARTIAL_CAPTURE_PACKET_LOSS_SIMULATION,PARTIAL_CAPTURE_CHALLENGE,PACKET_LOSS_SIMULATION,MEDIUM,0.0,1.0,0.0,,,0.0,0.0,0.0,0.0,0.0,,1.0,0.0,1.0,0.0,0.0,0.0,1.0,0.0,0.0,1.0,1.0,1.0,0.0,0.0
ANALYSIS_PARTIAL_PACKET_LOSS_SIMULATION_0080,partial_packet_loss_simulation_0080,ANALYSIS_PARTIAL_PACKET_LOSS_SIMULATION_0080_partial_packet_loss_simulation_0080,PARTIAL_CAPTURE_PACKET_LOSS_SIMULATION,PARTIAL_CAPTURE_CHALLENGE,PACKET_LOSS_SIMULATION,CRITICAL,1.0,0.0,0.0,,,,,,1.0,0.0,,,0.0,0.0,1.0,0.0,0.0,0.0,0.0,0.0,0.0,0.0,1.0,0.0,0.0
ANALYSIS_PARTIAL_PACKET_LOSS_SIMULATION_0081,partial_packet_loss_simulation_0081,ANALYSIS_PARTIAL_PACKET_LOSS_SIMULATION_0081_partial_packet_loss_simulation_0081,PARTIAL_CAPTURE_PACKET_LOSS_SIMULATION,PARTIAL_CAPTURE_CHALLENGE,PACKET_LOSS_SIMULATION,HIGH,0.0,0.0,1.0,,,0.0,0.0,1.0,0.0,0.0,,0.0,1.0,0.0,0.0,0.0,1.0,0.0,0.0,0.0,1.0,0.0,1.0,0.0,0.0
ANALYSIS_PARTIAL_PACKET_LOSS_SIMULATION_0082,partial_packet_loss_simulation_0082,ANALYSIS_PARTIAL_PACKET_LOSS_SIMULATION_0082_partial_packet_loss_simulation_0082,PARTIAL_CAPTURE_PACKET_LOSS_SIMULATION,PARTIAL_CAPTURE_CHALLENGE,PACKET_LOSS_SIMULATION,MEDIUM,0.0,0.0,1.0,,,0.0,0.0,0.0,0.0,0.0,,0.0,0.0,1.0,0.0,0.0,0.0,1.0,0.0,0.0,1.0,0.0,1.0,0.0,0.0
ANALYSIS_PARTIAL_PACKET_LOSS_SIMULATION_0083,partial_packet_loss_simulation_0083,ANALYSIS_PARTIAL_PACKET_LOSS_SIMULATION_0083_partial_packet_loss_simulation_0083,PARTIAL_CAPTURE_PACKET_LOSS_SIMULATION,PARTIAL_CAPTURE_CHALLENGE,PACKET_LOSS_SIMULATION,LOW,0.0,0.0,1.0,,,0.0,0.0,0.0,0.0,0.0,,0.0,0.0,0.0,1.0,0.0,0.0,0.0,1.0,0.0,1.0,0.0,1.0,0.0,0.0
ANALYSIS_PARTIAL_PACKET_LOSS_SIMULATION_0084,partial_packet_loss_simulation_0084,ANALYSIS_PARTIAL_PACKET_LOSS_SIMULATION_0084_partial_packet_loss_simulation_0084,PARTIAL_CAPTURE_PACKET_LOSS_SIMULATION,PARTIAL_CAPTURE_CHALLENGE,PACKET_LOSS_SIMULATION,MEDIUM,0.0,1.0,0.0,,,0.0,0.0,0.0,0.0,0.0,,0.0,1.0,0.0,0.0,0.0,0.0,1.0,0.0,0.0,1.0,1.0,1.0,0.0,0.0
ANALYSIS_PARTIAL_PACKET_LOSS_SIMULATION_0085,partial_packet_loss_simulation_0085,ANALYSIS_PARTIAL_PACKET_LOSS_SIMULATION_0085_partial_packet_loss_simulation_0085,PARTIAL_CAPTURE_PACKET_LOSS_SIMULATION,PARTIAL_CAPTURE_CHALLENGE,PACKET_LOSS_SIMULATION,HIGH,0.0,0.0,1.0,,,0.0,0.0,1.0,0.0,0.0,,0.0,0.0,1.0,0.0,0.0,1.0,0.0,0.0,0.0,1.0,0.0,1.0,0.0,0.0
ANALYSIS_PARTIAL_PACKET_LOSS_SIMULATION_0086,partial_packet_loss_simulation_0086,ANALYSIS_PARTIAL_PACKET_LOSS_SIMULATION_0086_partial_packet_loss_simulation_0086,PARTIAL_CAPTURE_PACKET_LOSS_SIMULATION,PARTIAL_CAPTURE_CHALLENGE,PACKET_LOSS_SIMULATION,MEDIUM,0.0,0.0,1.0,0.0,0.0,,,,0.0,0.0,0.0,,0.0,0.0,1.0,0.0,0.0,1.0,0.0,1.0,0.0,0.0,1.0,0.0,0.0
ANALYSIS_PARTIAL_PACKET_LOSS_SIMULATION_0087,partial_packet_loss_simulation_0087,ANALYSIS_PARTIAL_PACKET_LOSS_SIMULATION_0087_partial_packet_loss_simulation_0087,PARTIAL_CAPTURE_PACKET_LOSS_SIMULATION,PARTIAL_CAPTURE_CHALLENGE,PACKET_LOSS_SIMULATION,HIGH,0.0,0.0,1.0,,,1.0,0.0,0.0,0.0,0.0,,0.0,1.0,0.0,0.0,0.0,2.0,0.0,0.0,0.0,1.0,0.0,1.0,0.0,0.0
ANALYSIS_PARTIAL_PACKET_LOSS_SIMULATION_0088,partial_packet_loss_simulation_0088,ANALYSIS_PARTIAL_PACKET_LOSS_SIMULATION_0088_partial_packet_loss_simulation_0088,PARTIAL_CAPTURE_PACKET_LOSS_SIMULATION,PARTIAL_CAPTURE_CHALLENGE,PACKET_LOSS_SIMULATION,MEDIUM,0.0,0.0,1.0,,,0.0,0.0,0.0,0.0,0.0,,0.0,0.0,1.0,0.0,0.0,0.0,1.0,0.0,0.0,1.0,0.0,1.0,0.0,0.0
ANALYSIS_PARTIAL_PACKET_LOSS_SIMULATION_0089,partial_packet_loss_simulation_0089,ANALYSIS_PARTIAL_PACKET_LOSS_SIMULATION_0089_partial_packet_loss_simulation_0089,PARTIAL_CAPTURE_PACKET_LOSS_SIMULATION,PARTIAL_CAPTURE_CHALLENGE,PACKET_LOSS_SIMULATION,MEDIUM,0.0,0.0,1.0,0.0,0.0,,,,0.0,0.0,0.0,,0.0,0.0,1.0,0.0,0.0,1.0,0.0,1.0,0.0,0.0,1.0,0.0,0.0
ANALYSIS_PARTIAL_PACKET_LOSS_SIMULATION_0090,partial_packet_loss_simulation_0090,ANALYSIS_PARTIAL_PACKET_LOSS_SIMULATION_0090_partial_packet_loss_simulation_0090,PARTIAL_CAPTURE_PACKET_LOSS_SIMULATION,PARTIAL_CAPTURE_CHALLENGE,PACKET_LOSS_SIMULATION,LOW,0.0,0.0,1.0,0.0,0.0,0.0,0.0,0.0,0.0,0.0,0.0,0.0,1.0,0.0,0.0,0.0,0.0,0.0,1.0,1.0,1.0,0.0,1.0,0.0,0.0
ANALYSIS_PARTIAL_PACKET_LOSS_SIMULATION_0091,partial_packet_loss_simulation_0091,ANALYSIS_PARTIAL_PACKET_LOSS_SIMULATION_0091_partial_packet_loss_simulation_0091,PARTIAL_CAPTURE_PACKET_LOSS_SIMULATION,PARTIAL_CAPTURE_CHALLENGE,PACKET_LOSS_SIMULATION,HIGH,0.0,1.0,0.0,,,0.0,0.0,1.0,0.0,0.0,,0.0,0.0,1.0,0.0,0.0,1.0,0.0,0.0,0.0,1.0,1.0,1.0,0.0,0.0
ANALYSIS_PARTIAL_PACKET_LOSS_SIMULATION_0092,partial_packet_loss_simulation_0092,ANALYSIS_PARTIAL_PACKET_LOSS_SIMULATION_0092_partial_packet_loss_simulation_0092,PARTIAL_CAPTURE_PACKET_LOSS_SIMULATION,PARTIAL_CAPTURE_CHALLENGE,PACKET_LOSS_SIMULATION,MEDIUM,0.0,1.0,0.0,0.0,0.0,,,,0.0,0.0,0.0,,0.0,0.0,1.0,0.0,0.0,1.0,0.0,1.0,0.0,1.0,1.0,0.0,0.0
ANALYSIS_PARTIAL_PACKET_LOSS_SIMULATION_0093,partial_packet_loss_simulation_0093,ANALYSIS_PARTIAL_PACKET_LOSS_SIMULATION_0093_partial_packet_loss_simulation_0093,PARTIAL_CAPTURE_PACKET_LOSS_SIMULATION,PARTIAL_CAPTURE_CHALLENGE,PACKET_LOSS_SIMULATION,HIGH,0.0,1.0,0.0,,,0.0,0.0,0.0,0.0,0.0,,0.0,1.0,0.0,0.0,0.0,1.0,0.0,0.0,0.0,1.0,1.0,1.0,0.0,0.0
ANALYSIS_PARTIAL_PACKET_LOSS_SIMULATION_0094,partial_packet_loss_simulation_0094,ANALYSIS_PARTIAL_PACKET_LOSS_SIMULATION_0094_partial_packet_loss_simulation_0094,PARTIAL_CAPTURE_PACKET_LOSS_SIMULATION,PARTIAL_CAPTURE_CHALLENGE,PACKET_LOSS_SIMULATION,HIGH,0.0,0.0,1.0,0.0,1.0,,,,0.0,0.0,0.0,,0.0,1.0,0.0,0.0,1.0,0.0,0.0,1.0,0.0,0.0,1.0,0.0,0.0
ANALYSIS_PARTIAL_PACKET_LOSS_SIMULATION_0095,partial_packet_loss_simulation_0095,ANALYSIS_PARTIAL_PACKET_LOSS_SIMULATION_0095_partial_packet_loss_simulation_0095,PARTIAL_CAPTURE_PACKET_LOSS_SIMULATION,PARTIAL_CAPTURE_CHALLENGE,PACKET_LOSS_SIMULATION,LOW,0.0,0.0,1.0,,,0.0,0.0,0.0,0.0,0.0,,0.0,0.0,0.0,1.0,0.0,0.0,0.0,0.0,0.0,1.0,0.0,1.0,0.0,0.0
ANALYSIS_PARTIAL_PACKET_LOSS_SIMULATION_0096,partial_packet_loss_simulation_0096,ANALYSIS_PARTIAL_PACKET_LOSS_SIMULATION_0096_partial_packet_loss_simulation_0096,PARTIAL_CAPTURE_PACKET_LOSS_SIMULATION,PARTIAL_CAPTURE_CHALLENGE,PACKET_LOSS_SIMULATION,MEDIUM,0.0,0.0,1.0,0.0,0.0,,,,0.0,0.0,0.0,,1.0,0.0,0.0,0.0,0.0,1.0,0.0,1.0,0.0,0.0,1.0,0.0,0.0
ANALYSIS_PARTIAL_PACKET_LOSS_SIMULATION_0097,partial_packet_loss_simulation_0097,ANALYSIS_PARTIAL_PACKET_LOSS_SIMULATION_0097_partial_packet_loss_simulation_0097,PARTIAL_CAPTURE_PACKET_LOSS_SIMULATION,PARTIAL_CAPTURE_CHALLENGE,PACKET_LOSS_SIMULATION,MEDIUM,0.0,0.0,1.0,0.0,0.0,0.0,0.0,0.0,0.0,0.0,1.0,0.0,0.0,1.0,0.0,0.0,0.0,1.0,0.0,1.0,1.0,0.0,1.0,0.0,0.0
ANALYSIS_PARTIAL_PACKET_LOSS_SIMULATION_0098,partial_packet_loss_simulation_0098,ANALYSIS_PARTIAL_PACKET_LOSS_SIMULATION_0098_partial_packet_loss_simulation_0098,PARTIAL_CAPTURE_PACKET_LOSS_SIMULATION,PARTIAL_CAPTURE_CHALLENGE,PACKET_LOSS_SIMULATION,HIGH,0.0,0.0,1.0,,,0.0,0.0,0.0,0.0,0.0,,0.0,0.0,0.0,1.0,0.0,1.0,0.0,0.0,0.0,1.0,0.0,1.0,0.0,0.0
ANALYSIS_PARTIAL_PACKET_LOSS_SIMULATION_0099,partial_packet_loss_simulation_0099,ANALYSIS_PARTIAL_PACKET_LOSS_SIMULATION_0099_partial_packet_loss_simulation_0099,PARTIAL_CAPTURE_PACKET_LOSS_SIMULATION,PARTIAL_CAPTURE_CHALLENGE,PACKET_LOSS_SIMULATION,CRITICAL,1.0,0.0,0.0,,,,,,0.0,0.0,,,1.0,0.0,0.0,0.0,0.0,0.0,0.0,0.0,0.0,0.0,1.0,0.0,0.0
ANALYSIS_PARTIAL_AUTH_NOT_OBSERVED_0000,partial_auth_not_observed_0000,ANALYSIS_PARTIAL_AUTH_NOT_OBSERVED_0000_partial_auth_not_observed_0000,PARTIAL_CAPTURE_AUTH_NOT_OBSERVED,PARTIAL_CAPTURE_CHALLENGE,AUTH_NOT_OBSERVED,LOW,0.0,1.0,0.0,0.0,0.0,0.0,0.0,0.0,,0.0,0.0,0.0,1.0,0.0,0.0,0.0,0.0,0.0,0.0,1.0,1.0,1.0,0.0,0.0,0.0
ANALYSIS_PARTIAL_AUTH_NOT_OBSERVED_0001,partial_auth_not_observed_0001,ANALYSIS_PARTIAL_AUTH_NOT_OBSERVED_0001_partial_auth_not_observed_0001,PARTIAL_CAPTURE_AUTH_NOT_OBSERVED,PARTIAL_CAPTURE_CHALLENGE,AUTH_NOT_OBSERVED,MEDIUM,0.0,1.0,0.0,0.0,0.0,0.0,0.0,0.0,,0.0,1.0,0.0,0.0,1.0,0.0,0.0,0.0,1.0,0.0,1.0,1.0,1.0,0.0,0.0,0.0
ANALYSIS_PARTIAL_AUTH_NOT_OBSERVED_0002,partial_auth_not_observed_0002,ANALYSIS_PARTIAL_AUTH_NOT_OBSERVED_0002_partial_auth_not_observed_0002,PARTIAL_CAPTURE_AUTH_NOT_OBSERVED,PARTIAL_CAPTURE_CHALLENGE,AUTH_NOT_OBSERVED,MEDIUM,0.0,0.0,1.0,0.0,0.0,0.0,0.0,0.0,,0.0,1.0,0.0,0.0,0.0,1.0,0.0,0.0,0.0,1.0,1.0,1.0,0.0,0.0,0.0,0.0
ANALYSIS_PARTIAL_AUTH_NOT_OBSERVED_0003,partial_auth_not_observed_0003,ANALYSIS_PARTIAL_AUTH_NOT_OBSERVED_0003_partial_auth_not_observed_0003,PARTIAL_CAPTURE_AUTH_NOT_OBSERVED,PARTIAL_CAPTURE_CHALLENGE,AUTH_NOT_OBSERVED,MEDIUM,0.0,0.0,1.0,0.0,0.0,0.0,0.0,0.0,,0.0,1.0,0.0,1.0,0.0,0.0,0.0,0.0,1.0,0.0,1.0,1.0,0.0,0.0,0.0,0.0
ANALYSIS_PARTIAL_AUTH_NOT_OBSERVED_0004,partial_auth_not_observed_0004,ANALYSIS_PARTIAL_AUTH_NOT_OBSERVED_0004_partial_auth_not_observed_0004,PARTIAL_CAPTURE_AUTH_NOT_OBSERVED,PARTIAL_CAPTURE_CHALLENGE,AUTH_NOT_OBSERVED,HIGH,0.0,1.0,0.0,0.0,0.0,0.0,0.0,1.0,,0.0,0.0,0.0,0.0,1.0,0.0,0.0,1.0,0.0,0.0,1.0,1.0,1.0,0.0,0.0,0.0
ANALYSIS_PARTIAL_AUTH_NOT_OBSERVED_0005,partial_auth_not_observed_0005,ANALYSIS_PARTIAL_AUTH_NOT_OBSERVED_0005_partial_auth_not_observed_0005,PARTIAL_CAPTURE_AUTH_NOT_OBSERVED,PARTIAL_CAPTURE_CHALLENGE,AUTH_NOT_OBSERVED,LOW,0.0,0.0,1.0,0.0,0.0,0.0,0.0,0.0,,0.0,0.0,0.0,0.0,0.0,1.0,0.0,0.0,0.0,1.0,1.0,1.0,0.0,0.0,0.0,0.0
ANALYSIS_PARTIAL_AUTH_NOT_OBSERVED_0006,partial_auth_not_observed_0006,ANALYSIS_PARTIAL_AUTH_NOT_OBSERVED_0006_partial_auth_not_observed_0006,PARTIAL_CAPTURE_AUTH_NOT_OBSERVED,PARTIAL_CAPTURE_CHALLENGE,AUTH_NOT_OBSERVED,MEDIUM,0.0,1.0,0.0,0.0,0.0,0.0,0.0,0.0,,0.0,1.0,0.0,1.0,0.0,0.0,0.0,0.0,0.0,1.0,1.0,1.0,1.0,0.0,0.0,0.0
ANALYSIS_PARTIAL_AUTH_NOT_OBSERVED_0007,partial_auth_not_observed_0007,ANALYSIS_PARTIAL_AUTH_NOT_OBSERVED_0007_partial_auth_not_observed_0007,PARTIAL_CAPTURE_AUTH_NOT_OBSERVED,PARTIAL_CAPTURE_CHALLENGE,AUTH_NOT_OBSERVED,MEDIUM,0.0,0.0,1.0,0.0,0.0,0.0,0.0,0.0,,0.0,0.0,1.0,0.0,1.0,0.0,0.0,0.0,1.0,0.0,1.0,1.0,0.0,0.0,0.0,0.0
ANALYSIS_PARTIAL_AUTH_NOT_OBSERVED_0008,partial_auth_not_observed_0008,ANALYSIS_PARTIAL_AUTH_NOT_OBSERVED_0008_partial_auth_not_observed_0008,PARTIAL_CAPTURE_AUTH_NOT_OBSERVED,PARTIAL_CAPTURE_CHALLENGE,AUTH_NOT_OBSERVED,HIGH,0.0,1.0,0.0,0.0,0.0,0.0,0.0,1.0,,0.0,0.0,0.0,0.0,0.0,1.0,0.0,1.0,0.0,0.0,1.0,1.0,1.0,0.0,0.0,0.0
ANALYSIS_PARTIAL_AUTH_NOT_OBSERVED_0009,partial_auth_not_observed_0009,ANALYSIS_PARTIAL_AUTH_NOT_OBSERVED_0009_partial_auth_not_observed_0009,PARTIAL_CAPTURE_AUTH_NOT_OBSERVED,PARTIAL_CAPTURE_CHALLENGE,AUTH_NOT_OBSERVED,LOW,0.0,1.0,0.0,0.0,0.0,0.0,0.0,0.0,,0.0,0.0,0.0,1.0,0.0,0.0,0.0,0.0,0.0,1.0,1.0,1.0,1.0,0.0,0.0,0.0
ANALYSIS_PARTIAL_AUTH_NOT_OBSERVED_0010,partial_auth_not_observed_0010,ANALYSIS_PARTIAL_AUTH_NOT_OBSERVED_0010_partial_auth_not_observed_0010,PARTIAL_CAPTURE_AUTH_NOT_OBSERVED,PARTIAL_CAPTURE_CHALLENGE,AUTH_NOT_OBSERVED,LOW,0.0,0.0,1.0,0.0,0.0,0.0,0.0,0.0,,0.0,0.0,0.0,0.0,1.0,0.0,0.0,0.0,0.0,0.0,1.0,1.0,0.0,0.0,0.0,0.0
ANALYSIS_PARTIAL_AUTH_NOT_OBSERVED_0011,partial_auth_not_observed_0011,ANALYSIS_PARTIAL_AUTH_NOT_OBSERVED_0011_partial_auth_not_observed_0011,PARTIAL_CAPTURE_AUTH_NOT_OBSERVED,PARTIAL_CAPTURE_CHALLENGE,AUTH_NOT_OBSERVED,LOW,0.0,0.0,1.0,0.0,0.0,0.0,0.0,0.0,,0.0,0.0,0.0,0.0,0.0,1.0,0.0,0.0,0.0,1.0,1.0,1.0,0.0,0.0,0.0,0.0
ANALYSIS_PARTIAL_AUTH_NOT_OBSERVED_0012,partial_auth_not_observed_0012,ANALYSIS_PARTIAL_AUTH_NOT_OBSERVED_0012_partial_auth_not_observed_0012,PARTIAL_CAPTURE_AUTH_NOT_OBSERVED,PARTIAL_CAPTURE_CHALLENGE,AUTH_NOT_OBSERVED,HIGH,0.0,0.0,1.0,0.0,1.0,0.0,0.0,0.0,,0.0,0.0,0.0,1.0,0.0,0.0,0.0,1.0,0.0,0.0,1.0,1.0,0.0,0.0,0.0,0.0
ANALYSIS_PARTIAL_AUTH_NOT_OBSERVED_0013,partial_auth_not_observed_0013,ANALYSIS_PARTIAL_AUTH_NOT_OBSERVED_0013_partial_auth_not_observed_0013,PARTIAL_CAPTURE_AUTH_NOT_OBSERVED,PARTIAL_CAPTURE_CHALLENGE,AUTH_NOT_OBSERVED,LOW,0.0,0.0,1.0,0.0,0.0,0.0,0.0,0.0,,0.0,0.0,0.0,0.0,1.0,0.0,0.0,0.0,0.0,0.0,1.0,1.0,0.0,0.0,0.0,0.0
ANALYSIS_PARTIAL_AUTH_NOT_OBSERVED_0014,partial_auth_not_observed_0014,ANALYSIS_PARTIAL_AUTH_NOT_OBSERVED_0014_partial_auth_not_observed_0014,PARTIAL_CAPTURE_AUTH_NOT_OBSERVED,PARTIAL_CAPTURE_CHALLENGE,AUTH_NOT_OBSERVED,HIGH,0.0,1.0,0.0,0.0,0.0,0.0,0.0,1.0,,0.0,0.0,0.0,0.0,0.0,1.0,0.0,1.0,0.0,0.0,1.0,1.0,1.0,0.0,0.0,0.0
ANALYSIS_PARTIAL_AUTH_NOT_OBSERVED_0015,partial_auth_not_observed_0015,ANALYSIS_PARTIAL_AUTH_NOT_OBSERVED_0015_partial_auth_not_observed_0015,PARTIAL_CAPTURE_AUTH_NOT_OBSERVED,PARTIAL_CAPTURE_CHALLENGE,AUTH_NOT_OBSERVED,LOW,0.0,1.0,0.0,0.0,0.0,0.0,0.0,0.0,,0.0,0.0,0.0,1.0,0.0,0.0,0.0,0.0,0.0,0.0,1.0,1.0,1.0,0.0,0.0,0.0
ANALYSIS_PARTIAL_AUTH_NOT_OBSERVED_0016,partial_auth_not_observed_0016,ANALYSIS_PARTIAL_AUTH_NOT_OBSERVED_0016_partial_auth_not_observed_0016,PARTIAL_CAPTURE_AUTH_NOT_OBSERVED,PARTIAL_CAPTURE_CHALLENGE,AUTH_NOT_OBSERVED,CRITICAL,1.0,0.0,0.0,,,,,,,0.0,,,0.0,1.0,0.0,0.0,0.0,0.0,0.0,0.0,0.0,0.0,0.0,0.0,0.0
ANALYSIS_PARTIAL_AUTH_NOT_OBSERVED_0017,partial_auth_not_observed_0017,ANALYSIS_PARTIAL_AUTH_NOT_OBSERVED_0017_partial_auth_not_observed_0017,PARTIAL_CAPTURE_AUTH_NOT_OBSERVED,PARTIAL_CAPTURE_CHALLENGE,AUTH_NOT_OBSERVED,LOW,0.0,0.0,1.0,0.0,0.0,0.0,0.0,0.0,,0.0,0.0,0.0,0.0,0.0,1.0,0.0,0.0,0.0,0.0,1.0,1.0,0.0,0.0,0.0,0.0
ANALYSIS_PARTIAL_AUTH_NOT_OBSERVED_0018,partial_auth_not_observed_0018,ANALYSIS_PARTIAL_AUTH_NOT_OBSERVED_0018_partial_auth_not_observed_0018,PARTIAL_CAPTURE_AUTH_NOT_OBSERVED,PARTIAL_CAPTURE_CHALLENGE,AUTH_NOT_OBSERVED,MEDIUM,0.0,0.0,1.0,0.0,0.0,0.0,0.0,0.0,,0.0,1.0,0.0,1.0,0.0,0.0,0.0,0.0,1.0,0.0,1.0,1.0,0.0,0.0,0.0,0.0
ANALYSIS_PARTIAL_AUTH_NOT_OBSERVED_0019,partial_auth_not_observed_0019,ANALYSIS_PARTIAL_AUTH_NOT_OBSERVED_0019_partial_auth_not_observed_0019,PARTIAL_CAPTURE_AUTH_NOT_OBSERVED,PARTIAL_CAPTURE_CHALLENGE,AUTH_NOT_OBSERVED,LOW,0.0,0.0,1.0,0.0,0.0,0.0,0.0,0.0,,0.0,0.0,0.0,0.0,1.0,0.0,0.0,0.0,0.0,1.0,1.0,1.0,0.0,0.0,0.0,0.0
ANALYSIS_PARTIAL_AUTH_NOT_OBSERVED_0020,partial_auth_not_observed_0020,ANALYSIS_PARTIAL_AUTH_NOT_OBSERVED_0020_partial_auth_not_observed_0020,PARTIAL_CAPTURE_AUTH_NOT_OBSERVED,PARTIAL_CAPTURE_CHALLENGE,AUTH_NOT_OBSERVED,LOW,0.0,0.0,1.0,0.0,0.0,0.0,0.0,0.0,,0.0,0.0,0.0,0.0,0.0,1.0,0.0,0.0,0.0,0.0,1.0,1.0,0.0,0.0,0.0,0.0
ANALYSIS_PARTIAL_AUTH_NOT_OBSERVED_0021,partial_auth_not_observed_0021,ANALYSIS_PARTIAL_AUTH_NOT_OBSERVED_0021_partial_auth_not_observed_0021,PARTIAL_CAPTURE_AUTH_NOT_OBSERVED,PARTIAL_CAPTURE_CHALLENGE,AUTH_NOT_OBSERVED,CRITICAL,1.0,0.0,0.0,,,,,,,0.0,,,1.0,0.0,0.0,0.0,0.0,0.0,0.0,0.0,0.0,0.0,0.0,0.0,0.0
ANALYSIS_PARTIAL_AUTH_NOT_OBSERVED_0022,partial_auth_not_observed_0022,ANALYSIS_PARTIAL_AUTH_NOT_OBSERVED_0022_partial_auth_not_observed_0022,PARTIAL_CAPTURE_AUTH_NOT_OBSERVED,PARTIAL_CAPTURE_CHALLENGE,AUTH_NOT_OBSERVED,LOW,0.0,0.0,1.0,0.0,0.0,0.0,0.0,0.0,,0.0,0.0,0.0,0.0,1.0,0.0,0.0,0.0,0.0,0.0,1.0,1.0,0.0,0.0,0.0,0.0
ANALYSIS_PARTIAL_AUTH_NOT_OBSERVED_0023,partial_auth_not_observed_0023,ANALYSIS_PARTIAL_AUTH_NOT_OBSERVED_0023_partial_auth_not_observed_0023,PARTIAL_CAPTURE_AUTH_NOT_OBSERVED,PARTIAL_CAPTURE_CHALLENGE,AUTH_NOT_OBSERVED,HIGH,0.0,0.0,1.0,0.0,1.0,0.0,0.0,0.0,,0.0,0.0,0.0,0.0,0.0,1.0,0.0,1.0,0.0,0.0,1.0,1.0,0.0,0.0,0.0,0.0
ANALYSIS_PARTIAL_AUTH_NOT_OBSERVED_0024,partial_auth_not_observed_0024,ANALYSIS_PARTIAL_AUTH_NOT_OBSERVED_0024_partial_auth_not_observed_0024,PARTIAL_CAPTURE_AUTH_NOT_OBSERVED,PARTIAL_CAPTURE_CHALLENGE,AUTH_NOT_OBSERVED,HIGH,0.0,0.0,1.0,1.0,0.0,0.0,0.0,0.0,,0.0,1.0,0.0,1.0,0.0,0.0,0.0,1.0,0.0,0.0,1.0,1.0,0.0,0.0,0.0,0.0
ANALYSIS_PARTIAL_AUTH_NOT_OBSERVED_0025,partial_auth_not_observed_0025,ANALYSIS_PARTIAL_AUTH_NOT_OBSERVED_0025_partial_auth_not_observed_0025,PARTIAL_CAPTURE_AUTH_NOT_OBSERVED,PARTIAL_CAPTURE_CHALLENGE,AUTH_NOT_OBSERVED,LOW,0.0,1.0,0.0,0.0,0.0,0.0,0.0,0.0,,0.0,0.0,0.0,0.0,1.0,0.0,0.0,0.0,0.0,0.0,1.0,1.0,1.0,0.0,0.0,0.0
ANALYSIS_PARTIAL_AUTH_NOT_OBSERVED_0026,partial_auth_not_observed_0026,ANALYSIS_PARTIAL_AUTH_NOT_OBSERVED_0026_partial_auth_not_observed_0026,PARTIAL_CAPTURE_AUTH_NOT_OBSERVED,PARTIAL_CAPTURE_CHALLENGE,AUTH_NOT_OBSERVED,LOW,0.0,0.0,1.0,0.0,0.0,0.0,0.0,0.0,,0.0,0.0,0.0,0.0,0.0,1.0,0.0,0.0,0.0,0.0,1.0,1.0,0.0,0.0,0.0,0.0
ANALYSIS_PARTIAL_AUTH_NOT_OBSERVED_0027,partial_auth_not_observed_0027,ANALYSIS_PARTIAL_AUTH_NOT_OBSERVED_0027_partial_auth_not_observed_0027,PARTIAL_CAPTURE_AUTH_NOT_OBSERVED,PARTIAL_CAPTURE_CHALLENGE,AUTH_NOT_OBSERVED,LOW,0.0,1.0,0.0,0.0,0.0,0.0,0.0,0.0,,0.0,0.0,0.0,1.0,0.0,0.0,0.0,0.0,0.0,0.0,1.0,1.0,1.0,0.0,0.0,0.0
ANALYSIS_PARTIAL_AUTH_NOT_OBSERVED_0028,partial_auth_not_observed_0028,ANALYSIS_PARTIAL_AUTH_NOT_OBSERVED_0028_partial_auth_not_observed_0028,PARTIAL_CAPTURE_AUTH_NOT_OBSERVED,PARTIAL_CAPTURE_CHALLENGE,AUTH_NOT_OBSERVED,HIGH,0.0,0.0,1.0,0.0,0.0,1.0,0.0,0.0,,0.0,0.0,0.0,0.0,1.0,0.0,0.0,1.0,0.0,0.0,1.0,1.0,0.0,0.0,0.0,0.0
ANALYSIS_PARTIAL_AUTH_NOT_OBSERVED_0029,partial_auth_not_observed_0029,ANALYSIS_PARTIAL_AUTH_NOT_OBSERVED_0029_partial_auth_not_observed_0029,PARTIAL_CAPTURE_AUTH_NOT_OBSERVED,PARTIAL_CAPTURE_CHALLENGE,AUTH_NOT_OBSERVED,MEDIUM,0.0,0.0,1.0,0.0,0.0,0.0,0.0,0.0,,0.0,1.0,0.0,0.0,0.0,1.0,0.0,0.0,0.0,1.0,1.0,1.0,0.0,0.0,0.0,0.0
ANALYSIS_PARTIAL_AUTH_NOT_OBSERVED_0030,partial_auth_not_observed_0030,ANALYSIS_PARTIAL_AUTH_NOT_OBSERVED_0030_partial_auth_not_observed_0030,PARTIAL_CAPTURE_AUTH_NOT_OBSERVED,PARTIAL_CAPTURE_CHALLENGE,AUTH_NOT_OBSERVED,LOW,0.0,1.0,0.0,0.0,0.0,0.0,0.0,0.0,,0.0,0.0,0.0,1.0,0.0,0.0,0.0,0.0,0.0,0.0,1.0,1.0,1.0,0.0,0.0,0.0
ANALYSIS_PARTIAL_AUTH_NOT_OBSERVED_0031,partial_auth_not_observed_0031,ANALYSIS_PARTIAL_AUTH_NOT_OBSERVED_0031_partial_auth_not_observed_0031,PARTIAL_CAPTURE_AUTH_NOT_OBSERVED,PARTIAL_CAPTURE_CHALLENGE,AUTH_NOT_OBSERVED,LOW,0.0,1.0,0.0,0.0,0.0,0.0,0.0,0.0,,0.0,0.0,0.0,0.0,1.0,0.0,0.0,0.0,0.0,0.0,1.0,1.0,1.0,0.0,0.0,0.0
ANALYSIS_PARTIAL_AUTH_NOT_OBSERVED_0032,partial_auth_not_observed_0032,ANALYSIS_PARTIAL_AUTH_NOT_OBSERVED_0032_partial_auth_not_observed_0032,PARTIAL_CAPTURE_AUTH_NOT_OBSERVED,PARTIAL_CAPTURE_CHALLENGE,AUTH_NOT_OBSERVED,LOW,0.0,0.0,1.0,0.0,0.0,0.0,0.0,0.0,,0.0,0.0,0.0,0.0,0.0,1.0,0.0,0.0,0.0,0.0,1.0,1.0,0.0,0.0,0.0,0.0
ANALYSIS_PARTIAL_AUTH_NOT_OBSERVED_0033,partial_auth_not_observed_0033,ANALYSIS_PARTIAL_AUTH_NOT_OBSERVED_0033_partial_auth_not_observed_0033,PARTIAL_CAPTURE_AUTH_NOT_OBSERVED,PARTIAL_CAPTURE_CHALLENGE,AUTH_NOT_OBSERVED,MEDIUM,0.0,0.0,1.0,0.0,0.0,0.0,0.0,0.0,,0.0,1.0,0.0,1.0,0.0,0.0,0.0,0.0,0.0,1.0,1.0,1.0,0.0,0.0,0.0,0.0
ANALYSIS_PARTIAL_AUTH_NOT_OBSERVED_0034,partial_auth_not_observed_0034,ANALYSIS_PARTIAL_AUTH_NOT_OBSERVED_0034_partial_auth_not_observed_0034,PARTIAL_CAPTURE_AUTH_NOT_OBSERVED,PARTIAL_CAPTURE_CHALLENGE,AUTH_NOT_OBSERVED,MEDIUM,0.0,1.0,0.0,0.0,0.0,0.0,0.0,0.0,,0.0,0.0,1.0,0.0,1.0,0.0,0.0,0.0,1.0,0.0,1.0,1.0,1.0,0.0,0.0,0.0
ANALYSIS_PARTIAL_AUTH_NOT_OBSERVED_0035,partial_auth_not_observed_0035,ANALYSIS_PARTIAL_AUTH_NOT_OBSERVED_0035_partial_auth_not_observed_0035,PARTIAL_CAPTURE_AUTH_NOT_OBSERVED,PARTIAL_CAPTURE_CHALLENGE,AUTH_NOT_OBSERVED,HIGH,0.0,1.0,0.0,0.0,0.0,0.0,0.0,1.0,,0.0,0.0,0.0,0.0,0.0,1.0,0.0,1.0,0.0,0.0,1.0,1.0,1.0,0.0,0.0,0.0
ANALYSIS_PARTIAL_AUTH_NOT_OBSERVED_0036,partial_auth_not_observed_0036,ANALYSIS_PARTIAL_AUTH_NOT_OBSERVED_0036_partial_auth_not_observed_0036,PARTIAL_CAPTURE_AUTH_NOT_OBSERVED,PARTIAL_CAPTURE_CHALLENGE,AUTH_NOT_OBSERVED,MEDIUM,0.0,1.0,0.0,0.0,0.0,0.0,0.0,0.0,,0.0,1.0,0.0,1.0,0.0,0.0,0.0,0.0,0.0,0.0,1.0,1.0,1.0,0.0,0.0,0.0
ANALYSIS_PARTIAL_AUTH_NOT_OBSERVED_0037,partial_auth_not_observed_0037,ANALYSIS_PARTIAL_AUTH_NOT_OBSERVED_0037_partial_auth_not_observed_0037,PARTIAL_CAPTURE_AUTH_NOT_OBSERVED,PARTIAL_CAPTURE_CHALLENGE,AUTH_NOT_OBSERVED,CRITICAL,0.0,0.0,1.0,1.0,1.0,1.0,0.0,0.0,,0.0,0.0,0.0,0.0,1.0,0.0,0.0,2.0,0.0,0.0,1.0,1.0,0.0,0.0,0.0,0.0
ANALYSIS_PARTIAL_AUTH_NOT_OBSERVED_0038,partial_auth_not_observed_0038,ANALYSIS_PARTIAL_AUTH_NOT_OBSERVED_0038_partial_auth_not_observed_0038,PARTIAL_CAPTURE_AUTH_NOT_OBSERVED,PARTIAL_CAPTURE_CHALLENGE,AUTH_NOT_OBSERVED,MEDIUM,0.0,0.0,1.0,0.0,0.0,0.0,0.0,0.0,,0.0,1.0,0.0,0.0,0.0,1.0,0.0,0.0,1.0,0.0,1.0,1.0,0.0,0.0,0.0,0.0
ANALYSIS_PARTIAL_AUTH_NOT_OBSERVED_0039,partial_auth_not_observed_0039,ANALYSIS_PARTIAL_AUTH_NOT_OBSERVED_0039_partial_auth_not_observed_0039,PARTIAL_CAPTURE_AUTH_NOT_OBSERVED,PARTIAL_CAPTURE_CHALLENGE,AUTH_NOT_OBSERVED,MEDIUM,0.0,1.0,0.0,0.0,0.0,0.0,0.0,0.0,,0.0,0.0,1.0,1.0,0.0,0.0,0.0,0.0,1.0,0.0,1.0,1.0,1.0,0.0,0.0,0.0
ANALYSIS_PARTIAL_AUTH_NOT_OBSERVED_0040,partial_auth_not_observed_0040,ANALYSIS_PARTIAL_AUTH_NOT_OBSERVED_0040_partial_auth_not_observed_0040,PARTIAL_CAPTURE_AUTH_NOT_OBSERVED,PARTIAL_CAPTURE_CHALLENGE,AUTH_NOT_OBSERVED,HIGH,0.0,0.0,1.0,0.0,1.0,0.0,0.0,0.0,,0.0,0.0,0.0,0.0,1.0,0.0,0.0,1.0,0.0,0.0,1.0,1.0,0.0,0.0,0.0,0.0
ANALYSIS_PARTIAL_AUTH_NOT_OBSERVED_0041,partial_auth_not_observed_0041,ANALYSIS_PARTIAL_AUTH_NOT_OBSERVED_0041_partial_auth_not_observed_0041,PARTIAL_CAPTURE_AUTH_NOT_OBSERVED,PARTIAL_CAPTURE_CHALLENGE,AUTH_NOT_OBSERVED,LOW,0.0,0.0,1.0,0.0,0.0,0.0,0.0,0.0,,0.0,0.0,0.0,0.0,0.0,1.0,0.0,0.0,0.0,1.0,1.0,1.0,0.0,0.0,0.0,0.0
ANALYSIS_PARTIAL_AUTH_NOT_OBSERVED_0042,partial_auth_not_observed_0042,ANALYSIS_PARTIAL_AUTH_NOT_OBSERVED_0042_partial_auth_not_observed_0042,PARTIAL_CAPTURE_AUTH_NOT_OBSERVED,PARTIAL_CAPTURE_CHALLENGE,AUTH_NOT_OBSERVED,HIGH,0.0,0.0,1.0,1.0,0.0,0.0,0.0,0.0,,0.0,1.0,0.0,1.0,0.0,0.0,0.0,1.0,0.0,0.0,1.0,1.0,0.0,0.0,0.0,0.0
ANALYSIS_PARTIAL_AUTH_NOT_OBSERVED_0043,partial_auth_not_observed_0043,ANALYSIS_PARTIAL_AUTH_NOT_OBSERVED_0043_partial_auth_not_observed_0043,PARTIAL_CAPTURE_AUTH_NOT_OBSERVED,PARTIAL_CAPTURE_CHALLENGE,AUTH_NOT_OBSERVED,MEDIUM,0.0,0.0,1.0,0.0,0.0,0.0,0.0,0.0,,0.0,1.0,0.0,0.0,1.0,0.0,0.0,0.0,0.0,0.0,1.0,1.0,0.0,0.0,0.0,0.0
ANALYSIS_PARTIAL_AUTH_NOT_OBSERVED_0044,partial_auth_not_observed_0044,ANALYSIS_PARTIAL_AUTH_NOT_OBSERVED_0044_partial_auth_not_observed_0044,PARTIAL_CAPTURE_AUTH_NOT_OBSERVED,PARTIAL_CAPTURE_CHALLENGE,AUTH_NOT_OBSERVED,HIGH,0.0,1.0,0.0,1.0,0.0,0.0,0.0,0.0,,0.0,1.0,0.0,0.0,0.0,1.0,0.0,1.0,0.0,0.0,1.0,1.0,1.0,0.0,0.0,0.0
ANALYSIS_PARTIAL_AUTH_NOT_OBSERVED_0045,partial_auth_not_observed_0045,ANALYSIS_PARTIAL_AUTH_NOT_OBSERVED_0045_partial_auth_not_observed_0045,PARTIAL_CAPTURE_AUTH_NOT_OBSERVED,PARTIAL_CAPTURE_CHALLENGE,AUTH_NOT_OBSERVED,MEDIUM,0.0,0.0,1.0,0.0,0.0,0.0,0.0,0.0,,0.0,0.0,1.0,1.0,0.0,0.0,0.0,0.0,1.0,0.0,1.0,1.0,0.0,0.0,0.0,0.0
ANALYSIS_PARTIAL_AUTH_NOT_OBSERVED_0046,partial_auth_not_observed_0046,ANALYSIS_PARTIAL_AUTH_NOT_OBSERVED_0046_partial_auth_not_observed_0046,PARTIAL_CAPTURE_AUTH_NOT_OBSERVED,PARTIAL_CAPTURE_CHALLENGE,AUTH_NOT_OBSERVED,LOW,0.0,1.0,0.0,0.0,0.0,0.0,0.0,0.0,,0.0,0.0,0.0,0.0,1.0,0.0,0.0,0.0,0.0,0.0,1.0,1.0,1.0,0.0,0.0,0.0
ANALYSIS_PARTIAL_AUTH_NOT_OBSERVED_0047,partial_auth_not_observed_0047,ANALYSIS_PARTIAL_AUTH_NOT_OBSERVED_0047_partial_auth_not_observed_0047,PARTIAL_CAPTURE_AUTH_NOT_OBSERVED,PARTIAL_CAPTURE_CHALLENGE,AUTH_NOT_OBSERVED,LOW,0.0,0.0,1.0,0.0,0.0,0.0,0.0,0.0,,0.0,0.0,0.0,0.0,0.0,1.0,0.0,0.0,0.0,0.0,1.0,1.0,0.0,0.0,0.0,0.0
ANALYSIS_PARTIAL_AUTH_NOT_OBSERVED_0048,partial_auth_not_observed_0048,ANALYSIS_PARTIAL_AUTH_NOT_OBSERVED_0048_partial_auth_not_observed_0048,PARTIAL_CAPTURE_AUTH_NOT_OBSERVED,PARTIAL_CAPTURE_CHALLENGE,AUTH_NOT_OBSERVED,LOW,0.0,0.0,1.0,0.0,0.0,0.0,0.0,0.0,,0.0,0.0,0.0,1.0,0.0,0.0,0.0,0.0,0.0,0.0,1.0,1.0,0.0,0.0,0.0,0.0
ANALYSIS_PARTIAL_AUTH_NOT_OBSERVED_0049,partial_auth_not_observed_0049,ANALYSIS_PARTIAL_AUTH_NOT_OBSERVED_0049_partial_auth_not_observed_0049,PARTIAL_CAPTURE_AUTH_NOT_OBSERVED,PARTIAL_CAPTURE_CHALLENGE,AUTH_NOT_OBSERVED,CRITICAL,1.0,0.0,0.0,,,,,,,0.0,,,0.0,1.0,0.0,0.0,0.0,0.0,0.0,0.0,0.0,0.0,0.0,0.0,0.0
ANALYSIS_PARTIAL_AUTH_NOT_OBSERVED_0050,partial_auth_not_observed_0050,ANALYSIS_PARTIAL_AUTH_NOT_OBSERVED_0050_partial_auth_not_observed_0050,PARTIAL_CAPTURE_AUTH_NOT_OBSERVED,PARTIAL_CAPTURE_CHALLENGE,AUTH_NOT_OBSERVED,HIGH,0.0,1.0,0.0,0.0,0.0,1.0,0.0,0.0,,0.0,0.0,0.0,0.0,0.0,1.0,0.0,1.0,0.0,0.0,1.0,1.0,1.0,0.0,0.0,0.0
ANALYSIS_PARTIAL_AUTH_NOT_OBSERVED_0051,partial_auth_not_observed_0051,ANALYSIS_PARTIAL_AUTH_NOT_OBSERVED_0051_partial_auth_not_observed_0051,PARTIAL_CAPTURE_AUTH_NOT_OBSERVED,PARTIAL_CAPTURE_CHALLENGE,AUTH_NOT_OBSERVED,HIGH,0.0,1.0,0.0,0.0,0.0,1.0,0.0,0.0,,0.0,0.0,0.0,1.0,0.0,0.0,0.0,1.0,0.0,0.0,1.0,1.0,1.0,0.0,0.0,0.0
ANALYSIS_PARTIAL_AUTH_NOT_OBSERVED_0052,partial_auth_not_observed_0052,ANALYSIS_PARTIAL_AUTH_NOT_OBSERVED_0052_partial_auth_not_observed_0052,PARTIAL_CAPTURE_AUTH_NOT_OBSERVED,PARTIAL_CAPTURE_CHALLENGE,AUTH_NOT_OBSERVED,MEDIUM,0.0,1.0,0.0,0.0,0.0,0.0,0.0,0.0,,0.0,0.0,1.0,0.0,1.0,0.0,0.0,0.0,1.0,0.0,1.0,1.0,1.0,0.0,0.0,0.0
ANALYSIS_PARTIAL_AUTH_NOT_OBSERVED_0053,partial_auth_not_observed_0053,ANALYSIS_PARTIAL_AUTH_NOT_OBSERVED_0053_partial_auth_not_observed_0053,PARTIAL_CAPTURE_AUTH_NOT_OBSERVED,PARTIAL_CAPTURE_CHALLENGE,AUTH_NOT_OBSERVED,CRITICAL,1.0,0.0,0.0,,,,,,,0.0,,,0.0,0.0,1.0,0.0,0.0,0.0,0.0,0.0,0.0,0.0,0.0,0.0,0.0
ANALYSIS_PARTIAL_AUTH_NOT_OBSERVED_0054,partial_auth_not_observed_0054,ANALYSIS_PARTIAL_AUTH_NOT_OBSERVED_0054_partial_auth_not_observed_0054,PARTIAL_CAPTURE_AUTH_NOT_OBSERVED,PARTIAL_CAPTURE_CHALLENGE,AUTH_NOT_OBSERVED,HIGH,0.0,1.0,0.0,1.0,0.0,0.0,0.0,0.0,,0.0,1.0,0.0,1.0,0.0,0.0,0.0,1.0,0.0,0.0,1.0,1.0,1.0,0.0,0.0,0.0
ANALYSIS_PARTIAL_AUTH_NOT_OBSERVED_0055,partial_auth_not_observed_0055,ANALYSIS_PARTIAL_AUTH_NOT_OBSERVED_0055_partial_auth_not_observed_0055,PARTIAL_CAPTURE_AUTH_NOT_OBSERVED,PARTIAL_CAPTURE_CHALLENGE,AUTH_NOT_OBSERVED,MEDIUM,0.0,0.0,1.0,0.0,0.0,0.0,0.0,0.0,,0.0,0.0,1.0,0.0,1.0,0.0,0.0,0.0,1.0,0.0,1.0,1.0,0.0,0.0,0.0,0.0
ANALYSIS_PARTIAL_AUTH_NOT_OBSERVED_0056,partial_auth_not_observed_0056,ANALYSIS_PARTIAL_AUTH_NOT_OBSERVED_0056_partial_auth_not_observed_0056,PARTIAL_CAPTURE_AUTH_NOT_OBSERVED,PARTIAL_CAPTURE_CHALLENGE,AUTH_NOT_OBSERVED,CRITICAL,0.0,0.0,1.0,1.0,1.0,1.0,0.0,0.0,,0.0,0.0,0.0,0.0,0.0,1.0,0.0,2.0,0.0,0.0,1.0,1.0,0.0,0.0,0.0,0.0
ANALYSIS_PARTIAL_AUTH_NOT_OBSERVED_0057,partial_auth_not_observed_0057,ANALYSIS_PARTIAL_AUTH_NOT_OBSERVED_0057_partial_auth_not_observed_0057,PARTIAL_CAPTURE_AUTH_NOT_OBSERVED,PARTIAL_CAPTURE_CHALLENGE,AUTH_NOT_OBSERVED,HIGH,0.0,1.0,0.0,1.0,0.0,0.0,0.0,0.0,,0.0,1.0,0.0,1.0,0.0,0.0,0.0,1.0,0.0,0.0,1.0,1.0,1.0,0.0,0.0,0.0
ANALYSIS_PARTIAL_AUTH_NOT_OBSERVED_0058,partial_auth_not_observed_0058,ANALYSIS_PARTIAL_AUTH_NOT_OBSERVED_0058_partial_auth_not_observed_0058,PARTIAL_CAPTURE_AUTH_NOT_OBSERVED,PARTIAL_CAPTURE_CHALLENGE,AUTH_NOT_OBSERVED,LOW,0.0,1.0,0.0,0.0,0.0,0.0,0.0,0.0,,0.0,0.0,0.0,0.0,1.0,0.0,0.0,0.0,0.0,1.0,1.0,1.0,1.0,0.0,0.0,0.0
ANALYSIS_PARTIAL_AUTH_NOT_OBSERVED_0059,partial_auth_not_observed_0059,ANALYSIS_PARTIAL_AUTH_NOT_OBSERVED_0059_partial_auth_not_observed_0059,PARTIAL_CAPTURE_AUTH_NOT_OBSERVED,PARTIAL_CAPTURE_CHALLENGE,AUTH_NOT_OBSERVED,HIGH,0.0,0.0,1.0,0.0,0.0,1.0,0.0,0.0,,0.0,0.0,0.0,0.0,0.0,1.0,0.0,1.0,0.0,0.0,1.0,1.0,0.0,0.0,0.0,0.0
ANALYSIS_PARTIAL_AUTH_NOT_OBSERVED_0060,partial_auth_not_observed_0060,ANALYSIS_PARTIAL_AUTH_NOT_OBSERVED_0060_partial_auth_not_observed_0060,PARTIAL_CAPTURE_AUTH_NOT_OBSERVED,PARTIAL_CAPTURE_CHALLENGE,AUTH_NOT_OBSERVED,CRITICAL,1.0,0.0,0.0,,,,,,,0.0,,,1.0,0.0,0.0,0.0,0.0,0.0,0.0,0.0,0.0,0.0,0.0,0.0,0.0
ANALYSIS_PARTIAL_AUTH_NOT_OBSERVED_0061,partial_auth_not_observed_0061,ANALYSIS_PARTIAL_AUTH_NOT_OBSERVED_0061_partial_auth_not_observed_0061,PARTIAL_CAPTURE_AUTH_NOT_OBSERVED,PARTIAL_CAPTURE_CHALLENGE,AUTH_NOT_OBSERVED,HIGH,0.0,0.0,1.0,0.0,0.0,1.0,0.0,0.0,,0.0,0.0,0.0,0.0,1.0,0.0,0.0,1.0,0.0,0.0,1.0,1.0,0.0,0.0,0.0,0.0
ANALYSIS_PARTIAL_AUTH_NOT_OBSERVED_0062,partial_auth_not_observed_0062,ANALYSIS_PARTIAL_AUTH_NOT_OBSERVED_0062_partial_auth_not_observed_0062,PARTIAL_CAPTURE_AUTH_NOT_OBSERVED,PARTIAL_CAPTURE_CHALLENGE,AUTH_NOT_OBSERVED,MEDIUM,0.0,1.0,0.0,0.0,0.0,0.0,0.0,0.0,,0.0,1.0,0.0,0.0,0.0,1.0,0.0,0.0,1.0,0.0,1.0,1.0,1.0,0.0,0.0,0.0
ANALYSIS_PARTIAL_AUTH_NOT_OBSERVED_0063,partial_auth_not_observed_0063,ANALYSIS_PARTIAL_AUTH_NOT_OBSERVED_0063_partial_auth_not_observed_0063,PARTIAL_CAPTURE_AUTH_NOT_OBSERVED,PARTIAL_CAPTURE_CHALLENGE,AUTH_NOT_OBSERVED,CRITICAL,1.0,0.0,0.0,,,,,,,0.0,,,1.0,0.0,0.0,0.0,0.0,0.0,0.0,0.0,0.0,0.0,0.0,0.0,0.0
ANALYSIS_PARTIAL_AUTH_NOT_OBSERVED_0064,partial_auth_not_observed_0064,ANALYSIS_PARTIAL_AUTH_NOT_OBSERVED_0064_partial_auth_not_observed_0064,PARTIAL_CAPTURE_AUTH_NOT_OBSERVED,PARTIAL_CAPTURE_CHALLENGE,AUTH_NOT_OBSERVED,CRITICAL,1.0,0.0,0.0,,,,,,,0.0,,,0.0,1.0,0.0,0.0,0.0,0.0,0.0,0.0,0.0,0.0,0.0,0.0,0.0
ANALYSIS_PARTIAL_AUTH_NOT_OBSERVED_0065,partial_auth_not_observed_0065,ANALYSIS_PARTIAL_AUTH_NOT_OBSERVED_0065_partial_auth_not_observed_0065,PARTIAL_CAPTURE_AUTH_NOT_OBSERVED,PARTIAL_CAPTURE_CHALLENGE,AUTH_NOT_OBSERVED,MEDIUM,0.0,1.0,0.0,0.0,0.0,0.0,0.0,0.0,,0.0,0.0,1.0,0.0,0.0,1.0,0.0,0.0,1.0,0.0,1.0,1.0,1.0,0.0,0.0,0.0
ANALYSIS_PARTIAL_AUTH_NOT_OBSERVED_0066,partial_auth_not_observed_0066,ANALYSIS_PARTIAL_AUTH_NOT_OBSERVED_0066_partial_auth_not_observed_0066,PARTIAL_CAPTURE_AUTH_NOT_OBSERVED,PARTIAL_CAPTURE_CHALLENGE,AUTH_NOT_OBSERVED,CRITICAL,0.0,0.0,1.0,1.0,1.0,1.0,0.0,0.0,,0.0,0.0,0.0,1.0,0.0,0.0,0.0,2.0,0.0,0.0,1.0,1.0,0.0,0.0,0.0,0.0
ANALYSIS_PARTIAL_AUTH_NOT_OBSERVED_0067,partial_auth_not_observed_0067,ANALYSIS_PARTIAL_AUTH_NOT_OBSERVED_0067_partial_auth_not_observed_0067,PARTIAL_CAPTURE_AUTH_NOT_OBSERVED,PARTIAL_CAPTURE_CHALLENGE,AUTH_NOT_OBSERVED,CRITICAL,0.0,0.0,1.0,1.0,1.0,1.0,0.0,0.0,,0.0,0.0,0.0,0.0,1.0,0.0,0.0,2.0,0.0,0.0,1.0,1.0,0.0,0.0,0.0,0.0
ANALYSIS_PARTIAL_AUTH_NOT_OBSERVED_0068,partial_auth_not_observed_0068,ANALYSIS_PARTIAL_AUTH_NOT_OBSERVED_0068_partial_auth_not_observed_0068,PARTIAL_CAPTURE_AUTH_NOT_OBSERVED,PARTIAL_CAPTURE_CHALLENGE,AUTH_NOT_OBSERVED,CRITICAL,0.0,1.0,0.0,0.0,0.0,0.0,0.0,0.0,,0.0,0.0,0.0,0.0,0.0,1.0,1.0,0.0,0.0,0.0,1.0,1.0,1.0,0.0,0.0,0.0
ANALYSIS_PARTIAL_AUTH_NOT_OBSERVED_0069,partial_auth_not_observed_0069,ANALYSIS_PARTIAL_AUTH_NOT_OBSERVED_0069_partial_auth_not_observed_0069,PARTIAL_CAPTURE_AUTH_NOT_OBSERVED,PARTIAL_CAPTURE_CHALLENGE,AUTH_NOT_OBSERVED,LOW,0.0,1.0,0.0,0.0,0.0,0.0,0.0,0.0,,0.0,0.0,0.0,1.0,0.0,0.0,0.0,0.0,0.0,0.0,1.0,1.0,1.0,0.0,0.0,0.0
ANALYSIS_PARTIAL_AUTH_NOT_OBSERVED_0070,partial_auth_not_observed_0070,ANALYSIS_PARTIAL_AUTH_NOT_OBSERVED_0070_partial_auth_not_observed_0070,PARTIAL_CAPTURE_AUTH_NOT_OBSERVED,PARTIAL_CAPTURE_CHALLENGE,AUTH_NOT_OBSERVED,MEDIUM,0.0,1.0,0.0,0.0,0.0,0.0,0.0,0.0,,0.0,0.0,1.0,0.0,1.0,0.0,0.0,0.0,1.0,0.0,1.0,1.0,1.0,0.0,0.0,0.0
ANALYSIS_PARTIAL_AUTH_NOT_OBSERVED_0071,partial_auth_not_observed_0071,ANALYSIS_PARTIAL_AUTH_NOT_OBSERVED_0071_partial_auth_not_observed_0071,PARTIAL_CAPTURE_AUTH_NOT_OBSERVED,PARTIAL_CAPTURE_CHALLENGE,AUTH_NOT_OBSERVED,LOW,0.0,0.0,1.0,0.0,0.0,0.0,0.0,0.0,,0.0,0.0,0.0,0.0,0.0,1.0,0.0,0.0,0.0,0.0,1.0,1.0,0.0,0.0,0.0,0.0
ANALYSIS_PARTIAL_AUTH_NOT_OBSERVED_0072,partial_auth_not_observed_0072,ANALYSIS_PARTIAL_AUTH_NOT_OBSERVED_0072_partial_auth_not_observed_0072,PARTIAL_CAPTURE_AUTH_NOT_OBSERVED,PARTIAL_CAPTURE_CHALLENGE,AUTH_NOT_OBSERVED,LOW,0.0,1.0,0.0,0.0,0.0,0.0,0.0,0.0,,0.0,0.0,0.0,1.0,0.0,0.0,0.0,0.0,0.0,1.0,1.0,1.0,1.0,0.0,0.0,0.0
ANALYSIS_PARTIAL_AUTH_NOT_OBSERVED_0073,partial_auth_not_observed_0073,ANALYSIS_PARTIAL_AUTH_NOT_OBSERVED_0073_partial_auth_not_observed_0073,PARTIAL_CAPTURE_AUTH_NOT_OBSERVED,PARTIAL_CAPTURE_CHALLENGE,AUTH_NOT_OBSERVED,CRITICAL,0.0,0.0,1.0,1.0,1.0,1.0,0.0,0.0,,0.0,0.0,0.0,0.0,1.0,0.0,0.0,2.0,0.0,0.0,1.0,1.0,0.0,0.0,0.0,0.0
ANALYSIS_PARTIAL_AUTH_NOT_OBSERVED_0074,partial_auth_not_observed_0074,ANALYSIS_PARTIAL_AUTH_NOT_OBSERVED_0074_partial_auth_not_observed_0074,PARTIAL_CAPTURE_AUTH_NOT_OBSERVED,PARTIAL_CAPTURE_CHALLENGE,AUTH_NOT_OBSERVED,HIGH,0.0,0.0,1.0,0.0,0.0,1.0,0.0,0.0,,0.0,0.0,0.0,0.0,0.0,1.0,0.0,1.0,0.0,0.0,1.0,1.0,0.0,0.0,0.0,0.0
ANALYSIS_PARTIAL_AUTH_NOT_OBSERVED_0075,partial_auth_not_observed_0075,ANALYSIS_PARTIAL_AUTH_NOT_OBSERVED_0075_partial_auth_not_observed_0075,PARTIAL_CAPTURE_AUTH_NOT_OBSERVED,PARTIAL_CAPTURE_CHALLENGE,AUTH_NOT_OBSERVED,MEDIUM,0.0,1.0,0.0,0.0,0.0,0.0,0.0,0.0,,0.0,0.0,1.0,1.0,0.0,0.0,0.0,0.0,1.0,0.0,1.0,1.0,1.0,0.0,0.0,0.0
ANALYSIS_PARTIAL_AUTH_NOT_OBSERVED_0076,partial_auth_not_observed_0076,ANALYSIS_PARTIAL_AUTH_NOT_OBSERVED_0076_partial_auth_not_observed_0076,PARTIAL_CAPTURE_AUTH_NOT_OBSERVED,PARTIAL_CAPTURE_CHALLENGE,AUTH_NOT_OBSERVED,LOW,0.0,1.0,0.0,0.0,0.0,0.0,0.0,0.0,,0.0,0.0,0.0,0.0,1.0,0.0,0.0,0.0,0.0,0.0,1.0,1.0,1.0,0.0,0.0,0.0
ANALYSIS_PARTIAL_AUTH_NOT_OBSERVED_0077,partial_auth_not_observed_0077,ANALYSIS_PARTIAL_AUTH_NOT_OBSERVED_0077_partial_auth_not_observed_0077,PARTIAL_CAPTURE_AUTH_NOT_OBSERVED,PARTIAL_CAPTURE_CHALLENGE,AUTH_NOT_OBSERVED,HIGH,0.0,1.0,0.0,0.0,0.0,0.0,0.0,1.0,,0.0,0.0,0.0,0.0,0.0,1.0,0.0,1.0,0.0,0.0,1.0,1.0,1.0,0.0,0.0,0.0
ANALYSIS_PARTIAL_AUTH_NOT_OBSERVED_0078,partial_auth_not_observed_0078,ANALYSIS_PARTIAL_AUTH_NOT_OBSERVED_0078_partial_auth_not_observed_0078,PARTIAL_CAPTURE_AUTH_NOT_OBSERVED,PARTIAL_CAPTURE_CHALLENGE,AUTH_NOT_OBSERVED,HIGH,0.0,1.0,0.0,0.0,0.0,0.0,0.0,1.0,,0.0,0.0,0.0,1.0,0.0,0.0,0.0,1.0,0.0,0.0,1.0,1.0,1.0,0.0,0.0,0.0
ANALYSIS_PARTIAL_AUTH_NOT_OBSERVED_0079,partial_auth_not_observed_0079,ANALYSIS_PARTIAL_AUTH_NOT_OBSERVED_0079_partial_auth_not_observed_0079,PARTIAL_CAPTURE_AUTH_NOT_OBSERVED,PARTIAL_CAPTURE_CHALLENGE,AUTH_NOT_OBSERVED,LOW,0.0,1.0,0.0,0.0,0.0,0.0,0.0,0.0,,0.0,0.0,0.0,0.0,1.0,0.0,0.0,0.0,0.0,0.0,1.0,1.0,1.0,0.0,0.0,0.0
ANALYSIS_PARTIAL_AUTH_NOT_OBSERVED_0080,partial_auth_not_observed_0080,ANALYSIS_PARTIAL_AUTH_NOT_OBSERVED_0080_partial_auth_not_observed_0080,PARTIAL_CAPTURE_AUTH_NOT_OBSERVED,PARTIAL_CAPTURE_CHALLENGE,AUTH_NOT_OBSERVED,MEDIUM,0.0,0.0,1.0,0.0,0.0,0.0,0.0,0.0,,0.0,1.0,0.0,0.0,0.0,1.0,0.0,0.0,1.0,0.0,1.0,1.0,0.0,0.0,0.0,0.0
ANALYSIS_PARTIAL_AUTH_NOT_OBSERVED_0081,partial_auth_not_observed_0081,ANALYSIS_PARTIAL_AUTH_NOT_OBSERVED_0081_partial_auth_not_observed_0081,PARTIAL_CAPTURE_AUTH_NOT_OBSERVED,PARTIAL_CAPTURE_CHALLENGE,AUTH_NOT_OBSERVED,LOW,0.0,1.0,0.0,0.0,0.0,0.0,0.0,0.0,,0.0,0.0,0.0,1.0,0.0,0.0,0.0,0.0,0.0,1.0,1.0,1.0,1.0,0.0,0.0,0.0
ANALYSIS_PARTIAL_AUTH_NOT_OBSERVED_0082,partial_auth_not_observed_0082,ANALYSIS_PARTIAL_AUTH_NOT_OBSERVED_0082_partial_auth_not_observed_0082,PARTIAL_CAPTURE_AUTH_NOT_OBSERVED,PARTIAL_CAPTURE_CHALLENGE,AUTH_NOT_OBSERVED,HIGH,0.0,1.0,0.0,0.0,0.0,1.0,0.0,0.0,,0.0,0.0,0.0,0.0,1.0,0.0,0.0,1.0,0.0,0.0,1.0,1.0,1.0,0.0,0.0,0.0
ANALYSIS_PARTIAL_AUTH_NOT_OBSERVED_0083,partial_auth_not_observed_0083,ANALYSIS_PARTIAL_AUTH_NOT_OBSERVED_0083_partial_auth_not_observed_0083,PARTIAL_CAPTURE_AUTH_NOT_OBSERVED,PARTIAL_CAPTURE_CHALLENGE,AUTH_NOT_OBSERVED,LOW,0.0,0.0,1.0,0.0,0.0,0.0,0.0,0.0,,0.0,0.0,0.0,0.0,0.0,1.0,0.0,0.0,0.0,0.0,1.0,1.0,0.0,0.0,0.0,0.0
ANALYSIS_PARTIAL_AUTH_NOT_OBSERVED_0084,partial_auth_not_observed_0084,ANALYSIS_PARTIAL_AUTH_NOT_OBSERVED_0084_partial_auth_not_observed_0084,PARTIAL_CAPTURE_AUTH_NOT_OBSERVED,PARTIAL_CAPTURE_CHALLENGE,AUTH_NOT_OBSERVED,LOW,0.0,0.0,1.0,0.0,0.0,0.0,0.0,0.0,,0.0,0.0,0.0,1.0,0.0,0.0,0.0,0.0,0.0,0.0,1.0,1.0,0.0,0.0,0.0,0.0
ANALYSIS_PARTIAL_AUTH_NOT_OBSERVED_0085,partial_auth_not_observed_0085,ANALYSIS_PARTIAL_AUTH_NOT_OBSERVED_0085_partial_auth_not_observed_0085,PARTIAL_CAPTURE_AUTH_NOT_OBSERVED,PARTIAL_CAPTURE_CHALLENGE,AUTH_NOT_OBSERVED,MEDIUM,0.0,0.0,1.0,0.0,0.0,0.0,0.0,0.0,,0.0,1.0,0.0,0.0,1.0,0.0,0.0,0.0,0.0,1.0,1.0,1.0,0.0,0.0,0.0,0.0
ANALYSIS_PARTIAL_AUTH_NOT_OBSERVED_0086,partial_auth_not_observed_0086,ANALYSIS_PARTIAL_AUTH_NOT_OBSERVED_0086_partial_auth_not_observed_0086,PARTIAL_CAPTURE_AUTH_NOT_OBSERVED,PARTIAL_CAPTURE_CHALLENGE,AUTH_NOT_OBSERVED,HIGH,0.0,0.0,1.0,0.0,0.0,1.0,0.0,0.0,,0.0,0.0,0.0,0.0,0.0,1.0,0.0,1.0,0.0,0.0,1.0,1.0,0.0,0.0,0.0,0.0
ANALYSIS_PARTIAL_AUTH_NOT_OBSERVED_0087,partial_auth_not_observed_0087,ANALYSIS_PARTIAL_AUTH_NOT_OBSERVED_0087_partial_auth_not_observed_0087,PARTIAL_CAPTURE_AUTH_NOT_OBSERVED,PARTIAL_CAPTURE_CHALLENGE,AUTH_NOT_OBSERVED,CRITICAL,1.0,0.0,0.0,,,,,,,0.0,,,1.0,0.0,0.0,0.0,0.0,0.0,0.0,0.0,0.0,0.0,0.0,0.0,0.0
ANALYSIS_PARTIAL_AUTH_NOT_OBSERVED_0088,partial_auth_not_observed_0088,ANALYSIS_PARTIAL_AUTH_NOT_OBSERVED_0088_partial_auth_not_observed_0088,PARTIAL_CAPTURE_AUTH_NOT_OBSERVED,PARTIAL_CAPTURE_CHALLENGE,AUTH_NOT_OBSERVED,LOW,0.0,0.0,1.0,0.0,0.0,0.0,0.0,0.0,,0.0,0.0,0.0,0.0,1.0,0.0,0.0,0.0,0.0,0.0,1.0,1.0,0.0,0.0,0.0,0.0
ANALYSIS_PARTIAL_AUTH_NOT_OBSERVED_0089,partial_auth_not_observed_0089,ANALYSIS_PARTIAL_AUTH_NOT_OBSERVED_0089_partial_auth_not_observed_0089,PARTIAL_CAPTURE_AUTH_NOT_OBSERVED,PARTIAL_CAPTURE_CHALLENGE,AUTH_NOT_OBSERVED,LOW,0.0,1.0,0.0,0.0,0.0,0.0,0.0,0.0,,0.0,0.0,0.0,0.0,0.0,1.0,0.0,0.0,0.0,0.0,1.0,1.0,1.0,0.0,0.0,0.0
ANALYSIS_PARTIAL_AUTH_NOT_OBSERVED_0090,partial_auth_not_observed_0090,ANALYSIS_PARTIAL_AUTH_NOT_OBSERVED_0090_partial_auth_not_observed_0090,PARTIAL_CAPTURE_AUTH_NOT_OBSERVED,PARTIAL_CAPTURE_CHALLENGE,AUTH_NOT_OBSERVED,CRITICAL,0.0,1.0,0.0,1.0,1.0,1.0,0.0,0.0,,0.0,0.0,0.0,1.0,0.0,0.0,0.0,2.0,0.0,0.0,1.0,1.0,1.0,0.0,0.0,0.0
ANALYSIS_PARTIAL_AUTH_NOT_OBSERVED_0091,partial_auth_not_observed_0091,ANALYSIS_PARTIAL_AUTH_NOT_OBSERVED_0091_partial_auth_not_observed_0091,PARTIAL_CAPTURE_AUTH_NOT_OBSERVED,PARTIAL_CAPTURE_CHALLENGE,AUTH_NOT_OBSERVED,MEDIUM,0.0,1.0,0.0,0.0,0.0,0.0,0.0,0.0,,0.0,1.0,0.0,0.0,1.0,0.0,0.0,0.0,1.0,0.0,1.0,1.0,1.0,0.0,0.0,0.0
ANALYSIS_PARTIAL_AUTH_NOT_OBSERVED_0092,partial_auth_not_observed_0092,ANALYSIS_PARTIAL_AUTH_NOT_OBSERVED_0092_partial_auth_not_observed_0092,PARTIAL_CAPTURE_AUTH_NOT_OBSERVED,PARTIAL_CAPTURE_CHALLENGE,AUTH_NOT_OBSERVED,MEDIUM,0.0,1.0,0.0,0.0,0.0,0.0,0.0,0.0,,0.0,0.0,1.0,0.0,0.0,1.0,0.0,0.0,1.0,0.0,1.0,1.0,1.0,0.0,0.0,0.0
ANALYSIS_PARTIAL_AUTH_NOT_OBSERVED_0093,partial_auth_not_observed_0093,ANALYSIS_PARTIAL_AUTH_NOT_OBSERVED_0093_partial_auth_not_observed_0093,PARTIAL_CAPTURE_AUTH_NOT_OBSERVED,PARTIAL_CAPTURE_CHALLENGE,AUTH_NOT_OBSERVED,LOW,0.0,1.0,0.0,0.0,0.0,0.0,0.0,0.0,,0.0,0.0,0.0,1.0,0.0,0.0,0.0,0.0,0.0,0.0,1.0,1.0,1.0,0.0,0.0,0.0
ANALYSIS_PARTIAL_AUTH_NOT_OBSERVED_0094,partial_auth_not_observed_0094,ANALYSIS_PARTIAL_AUTH_NOT_OBSERVED_0094_partial_auth_not_observed_0094,PARTIAL_CAPTURE_AUTH_NOT_OBSERVED,PARTIAL_CAPTURE_CHALLENGE,AUTH_NOT_OBSERVED,HIGH,0.0,0.0,1.0,0.0,0.0,1.0,0.0,0.0,,0.0,0.0,0.0,0.0,1.0,0.0,0.0,1.0,0.0,0.0,1.0,1.0,0.0,0.0,0.0,0.0
ANALYSIS_PARTIAL_AUTH_NOT_OBSERVED_0095,partial_auth_not_observed_0095,ANALYSIS_PARTIAL_AUTH_NOT_OBSERVED_0095_partial_auth_not_observed_0095,PARTIAL_CAPTURE_AUTH_NOT_OBSERVED,PARTIAL_CAPTURE_CHALLENGE,AUTH_NOT_OBSERVED,CRITICAL,1.0,0.0,0.0,,,,,,,0.0,,,0.0,0.0,1.0,0.0,0.0,0.0,0.0,0.0,0.0,0.0,0.0,0.0,0.0
ANALYSIS_PARTIAL_AUTH_NOT_OBSERVED_0096,partial_auth_not_observed_0096,ANALYSIS_PARTIAL_AUTH_NOT_OBSERVED_0096_partial_auth_not_observed_0096,PARTIAL_CAPTURE_AUTH_NOT_OBSERVED,PARTIAL_CAPTURE_CHALLENGE,AUTH_NOT_OBSERVED,LOW,0.0,0.0,1.0,0.0,0.0,0.0,0.0,0.0,,0.0,0.0,0.0,1.0,0.0,0.0,0.0,0.0,0.0,0.0,1.0,1.0,0.0,0.0,0.0,0.0
ANALYSIS_PARTIAL_AUTH_NOT_OBSERVED_0097,partial_auth_not_observed_0097,ANALYSIS_PARTIAL_AUTH_NOT_OBSERVED_0097_partial_auth_not_observed_0097,PARTIAL_CAPTURE_AUTH_NOT_OBSERVED,PARTIAL_CAPTURE_CHALLENGE,AUTH_NOT_OBSERVED,MEDIUM,0.0,0.0,1.0,0.0,0.0,0.0,0.0,0.0,,0.0,1.0,0.0,0.0,1.0,0.0,0.0,0.0,1.0,0.0,1.0,1.0,0.0,0.0,0.0,0.0
ANALYSIS_PARTIAL_AUTH_NOT_OBSERVED_0098,partial_auth_not_observed_0098,ANALYSIS_PARTIAL_AUTH_NOT_OBSERVED_0098_partial_auth_not_observed_0098,PARTIAL_CAPTURE_AUTH_NOT_OBSERVED,PARTIAL_CAPTURE_CHALLENGE,AUTH_NOT_OBSERVED,LOW,0.0,0.0,1.0,0.0,0.0,0.0,0.0,0.0,,0.0,0.0,0.0,0.0,0.0,1.0,0.0,0.0,0.0,0.0,1.0,1.0,0.0,0.0,0.0,0.0
ANALYSIS_PARTIAL_AUTH_NOT_OBSERVED_0099,partial_auth_not_observed_0099,ANALYSIS_PARTIAL_AUTH_NOT_OBSERVED_0099_partial_auth_not_observed_0099,PARTIAL_CAPTURE_AUTH_NOT_OBSERVED,PARTIAL_CAPTURE_CHALLENGE,AUTH_NOT_OBSERVED,MEDIUM,0.0,0.0,1.0,0.0,0.0,0.0,0.0,0.0,,0.0,1.0,0.0,1.0,0.0,0.0,0.0,0.0,1.0,0.0,1.0,1.0,0.0,0.0,0.0,0.0
ANALYSIS_PARTIAL_STARTTLS_NOT_OBSERVED_0000,partial_starttls_not_observed_0000,ANALYSIS_PARTIAL_STARTTLS_NOT_OBSERVED_0000_partial_starttls_not_observed_0000,PARTIAL_CAPTURE_STARTTLS_NOT_OBSERVED,PARTIAL_CAPTURE_CHALLENGE,STARTTLS_NOT_OBSERVED,LOW,0.0,0.0,1.0,0.0,0.0,0.0,0.0,0.0,0.0,0.0,0.0,0.0,1.0,0.0,0.0,0.0,0.0,0.0,0.0,1.0,1.0,0.0,1.0,0.0,0.0
ANALYSIS_PARTIAL_STARTTLS_NOT_OBSERVED_0001,partial_starttls_not_observed_0001,ANALYSIS_PARTIAL_STARTTLS_NOT_OBSERVED_0001_partial_starttls_not_observed_0001,PARTIAL_CAPTURE_STARTTLS_NOT_OBSERVED,PARTIAL_CAPTURE_CHALLENGE,STARTTLS_NOT_OBSERVED,MEDIUM,0.0,0.0,1.0,0.0,0.0,0.0,0.0,0.0,0.0,0.0,1.0,0.0,0.0,1.0,0.0,0.0,0.0,0.0,1.0,1.0,1.0,0.0,1.0,0.0,0.0
ANALYSIS_PARTIAL_STARTTLS_NOT_OBSERVED_0002,partial_starttls_not_observed_0002,ANALYSIS_PARTIAL_STARTTLS_NOT_OBSERVED_0002_partial_starttls_not_observed_0002,PARTIAL_CAPTURE_STARTTLS_NOT_OBSERVED,PARTIAL_CAPTURE_CHALLENGE,STARTTLS_NOT_OBSERVED,MEDIUM,0.0,1.0,0.0,0.0,0.0,0.0,0.0,0.0,,0.0,1.0,0.0,0.0,0.0,1.0,0.0,0.0,1.0,0.0,1.0,1.0,0.0,1.0,0.0,0.0
ANALYSIS_PARTIAL_STARTTLS_NOT_OBSERVED_0003,partial_starttls_not_observed_0003,ANALYSIS_PARTIAL_STARTTLS_NOT_OBSERVED_0003_partial_starttls_not_observed_0003,PARTIAL_CAPTURE_STARTTLS_NOT_OBSERVED,PARTIAL_CAPTURE_CHALLENGE,STARTTLS_NOT_OBSERVED,MEDIUM,0.0,1.0,0.0,0.0,0.0,0.0,0.0,0.0,,0.0,1.0,0.0,1.0,0.0,0.0,0.0,0.0,0.0,0.0,1.0,1.0,0.0,1.0,0.0,0.0
ANALYSIS_PARTIAL_STARTTLS_NOT_OBSERVED_0004,partial_starttls_not_observed_0004,ANALYSIS_PARTIAL_STARTTLS_NOT_OBSERVED_0004_partial_starttls_not_observed_0004,PARTIAL_CAPTURE_STARTTLS_NOT_OBSERVED,PARTIAL_CAPTURE_CHALLENGE,STARTTLS_NOT_OBSERVED,HIGH,0.0,1.0,0.0,0.0,0.0,1.0,0.0,0.0,,0.0,0.0,0.0,0.0,1.0,0.0,0.0,1.0,0.0,0.0,1.0,1.0,0.0,1.0,0.0,0.0
ANALYSIS_PARTIAL_STARTTLS_NOT_OBSERVED_0005,partial_starttls_not_observed_0005,ANALYSIS_PARTIAL_STARTTLS_NOT_OBSERVED_0005_partial_starttls_not_observed_0005,PARTIAL_CAPTURE_STARTTLS_NOT_OBSERVED,PARTIAL_CAPTURE_CHALLENGE,STARTTLS_NOT_OBSERVED,LOW,0.0,1.0,0.0,0.0,0.0,0.0,0.0,0.0,,0.0,0.0,0.0,0.0,0.0,1.0,0.0,0.0,0.0,0.0,1.0,1.0,0.0,1.0,0.0,0.0
ANALYSIS_PARTIAL_STARTTLS_NOT_OBSERVED_0006,partial_starttls_not_observed_0006,ANALYSIS_PARTIAL_STARTTLS_NOT_OBSERVED_0006_partial_starttls_not_observed_0006,PARTIAL_CAPTURE_STARTTLS_NOT_OBSERVED,PARTIAL_CAPTURE_CHALLENGE,STARTTLS_NOT_OBSERVED,HIGH,0.0,1.0,0.0,0.0,1.0,0.0,0.0,0.0,,0.0,0.0,0.0,1.0,0.0,0.0,0.0,1.0,0.0,0.0,1.0,1.0,0.0,1.0,0.0,0.0
ANALYSIS_PARTIAL_STARTTLS_NOT_OBSERVED_0007,partial_starttls_not_observed_0007,ANALYSIS_PARTIAL_STARTTLS_NOT_OBSERVED_0007_partial_starttls_not_observed_0007,PARTIAL_CAPTURE_STARTTLS_NOT_OBSERVED,PARTIAL_CAPTURE_CHALLENGE,STARTTLS_NOT_OBSERVED,MEDIUM,0.0,0.0,1.0,0.0,0.0,0.0,0.0,0.0,0.0,0.0,1.0,0.0,0.0,1.0,0.0,0.0,0.0,1.0,0.0,1.0,1.0,0.0,1.0,0.0,0.0
ANALYSIS_PARTIAL_STARTTLS_NOT_OBSERVED_0008,partial_starttls_not_observed_0008,ANALYSIS_PARTIAL_STARTTLS_NOT_OBSERVED_0008_partial_starttls_not_observed_0008,PARTIAL_CAPTURE_STARTTLS_NOT_OBSERVED,PARTIAL_CAPTURE_CHALLENGE,STARTTLS_NOT_OBSERVED,HIGH,0.0,1.0,0.0,0.0,0.0,0.0,0.0,1.0,,0.0,0.0,0.0,0.0,0.0,1.0,0.0,1.0,0.0,0.0,1.0,1.0,0.0,1.0,0.0,0.0
ANALYSIS_PARTIAL_STARTTLS_NOT_OBSERVED_0009,partial_starttls_not_observed_0009,ANALYSIS_PARTIAL_STARTTLS_NOT_OBSERVED_0009_partial_starttls_not_observed_0009,PARTIAL_CAPTURE_STARTTLS_NOT_OBSERVED,PARTIAL_CAPTURE_CHALLENGE,STARTTLS_NOT_OBSERVED,LOW,0.0,1.0,0.0,0.0,0.0,0.0,0.0,0.0,,0.0,0.0,0.0,1.0,0.0,0.0,0.0,0.0,0.0,0.0,1.0,1.0,0.0,1.0,0.0,0.0
ANALYSIS_PARTIAL_STARTTLS_NOT_OBSERVED_0010,partial_starttls_not_observed_0010,ANALYSIS_PARTIAL_STARTTLS_NOT_OBSERVED_0010_partial_starttls_not_observed_0010,PARTIAL_CAPTURE_STARTTLS_NOT_OBSERVED,PARTIAL_CAPTURE_CHALLENGE,STARTTLS_NOT_OBSERVED,HIGH,0.0,1.0,0.0,0.0,1.0,0.0,0.0,0.0,,0.0,0.0,0.0,0.0,1.0,0.0,0.0,1.0,0.0,0.0,1.0,1.0,0.0,1.0,0.0,0.0
ANALYSIS_PARTIAL_STARTTLS_NOT_OBSERVED_0011,partial_starttls_not_observed_0011,ANALYSIS_PARTIAL_STARTTLS_NOT_OBSERVED_0011_partial_starttls_not_observed_0011,PARTIAL_CAPTURE_STARTTLS_NOT_OBSERVED,PARTIAL_CAPTURE_CHALLENGE,STARTTLS_NOT_OBSERVED,HIGH,0.0,0.0,1.0,0.0,1.0,0.0,0.0,0.0,0.0,0.0,0.0,0.0,0.0,0.0,1.0,0.0,1.0,0.0,0.0,1.0,1.0,0.0,1.0,0.0,0.0
ANALYSIS_PARTIAL_STARTTLS_NOT_OBSERVED_0012,partial_starttls_not_observed_0012,ANALYSIS_PARTIAL_STARTTLS_NOT_OBSERVED_0012_partial_starttls_not_observed_0012,PARTIAL_CAPTURE_STARTTLS_NOT_OBSERVED,PARTIAL_CAPTURE_CHALLENGE,STARTTLS_NOT_OBSERVED,HIGH,0.0,0.0,1.0,1.0,0.0,0.0,0.0,0.0,0.0,0.0,1.0,0.0,1.0,0.0,0.0,0.0,1.0,0.0,0.0,1.0,1.0,0.0,1.0,0.0,0.0
ANALYSIS_PARTIAL_STARTTLS_NOT_OBSERVED_0013,partial_starttls_not_observed_0013,ANALYSIS_PARTIAL_STARTTLS_NOT_OBSERVED_0013_partial_starttls_not_observed_0013,PARTIAL_CAPTURE_STARTTLS_NOT_OBSERVED,PARTIAL_CAPTURE_CHALLENGE,STARTTLS_NOT_OBSERVED,LOW,0.0,1.0,0.0,0.0,0.0,0.0,0.0,0.0,0.0,0.0,0.0,0.0,0.0,1.0,0.0,0.0,0.0,0.0,0.0,1.0,1.0,0.0,1.0,0.0,0.0
ANALYSIS_PARTIAL_STARTTLS_NOT_OBSERVED_0014,partial_starttls_not_observed_0014,ANALYSIS_PARTIAL_STARTTLS_NOT_OBSERVED_0014_partial_starttls_not_observed_0014,PARTIAL_CAPTURE_STARTTLS_NOT_OBSERVED,PARTIAL_CAPTURE_CHALLENGE,STARTTLS_NOT_OBSERVED,CRITICAL,1.0,0.0,0.0,,,,,,1.0,0.0,,,0.0,0.0,1.0,0.0,0.0,0.0,0.0,0.0,0.0,0.0,1.0,0.0,0.0
ANALYSIS_PARTIAL_STARTTLS_NOT_OBSERVED_0015,partial_starttls_not_observed_0015,ANALYSIS_PARTIAL_STARTTLS_NOT_OBSERVED_0015_partial_starttls_not_observed_0015,PARTIAL_CAPTURE_STARTTLS_NOT_OBSERVED,PARTIAL_CAPTURE_CHALLENGE,STARTTLS_NOT_OBSERVED,HIGH,0.0,1.0,0.0,0.0,1.0,0.0,0.0,0.0,,0.0,0.0,0.0,1.0,0.0,0.0,0.0,1.0,0.0,0.0,1.0,1.0,0.0,1.0,0.0,0.0
ANALYSIS_PARTIAL_STARTTLS_NOT_OBSERVED_0016,partial_starttls_not_observed_0016,ANALYSIS_PARTIAL_STARTTLS_NOT_OBSERVED_0016_partial_starttls_not_observed_0016,PARTIAL_CAPTURE_STARTTLS_NOT_OBSERVED,PARTIAL_CAPTURE_CHALLENGE,STARTTLS_NOT_OBSERVED,LOW,0.0,1.0,0.0,0.0,0.0,0.0,0.0,0.0,0.0,0.0,0.0,0.0,0.0,1.0,0.0,0.0,0.0,0.0,0.0,1.0,1.0,0.0,1.0,0.0,0.0
ANALYSIS_PARTIAL_STARTTLS_NOT_OBSERVED_0017,partial_starttls_not_observed_0017,ANALYSIS_PARTIAL_STARTTLS_NOT_OBSERVED_0017_partial_starttls_not_observed_0017,PARTIAL_CAPTURE_STARTTLS_NOT_OBSERVED,PARTIAL_CAPTURE_CHALLENGE,STARTTLS_NOT_OBSERVED,CRITICAL,0.0,0.0,1.0,1.0,1.0,1.0,0.0,0.0,0.0,0.0,0.0,0.0,0.0,0.0,1.0,0.0,2.0,0.0,0.0,1.0,1.0,0.0,1.0,0.0,0.0
ANALYSIS_PARTIAL_STARTTLS_NOT_OBSERVED_0018,partial_starttls_not_observed_0018,ANALYSIS_PARTIAL_STARTTLS_NOT_OBSERVED_0018_partial_starttls_not_observed_0018,PARTIAL_CAPTURE_STARTTLS_NOT_OBSERVED,PARTIAL_CAPTURE_CHALLENGE,STARTTLS_NOT_OBSERVED,LOW,0.0,1.0,0.0,0.0,0.0,0.0,0.0,0.0,,0.0,0.0,0.0,1.0,0.0,0.0,0.0,0.0,0.0,0.0,1.0,1.0,0.0,1.0,0.0,0.0
ANALYSIS_PARTIAL_STARTTLS_NOT_OBSERVED_0019,partial_starttls_not_observed_0019,ANALYSIS_PARTIAL_STARTTLS_NOT_OBSERVED_0019_partial_starttls_not_observed_0019,PARTIAL_CAPTURE_STARTTLS_NOT_OBSERVED,PARTIAL_CAPTURE_CHALLENGE,STARTTLS_NOT_OBSERVED,CRITICAL,0.0,0.0,1.0,1.0,1.0,1.0,0.0,0.0,0.0,0.0,0.0,0.0,0.0,1.0,0.0,0.0,2.0,0.0,0.0,1.0,1.0,0.0,1.0,0.0,0.0
ANALYSIS_PARTIAL_STARTTLS_NOT_OBSERVED_0020,partial_starttls_not_observed_0020,ANALYSIS_PARTIAL_STARTTLS_NOT_OBSERVED_0020_partial_starttls_not_observed_0020,PARTIAL_CAPTURE_STARTTLS_NOT_OBSERVED,PARTIAL_CAPTURE_CHALLENGE,STARTTLS_NOT_OBSERVED,MEDIUM,0.0,0.0,1.0,0.0,0.0,0.0,0.0,0.0,0.0,0.0,1.0,0.0,0.0,0.0,1.0,0.0,0.0,0.0,0.0,1.0,1.0,0.0,1.0,0.0,0.0
ANALYSIS_PARTIAL_STARTTLS_NOT_OBSERVED_0021,partial_starttls_not_observed_0021,ANALYSIS_PARTIAL_STARTTLS_NOT_OBSERVED_0021_partial_starttls_not_observed_0021,PARTIAL_CAPTURE_STARTTLS_NOT_OBSERVED,PARTIAL_CAPTURE_CHALLENGE,STARTTLS_NOT_OBSERVED,LOW,0.0,1.0,0.0,0.0,0.0,0.0,0.0,0.0,,0.0,0.0,0.0,1.0,0.0,0.0,0.0,0.0,0.0,1.0,1.0,1.0,0.0,1.0,0.0,0.0
ANALYSIS_PARTIAL_STARTTLS_NOT_OBSERVED_0022,partial_starttls_not_observed_0022,ANALYSIS_PARTIAL_STARTTLS_NOT_OBSERVED_0022_partial_starttls_not_observed_0022,PARTIAL_CAPTURE_STARTTLS_NOT_OBSERVED,PARTIAL_CAPTURE_CHALLENGE,STARTTLS_NOT_OBSERVED,MEDIUM,0.0,0.0,1.0,0.0,0.0,0.0,0.0,0.0,0.0,0.0,0.0,1.0,0.0,1.0,0.0,0.0,0.0,1.0,0.0,1.0,1.0,0.0,1.0,0.0,0.0
ANALYSIS_PARTIAL_STARTTLS_NOT_OBSERVED_0023,partial_starttls_not_observed_0023,ANALYSIS_PARTIAL_STARTTLS_NOT_OBSERVED_0023_partial_starttls_not_observed_0023,PARTIAL_CAPTURE_STARTTLS_NOT_OBSERVED,PARTIAL_CAPTURE_CHALLENGE,STARTTLS_NOT_OBSERVED,HIGH,0.0,1.0,0.0,0.0,1.0,0.0,0.0,0.0,,0.0,0.0,0.0,0.0,0.0,1.0,0.0,1.0,0.0,0.0,1.0,1.0,0.0,1.0,0.0,0.0
ANALYSIS_PARTIAL_STARTTLS_NOT_OBSERVED_0024,partial_starttls_not_observed_0024,ANALYSIS_PARTIAL_STARTTLS_NOT_OBSERVED_0024_partial_starttls_not_observed_0024,PARTIAL_CAPTURE_STARTTLS_NOT_OBSERVED,PARTIAL_CAPTURE_CHALLENGE,STARTTLS_NOT_OBSERVED,CRITICAL,0.0,1.0,0.0,0.0,0.0,0.0,0.0,0.0,,0.0,0.0,0.0,1.0,0.0,0.0,1.0,0.0,0.0,0.0,1.0,1.0,0.0,1.0,0.0,0.0
ANALYSIS_PARTIAL_STARTTLS_NOT_OBSERVED_0025,partial_starttls_not_observed_0025,ANALYSIS_PARTIAL_STARTTLS_NOT_OBSERVED_0025_partial_starttls_not_observed_0025,PARTIAL_CAPTURE_STARTTLS_NOT_OBSERVED,PARTIAL_CAPTURE_CHALLENGE,STARTTLS_NOT_OBSERVED,HIGH,0.0,0.0,1.0,0.0,1.0,0.0,0.0,0.0,0.0,0.0,0.0,0.0,0.0,1.0,0.0,0.0,1.0,0.0,0.0,1.0,1.0,0.0,1.0,0.0,0.0
ANALYSIS_PARTIAL_STARTTLS_NOT_OBSERVED_0026,partial_starttls_not_observed_0026,ANALYSIS_PARTIAL_STARTTLS_NOT_OBSERVED_0026_partial_starttls_not_observed_0026,PARTIAL_CAPTURE_STARTTLS_NOT_OBSERVED,PARTIAL_CAPTURE_CHALLENGE,STARTTLS_NOT_OBSERVED,HIGH,0.0,0.0,1.0,0.0,1.0,0.0,0.0,0.0,0.0,0.0,0.0,0.0,0.0,0.0,1.0,0.0,1.0,0.0,0.0,1.0,1.0,0.0,1.0,0.0,0.0
ANALYSIS_PARTIAL_STARTTLS_NOT_OBSERVED_0027,partial_starttls_not_observed_0027,ANALYSIS_PARTIAL_STARTTLS_NOT_OBSERVED_0027_partial_starttls_not_observed_0027,PARTIAL_CAPTURE_STARTTLS_NOT_OBSERVED,PARTIAL_CAPTURE_CHALLENGE,STARTTLS_NOT_OBSERVED,MEDIUM,0.0,1.0,0.0,0.0,0.0,0.0,0.0,0.0,,0.0,1.0,0.0,1.0,0.0,0.0,0.0,0.0,1.0,0.0,1.0,1.0,0.0,1.0,0.0,0.0
ANALYSIS_PARTIAL_STARTTLS_NOT_OBSERVED_0028,partial_starttls_not_observed_0028,ANALYSIS_PARTIAL_STARTTLS_NOT_OBSERVED_0028_partial_starttls_not_observed_0028,PARTIAL_CAPTURE_STARTTLS_NOT_OBSERVED,PARTIAL_CAPTURE_CHALLENGE,STARTTLS_NOT_OBSERVED,HIGH,0.0,0.0,1.0,0.0,1.0,0.0,0.0,0.0,0.0,0.0,0.0,0.0,0.0,1.0,0.0,0.0,1.0,0.0,0.0,1.0,1.0,0.0,1.0,0.0,0.0
ANALYSIS_PARTIAL_STARTTLS_NOT_OBSERVED_0029,partial_starttls_not_observed_0029,ANALYSIS_PARTIAL_STARTTLS_NOT_OBSERVED_0029_partial_starttls_not_observed_0029,PARTIAL_CAPTURE_STARTTLS_NOT_OBSERVED,PARTIAL_CAPTURE_CHALLENGE,STARTTLS_NOT_OBSERVED,CRITICAL,1.0,0.0,0.0,,,,,,1.0,0.0,,,0.0,0.0,1.0,0.0,0.0,0.0,0.0,0.0,0.0,0.0,1.0,0.0,0.0
ANALYSIS_PARTIAL_STARTTLS_NOT_OBSERVED_0030,partial_starttls_not_observed_0030,ANALYSIS_PARTIAL_STARTTLS_NOT_OBSERVED_0030_partial_starttls_not_observed_0030,PARTIAL_CAPTURE_STARTTLS_NOT_OBSERVED,PARTIAL_CAPTURE_CHALLENGE,STARTTLS_NOT_OBSERVED,LOW,0.0,1.0,0.0,0.0,0.0,0.0,0.0,0.0,,0.0,0.0,0.0,1.0,0.0,0.0,0.0,0.0,0.0,0.0,1.0,1.0,0.0,1.0,0.0,0.0
ANALYSIS_PARTIAL_STARTTLS_NOT_OBSERVED_0031,partial_starttls_not_observed_0031,ANALYSIS_PARTIAL_STARTTLS_NOT_OBSERVED_0031_partial_starttls_not_observed_0031,PARTIAL_CAPTURE_STARTTLS_NOT_OBSERVED,PARTIAL_CAPTURE_CHALLENGE,STARTTLS_NOT_OBSERVED,LOW,0.0,1.0,0.0,0.0,0.0,0.0,0.0,0.0,0.0,0.0,0.0,0.0,0.0,1.0,0.0,0.0,0.0,0.0,0.0,1.0,1.0,0.0,1.0,0.0,0.0
ANALYSIS_PARTIAL_STARTTLS_NOT_OBSERVED_0032,partial_starttls_not_observed_0032,ANALYSIS_PARTIAL_STARTTLS_NOT_OBSERVED_0032_partial_starttls_not_observed_0032,PARTIAL_CAPTURE_STARTTLS_NOT_OBSERVED,PARTIAL_CAPTURE_CHALLENGE,STARTTLS_NOT_OBSERVED,MEDIUM,0.0,1.0,0.0,0.0,0.0,0.0,0.0,0.0,,0.0,0.0,1.0,0.0,0.0,1.0,0.0,0.0,1.0,0.0,1.0,1.0,0.0,1.0,0.0,0.0
ANALYSIS_PARTIAL_STARTTLS_NOT_OBSERVED_0033,partial_starttls_not_observed_0033,ANALYSIS_PARTIAL_STARTTLS_NOT_OBSERVED_0033_partial_starttls_not_observed_0033,PARTIAL_CAPTURE_STARTTLS_NOT_OBSERVED,PARTIAL_CAPTURE_CHALLENGE,STARTTLS_NOT_OBSERVED,HIGH,0.0,1.0,0.0,0.0,0.0,1.0,0.0,0.0,,0.0,0.0,0.0,1.0,0.0,0.0,0.0,1.0,0.0,0.0,1.0,1.0,0.0,1.0,0.0,0.0
ANALYSIS_PARTIAL_STARTTLS_NOT_OBSERVED_0034,partial_starttls_not_observed_0034,ANALYSIS_PARTIAL_STARTTLS_NOT_OBSERVED_0034_partial_starttls_not_observed_0034,PARTIAL_CAPTURE_STARTTLS_NOT_OBSERVED,PARTIAL_CAPTURE_CHALLENGE,STARTTLS_NOT_OBSERVED,CRITICAL,0.0,0.0,1.0,1.0,1.0,1.0,0.0,0.0,0.0,0.0,0.0,0.0,0.0,1.0,0.0,0.0,2.0,0.0,0.0,1.0,1.0,0.0,1.0,0.0,0.0
ANALYSIS_PARTIAL_STARTTLS_NOT_OBSERVED_0035,partial_starttls_not_observed_0035,ANALYSIS_PARTIAL_STARTTLS_NOT_OBSERVED_0035_partial_starttls_not_observed_0035,PARTIAL_CAPTURE_STARTTLS_NOT_OBSERVED,PARTIAL_CAPTURE_CHALLENGE,STARTTLS_NOT_OBSERVED,CRITICAL,1.0,0.0,0.0,,,,,,1.0,0.0,,,0.0,0.0,1.0,0.0,0.0,0.0,0.0,0.0,0.0,0.0,1.0,0.0,0.0
ANALYSIS_PARTIAL_STARTTLS_NOT_OBSERVED_0036,partial_starttls_not_observed_0036,ANALYSIS_PARTIAL_STARTTLS_NOT_OBSERVED_0036_partial_starttls_not_observed_0036,PARTIAL_CAPTURE_STARTTLS_NOT_OBSERVED,PARTIAL_CAPTURE_CHALLENGE,STARTTLS_NOT_OBSERVED,CRITICAL,1.0,0.0,0.0,,,,,,1.0,0.0,,,1.0,0.0,0.0,0.0,0.0,0.0,0.0,0.0,0.0,0.0,1.0,0.0,0.0
ANALYSIS_PARTIAL_STARTTLS_NOT_OBSERVED_0037,partial_starttls_not_observed_0037,ANALYSIS_PARTIAL_STARTTLS_NOT_OBSERVED_0037_partial_starttls_not_observed_0037,PARTIAL_CAPTURE_STARTTLS_NOT_OBSERVED,PARTIAL_CAPTURE_CHALLENGE,STARTTLS_NOT_OBSERVED,HIGH,0.0,1.0,0.0,0.0,1.0,0.0,0.0,0.0,,0.0,0.0,0.0,0.0,1.0,0.0,0.0,1.0,0.0,0.0,1.0,1.0,0.0,1.0,0.0,0.0
ANALYSIS_PARTIAL_STARTTLS_NOT_OBSERVED_0038,partial_starttls_not_observed_0038,ANALYSIS_PARTIAL_STARTTLS_NOT_OBSERVED_0038_partial_starttls_not_observed_0038,PARTIAL_CAPTURE_STARTTLS_NOT_OBSERVED,PARTIAL_CAPTURE_CHALLENGE,STARTTLS_NOT_OBSERVED,MEDIUM,0.0,1.0,0.0,0.0,0.0,0.0,0.0,0.0,,0.0,1.0,0.0,0.0,0.0,1.0,0.0,0.0,1.0,0.0,1.0,1.0,0.0,1.0,0.0,0.0
ANALYSIS_PARTIAL_STARTTLS_NOT_OBSERVED_0039,partial_starttls_not_observed_0039,ANALYSIS_PARTIAL_STARTTLS_NOT_OBSERVED_0039_partial_starttls_not_observed_0039,PARTIAL_CAPTURE_STARTTLS_NOT_OBSERVED,PARTIAL_CAPTURE_CHALLENGE,STARTTLS_NOT_OBSERVED,CRITICAL,1.0,0.0,0.0,,,,,,1.0,0.0,,,1.0,0.0,0.0,0.0,0.0,0.0,0.0,0.0,0.0,0.0,1.0,0.0,0.0
ANALYSIS_PARTIAL_STARTTLS_NOT_OBSERVED_0040,partial_starttls_not_observed_0040,ANALYSIS_PARTIAL_STARTTLS_NOT_OBSERVED_0040_partial_starttls_not_observed_0040,PARTIAL_CAPTURE_STARTTLS_NOT_OBSERVED,PARTIAL_CAPTURE_CHALLENGE,STARTTLS_NOT_OBSERVED,MEDIUM,0.0,0.0,1.0,0.0,0.0,0.0,0.0,0.0,0.0,0.0,1.0,0.0,0.0,1.0,0.0,0.0,0.0,1.0,0.0,1.0,1.0,0.0,1.0,0.0,0.0
ANALYSIS_PARTIAL_STARTTLS_NOT_OBSERVED_0041,partial_starttls_not_observed_0041,ANALYSIS_PARTIAL_STARTTLS_NOT_OBSERVED_0041_partial_starttls_not_observed_0041,PARTIAL_CAPTURE_STARTTLS_NOT_OBSERVED,PARTIAL_CAPTURE_CHALLENGE,STARTTLS_NOT_OBSERVED,HIGH,0.0,0.0,1.0,0.0,0.0,1.0,0.0,0.0,0.0,0.0,0.0,0.0,0.0,0.0,1.0,0.0,1.0,0.0,0.0,1.0,1.0,0.0,1.0,0.0,0.0
ANALYSIS_PARTIAL_STARTTLS_NOT_OBSERVED_0042,partial_starttls_not_observed_0042,ANALYSIS_PARTIAL_STARTTLS_NOT_OBSERVED_0042_partial_starttls_not_observed_0042,PARTIAL_CAPTURE_STARTTLS_NOT_OBSERVED,PARTIAL_CAPTURE_CHALLENGE,STARTTLS_NOT_OBSERVED,HIGH,0.0,1.0,0.0,0.0,1.0,0.0,0.0,0.0,,0.0,0.0,0.0,1.0,0.0,0.0,0.0,1.0,0.0,0.0,1.0,1.0,0.0,1.0,0.0,0.0
ANALYSIS_PARTIAL_STARTTLS_NOT_OBSERVED_0043,partial_starttls_not_observed_0043,ANALYSIS_PARTIAL_STARTTLS_NOT_OBSERVED_0043_partial_starttls_not_observed_0043,PARTIAL_CAPTURE_STARTTLS_NOT_OBSERVED,PARTIAL_CAPTURE_CHALLENGE,STARTTLS_NOT_OBSERVED,HIGH,0.0,1.0,0.0,0.0,1.0,0.0,0.0,0.0,0.0,0.0,0.0,0.0,0.0,1.0,0.0,0.0,1.0,0.0,0.0,1.0,1.0,0.0,1.0,0.0,0.0
ANALYSIS_PARTIAL_STARTTLS_NOT_OBSERVED_0044,partial_starttls_not_observed_0044,ANALYSIS_PARTIAL_STARTTLS_NOT_OBSERVED_0044_partial_starttls_not_observed_0044,PARTIAL_CAPTURE_STARTTLS_NOT_OBSERVED,PARTIAL_CAPTURE_CHALLENGE,STARTTLS_NOT_OBSERVED,CRITICAL,0.0,0.0,1.0,1.0,1.0,1.0,0.0,0.0,0.0,0.0,0.0,0.0,0.0,0.0,1.0,0.0,2.0,0.0,0.0,1.0,1.0,0.0,1.0,0.0,0.0
ANALYSIS_PARTIAL_STARTTLS_NOT_OBSERVED_0045,partial_starttls_not_observed_0045,ANALYSIS_PARTIAL_STARTTLS_NOT_OBSERVED_0045_partial_starttls_not_observed_0045,PARTIAL_CAPTURE_STARTTLS_NOT_OBSERVED,PARTIAL_CAPTURE_CHALLENGE,STARTTLS_NOT_OBSERVED,HIGH,0.0,1.0,0.0,1.0,0.0,0.0,0.0,0.0,0.0,0.0,1.0,0.0,1.0,0.0,0.0,0.0,1.0,0.0,0.0,1.0,1.0,0.0,1.0,0.0,0.0
ANALYSIS_PARTIAL_STARTTLS_NOT_OBSERVED_0046,partial_starttls_not_observed_0046,ANALYSIS_PARTIAL_STARTTLS_NOT_OBSERVED_0046_partial_starttls_not_observed_0046,PARTIAL_CAPTURE_STARTTLS_NOT_OBSERVED,PARTIAL_CAPTURE_CHALLENGE,STARTTLS_NOT_OBSERVED,CRITICAL,0.0,1.0,0.0,1.0,1.0,1.0,0.0,0.0,,0.0,0.0,0.0,0.0,1.0,0.0,0.0,2.0,0.0,0.0,1.0,1.0,0.0,1.0,0.0,0.0
ANALYSIS_PARTIAL_STARTTLS_NOT_OBSERVED_0047,partial_starttls_not_observed_0047,ANALYSIS_PARTIAL_STARTTLS_NOT_OBSERVED_0047_partial_starttls_not_observed_0047,PARTIAL_CAPTURE_STARTTLS_NOT_OBSERVED,PARTIAL_CAPTURE_CHALLENGE,STARTTLS_NOT_OBSERVED,HIGH,0.0,1.0,0.0,0.0,0.0,0.0,0.0,1.0,,0.0,0.0,0.0,0.0,0.0,1.0,0.0,1.0,0.0,0.0,1.0,1.0,0.0,1.0,0.0,0.0
ANALYSIS_PARTIAL_STARTTLS_NOT_OBSERVED_0048,partial_starttls_not_observed_0048,ANALYSIS_PARTIAL_STARTTLS_NOT_OBSERVED_0048_partial_starttls_not_observed_0048,PARTIAL_CAPTURE_STARTTLS_NOT_OBSERVED,PARTIAL_CAPTURE_CHALLENGE,STARTTLS_NOT_OBSERVED,LOW,0.0,1.0,0.0,0.0,0.0,0.0,0.0,0.0,,0.0,0.0,0.0,1.0,0.0,0.0,0.0,0.0,0.0,0.0,1.0,1.0,0.0,1.0,0.0,0.0
ANALYSIS_PARTIAL_STARTTLS_NOT_OBSERVED_0049,partial_starttls_not_observed_0049,ANALYSIS_PARTIAL_STARTTLS_NOT_OBSERVED_0049_partial_starttls_not_observed_0049,PARTIAL_CAPTURE_STARTTLS_NOT_OBSERVED,PARTIAL_CAPTURE_CHALLENGE,STARTTLS_NOT_OBSERVED,MEDIUM,0.0,0.0,1.0,0.0,0.0,0.0,0.0,0.0,0.0,0.0,0.0,1.0,0.0,1.0,0.0,0.0,0.0,1.0,0.0,1.0,1.0,0.0,1.0,0.0,0.0
ANALYSIS_PARTIAL_STARTTLS_NOT_OBSERVED_0050,partial_starttls_not_observed_0050,ANALYSIS_PARTIAL_STARTTLS_NOT_OBSERVED_0050_partial_starttls_not_observed_0050,PARTIAL_CAPTURE_STARTTLS_NOT_OBSERVED,PARTIAL_CAPTURE_CHALLENGE,STARTTLS_NOT_OBSERVED,HIGH,0.0,0.0,1.0,1.0,0.0,0.0,0.0,0.0,0.0,0.0,1.0,0.0,0.0,0.0,1.0,0.0,1.0,0.0,0.0,1.0,1.0,0.0,1.0,0.0,0.0
ANALYSIS_PARTIAL_STARTTLS_NOT_OBSERVED_0051,partial_starttls_not_observed_0051,ANALYSIS_PARTIAL_STARTTLS_NOT_OBSERVED_0051_partial_starttls_not_observed_0051,PARTIAL_CAPTURE_STARTTLS_NOT_OBSERVED,PARTIAL_CAPTURE_CHALLENGE,STARTTLS_NOT_OBSERVED,LOW,0.0,1.0,0.0,0.0,0.0,0.0,0.0,0.0,,0.0,0.0,0.0,1.0,0.0,0.0,0.0,0.0,0.0,1.0,1.0,1.0,0.0,1.0,0.0,0.0
ANALYSIS_PARTIAL_STARTTLS_NOT_OBSERVED_0052,partial_starttls_not_observed_0052,ANALYSIS_PARTIAL_STARTTLS_NOT_OBSERVED_0052_partial_starttls_not_observed_0052,PARTIAL_CAPTURE_STARTTLS_NOT_OBSERVED,PARTIAL_CAPTURE_CHALLENGE,STARTTLS_NOT_OBSERVED,MEDIUM,0.0,1.0,0.0,0.0,0.0,0.0,0.0,0.0,,0.0,0.0,1.0,0.0,1.0,0.0,0.0,0.0,1.0,0.0,1.0,1.0,0.0,1.0,0.0,0.0
ANALYSIS_PARTIAL_STARTTLS_NOT_OBSERVED_0053,partial_starttls_not_observed_0053,ANALYSIS_PARTIAL_STARTTLS_NOT_OBSERVED_0053_partial_starttls_not_observed_0053,PARTIAL_CAPTURE_STARTTLS_NOT_OBSERVED,PARTIAL_CAPTURE_CHALLENGE,STARTTLS_NOT_OBSERVED,CRITICAL,0.0,1.0,0.0,0.0,0.0,0.0,0.0,0.0,,0.0,0.0,0.0,0.0,0.0,1.0,1.0,0.0,0.0,0.0,1.0,1.0,0.0,1.0,0.0,0.0
ANALYSIS_PARTIAL_STARTTLS_NOT_OBSERVED_0054,partial_starttls_not_observed_0054,ANALYSIS_PARTIAL_STARTTLS_NOT_OBSERVED_0054_partial_starttls_not_observed_0054,PARTIAL_CAPTURE_STARTTLS_NOT_OBSERVED,PARTIAL_CAPTURE_CHALLENGE,STARTTLS_NOT_OBSERVED,CRITICAL,1.0,0.0,0.0,,,,,,1.0,0.0,,,1.0,0.0,0.0,0.0,0.0,0.0,0.0,0.0,0.0,0.0,1.0,0.0,0.0
ANALYSIS_PARTIAL_STARTTLS_NOT_OBSERVED_0055,partial_starttls_not_observed_0055,ANALYSIS_PARTIAL_STARTTLS_NOT_OBSERVED_0055_partial_starttls_not_observed_0055,PARTIAL_CAPTURE_STARTTLS_NOT_OBSERVED,PARTIAL_CAPTURE_CHALLENGE,STARTTLS_NOT_OBSERVED,MEDIUM,0.0,1.0,0.0,0.0,0.0,0.0,0.0,0.0,,0.0,1.0,0.0,0.0,1.0,0.0,0.0,0.0,1.0,0.0,1.0,1.0,0.0,1.0,0.0,0.0
ANALYSIS_PARTIAL_STARTTLS_NOT_OBSERVED_0056,partial_starttls_not_observed_0056,ANALYSIS_PARTIAL_STARTTLS_NOT_OBSERVED_0056_partial_starttls_not_observed_0056,PARTIAL_CAPTURE_STARTTLS_NOT_OBSERVED,PARTIAL_CAPTURE_CHALLENGE,STARTTLS_NOT_OBSERVED,CRITICAL,1.0,0.0,0.0,,,,,,1.0,0.0,,,0.0,0.0,1.0,0.0,0.0,0.0,0.0,0.0,0.0,0.0,1.0,0.0,0.0
ANALYSIS_PARTIAL_STARTTLS_NOT_OBSERVED_0057,partial_starttls_not_observed_0057,ANALYSIS_PARTIAL_STARTTLS_NOT_OBSERVED_0057_partial_starttls_not_observed_0057,PARTIAL_CAPTURE_STARTTLS_NOT_OBSERVED,PARTIAL_CAPTURE_CHALLENGE,STARTTLS_NOT_OBSERVED,HIGH,0.0,1.0,0.0,0.0,0.0,1.0,0.0,0.0,0.0,0.0,0.0,0.0,1.0,0.0,0.0,0.0,1.0,0.0,0.0,1.0,1.0,0.0,1.0,0.0,0.0
ANALYSIS_PARTIAL_STARTTLS_NOT_OBSERVED_0058,partial_starttls_not_observed_0058,ANALYSIS_PARTIAL_STARTTLS_NOT_OBSERVED_0058_partial_starttls_not_observed_0058,PARTIAL_CAPTURE_STARTTLS_NOT_OBSERVED,PARTIAL_CAPTURE_CHALLENGE,STARTTLS_NOT_OBSERVED,MEDIUM,0.0,0.0,1.0,0.0,0.0,0.0,0.0,0.0,0.0,0.0,1.0,0.0,0.0,1.0,0.0,0.0,0.0,1.0,0.0,1.0,1.0,0.0,1.0,0.0,0.0
ANALYSIS_PARTIAL_STARTTLS_NOT_OBSERVED_0059,partial_starttls_not_observed_0059,ANALYSIS_PARTIAL_STARTTLS_NOT_OBSERVED_0059_partial_starttls_not_observed_0059,PARTIAL_CAPTURE_STARTTLS_NOT_OBSERVED,PARTIAL_CAPTURE_CHALLENGE,STARTTLS_NOT_OBSERVED,CRITICAL,1.0,0.0,0.0,,,,,,0.0,0.0,,,0.0,0.0,1.0,0.0,0.0,0.0,0.0,0.0,0.0,0.0,1.0,0.0,0.0
ANALYSIS_PARTIAL_STARTTLS_NOT_OBSERVED_0060,partial_starttls_not_observed_0060,ANALYSIS_PARTIAL_STARTTLS_NOT_OBSERVED_0060_partial_starttls_not_observed_0060,PARTIAL_CAPTURE_STARTTLS_NOT_OBSERVED,PARTIAL_CAPTURE_CHALLENGE,STARTTLS_NOT_OBSERVED,MEDIUM,0.0,1.0,0.0,0.0,0.0,0.0,0.0,0.0,,0.0,1.0,0.0,1.0,0.0,0.0,0.0,0.0,1.0,0.0,1.0,1.0,0.0,1.0,0.0,0.0
ANALYSIS_PARTIAL_STARTTLS_NOT_OBSERVED_0061,partial_starttls_not_observed_0061,ANALYSIS_PARTIAL_STARTTLS_NOT_OBSERVED_0061_partial_starttls_not_observed_0061,PARTIAL_CAPTURE_STARTTLS_NOT_OBSERVED,PARTIAL_CAPTURE_CHALLENGE,STARTTLS_NOT_OBSERVED,MEDIUM,0.0,1.0,0.0,0.0,0.0,0.0,0.0,0.0,,0.0,1.0,0.0,0.0,1.0,0.0,0.0,0.0,1.0,0.0,1.0,1.0,0.0,1.0,0.0,0.0
ANALYSIS_PARTIAL_STARTTLS_NOT_OBSERVED_0062,partial_starttls_not_observed_0062,ANALYSIS_PARTIAL_STARTTLS_NOT_OBSERVED_0062_partial_starttls_not_observed_0062,PARTIAL_CAPTURE_STARTTLS_NOT_OBSERVED,PARTIAL_CAPTURE_CHALLENGE,STARTTLS_NOT_OBSERVED,HIGH,0.0,0.0,1.0,1.0,0.0,0.0,0.0,0.0,0.0,0.0,1.0,0.0,0.0,0.0,1.0,0.0,1.0,0.0,0.0,1.0,1.0,0.0,1.0,0.0,0.0
ANALYSIS_PARTIAL_STARTTLS_NOT_OBSERVED_0063,partial_starttls_not_observed_0063,ANALYSIS_PARTIAL_STARTTLS_NOT_OBSERVED_0063_partial_starttls_not_observed_0063,PARTIAL_CAPTURE_STARTTLS_NOT_OBSERVED,PARTIAL_CAPTURE_CHALLENGE,STARTTLS_NOT_OBSERVED,LOW,0.0,0.0,1.0,0.0,0.0,0.0,0.0,0.0,0.0,0.0,0.0,0.0,1.0,0.0,0.0,0.0,0.0,0.0,0.0,1.0,1.0,0.0,1.0,0.0,0.0
ANALYSIS_PARTIAL_STARTTLS_NOT_OBSERVED_0064,partial_starttls_not_observed_0064,ANALYSIS_PARTIAL_STARTTLS_NOT_OBSERVED_0064_partial_starttls_not_observed_0064,PARTIAL_CAPTURE_STARTTLS_NOT_OBSERVED,PARTIAL_CAPTURE_CHALLENGE,STARTTLS_NOT_OBSERVED,HIGH,0.0,1.0,0.0,0.0,0.0,0.0,0.0,1.0,,0.0,0.0,0.0,0.0,1.0,0.0,0.0,1.0,0.0,0.0,1.0,1.0,0.0,1.0,0.0,0.0
ANALYSIS_PARTIAL_STARTTLS_NOT_OBSERVED_0065,partial_starttls_not_observed_0065,ANALYSIS_PARTIAL_STARTTLS_NOT_OBSERVED_0065_partial_starttls_not_observed_0065,PARTIAL_CAPTURE_STARTTLS_NOT_OBSERVED,PARTIAL_CAPTURE_CHALLENGE,STARTTLS_NOT_OBSERVED,CRITICAL,1.0,0.0,0.0,,,,,,1.0,0.0,,,0.0,0.0,1.0,0.0,0.0,0.0,0.0,0.0,0.0,0.0,1.0,0.0,0.0
ANALYSIS_PARTIAL_STARTTLS_NOT_OBSERVED_0066,partial_starttls_not_observed_0066,ANALYSIS_PARTIAL_STARTTLS_NOT_OBSERVED_0066_partial_starttls_not_observed_0066,PARTIAL_CAPTURE_STARTTLS_NOT_OBSERVED,PARTIAL_CAPTURE_CHALLENGE,STARTTLS_NOT_OBSERVED,LOW,0.0,0.0,1.0,0.0,0.0,0.0,0.0,0.0,0.0,0.0,0.0,0.0,1.0,0.0,0.0,0.0,0.0,0.0,0.0,1.0,1.0,0.0,1.0,0.0,0.0
ANALYSIS_PARTIAL_STARTTLS_NOT_OBSERVED_0067,partial_starttls_not_observed_0067,ANALYSIS_PARTIAL_STARTTLS_NOT_OBSERVED_0067_partial_starttls_not_observed_0067,PARTIAL_CAPTURE_STARTTLS_NOT_OBSERVED,PARTIAL_CAPTURE_CHALLENGE,STARTTLS_NOT_OBSERVED,MEDIUM,0.0,0.0,1.0,0.0,0.0,0.0,0.0,0.0,0.0,0.0,1.0,0.0,0.0,1.0,0.0,0.0,0.0,1.0,0.0,1.0,1.0,0.0,1.0,0.0,0.0
ANALYSIS_PARTIAL_STARTTLS_NOT_OBSERVED_0068,partial_starttls_not_observed_0068,ANALYSIS_PARTIAL_STARTTLS_NOT_OBSERVED_0068_partial_starttls_not_observed_0068,PARTIAL_CAPTURE_STARTTLS_NOT_OBSERVED,PARTIAL_CAPTURE_CHALLENGE,STARTTLS_NOT_OBSERVED,HIGH,0.0,1.0,0.0,0.0,0.0,0.0,0.0,1.0,,0.0,0.0,0.0,0.0,0.0,1.0,0.0,1.0,0.0,0.0,1.0,1.0,0.0,1.0,0.0,0.0
ANALYSIS_PARTIAL_STARTTLS_NOT_OBSERVED_0069,partial_starttls_not_observed_0069,ANALYSIS_PARTIAL_STARTTLS_NOT_OBSERVED_0069_partial_starttls_not_observed_0069,PARTIAL_CAPTURE_STARTTLS_NOT_OBSERVED,PARTIAL_CAPTURE_CHALLENGE,STARTTLS_NOT_OBSERVED,CRITICAL,1.0,0.0,0.0,,,,,,1.0,0.0,,,1.0,0.0,0.0,0.0,0.0,0.0,0.0,0.0,0.0,0.0,1.0,0.0,0.0
ANALYSIS_PARTIAL_STARTTLS_NOT_OBSERVED_0070,partial_starttls_not_observed_0070,ANALYSIS_PARTIAL_STARTTLS_NOT_OBSERVED_0070_partial_starttls_not_observed_0070,PARTIAL_CAPTURE_STARTTLS_NOT_OBSERVED,PARTIAL_CAPTURE_CHALLENGE,STARTTLS_NOT_OBSERVED,MEDIUM,0.0,1.0,0.0,0.0,0.0,0.0,0.0,0.0,,0.0,1.0,0.0,0.0,1.0,0.0,0.0,0.0,1.0,0.0,1.0,1.0,0.0,1.0,0.0,0.0
ANALYSIS_PARTIAL_STARTTLS_NOT_OBSERVED_0071,partial_starttls_not_observed_0071,ANALYSIS_PARTIAL_STARTTLS_NOT_OBSERVED_0071_partial_starttls_not_observed_0071,PARTIAL_CAPTURE_STARTTLS_NOT_OBSERVED,PARTIAL_CAPTURE_CHALLENGE,STARTTLS_NOT_OBSERVED,LOW,0.0,1.0,0.0,0.0,0.0,0.0,0.0,0.0,,0.0,0.0,0.0,0.0,0.0,1.0,0.0,0.0,0.0,0.0,1.0,1.0,0.0,1.0,0.0,0.0
ANALYSIS_PARTIAL_STARTTLS_NOT_OBSERVED_0072,partial_starttls_not_observed_0072,ANALYSIS_PARTIAL_STARTTLS_NOT_OBSERVED_0072_partial_starttls_not_observed_0072,PARTIAL_CAPTURE_STARTTLS_NOT_OBSERVED,PARTIAL_CAPTURE_CHALLENGE,STARTTLS_NOT_OBSERVED,LOW,0.0,1.0,0.0,0.0,0.0,0.0,0.0,0.0,,0.0,0.0,0.0,1.0,0.0,0.0,0.0,0.0,0.0,0.0,1.0,1.0,0.0,1.0,0.0,0.0
ANALYSIS_PARTIAL_STARTTLS_NOT_OBSERVED_0073,partial_starttls_not_observed_0073,ANALYSIS_PARTIAL_STARTTLS_NOT_OBSERVED_0073_partial_starttls_not_observed_0073,PARTIAL_CAPTURE_STARTTLS_NOT_OBSERVED,PARTIAL_CAPTURE_CHALLENGE,STARTTLS_NOT_OBSERVED,MEDIUM,0.0,0.0,1.0,0.0,0.0,0.0,0.0,0.0,0.0,0.0,0.0,1.0,0.0,1.0,0.0,0.0,0.0,1.0,0.0,1.0,1.0,0.0,1.0,0.0,0.0
ANALYSIS_PARTIAL_STARTTLS_NOT_OBSERVED_0074,partial_starttls_not_observed_0074,ANALYSIS_PARTIAL_STARTTLS_NOT_OBSERVED_0074_partial_starttls_not_observed_0074,PARTIAL_CAPTURE_STARTTLS_NOT_OBSERVED,PARTIAL_CAPTURE_CHALLENGE,STARTTLS_NOT_OBSERVED,MEDIUM,0.0,1.0,0.0,0.0,0.0,0.0,0.0,0.0,,0.0,1.0,0.0,0.0,0.0,1.0,0.0,0.0,1.0,0.0,1.0,1.0,0.0,1.0,0.0,0.0
ANALYSIS_PARTIAL_STARTTLS_NOT_OBSERVED_0075,partial_starttls_not_observed_0075,ANALYSIS_PARTIAL_STARTTLS_NOT_OBSERVED_0075_partial_starttls_not_observed_0075,PARTIAL_CAPTURE_STARTTLS_NOT_OBSERVED,PARTIAL_CAPTURE_CHALLENGE,STARTTLS_NOT_OBSERVED,HIGH,0.0,1.0,0.0,0.0,0.0,0.0,0.0,1.0,0.0,0.0,0.0,0.0,1.0,0.0,0.0,0.0,1.0,0.0,0.0,1.0,1.0,0.0,1.0,0.0,0.0
ANALYSIS_PARTIAL_STARTTLS_NOT_OBSERVED_0076,partial_starttls_not_observed_0076,ANALYSIS_PARTIAL_STARTTLS_NOT_OBSERVED_0076_partial_starttls_not_observed_0076,PARTIAL_CAPTURE_STARTTLS_NOT_OBSERVED,PARTIAL_CAPTURE_CHALLENGE,STARTTLS_NOT_OBSERVED,HIGH,0.0,0.0,1.0,1.0,0.0,0.0,0.0,0.0,0.0,0.0,1.0,0.0,0.0,1.0,0.0,0.0,1.0,0.0,0.0,1.0,1.0,0.0,1.0,0.0,0.0
ANALYSIS_PARTIAL_STARTTLS_NOT_OBSERVED_0077,partial_starttls_not_observed_0077,ANALYSIS_PARTIAL_STARTTLS_NOT_OBSERVED_0077_partial_starttls_not_observed_0077,PARTIAL_CAPTURE_STARTTLS_NOT_OBSERVED,PARTIAL_CAPTURE_CHALLENGE,STARTTLS_NOT_OBSERVED,HIGH,0.0,0.0,1.0,0.0,1.0,0.0,0.0,0.0,0.0,0.0,0.0,0.0,0.0,0.0,1.0,0.0,1.0,0.0,0.0,1.0,1.0,0.0,1.0,0.0,0.0
ANALYSIS_PARTIAL_STARTTLS_NOT_OBSERVED_0078,partial_starttls_not_observed_0078,ANALYSIS_PARTIAL_STARTTLS_NOT_OBSERVED_0078_partial_starttls_not_observed_0078,PARTIAL_CAPTURE_STARTTLS_NOT_OBSERVED,PARTIAL_CAPTURE_CHALLENGE,STARTTLS_NOT_OBSERVED,CRITICAL,1.0,0.0,0.0,,,,,,1.0,0.0,,,1.0,0.0,0.0,0.0,0.0,0.0,0.0,0.0,0.0,0.0,1.0,0.0,0.0
ANALYSIS_PARTIAL_STARTTLS_NOT_OBSERVED_0079,partial_starttls_not_observed_0079,ANALYSIS_PARTIAL_STARTTLS_NOT_OBSERVED_0079_partial_starttls_not_observed_0079,PARTIAL_CAPTURE_STARTTLS_NOT_OBSERVED,PARTIAL_CAPTURE_CHALLENGE,STARTTLS_NOT_OBSERVED,CRITICAL,0.0,0.0,1.0,1.0,1.0,1.0,0.0,0.0,0.0,0.0,0.0,0.0,0.0,1.0,0.0,0.0,2.0,0.0,0.0,1.0,1.0,0.0,1.0,0.0,0.0
ANALYSIS_PARTIAL_STARTTLS_NOT_OBSERVED_0080,partial_starttls_not_observed_0080,ANALYSIS_PARTIAL_STARTTLS_NOT_OBSERVED_0080_partial_starttls_not_observed_0080,PARTIAL_CAPTURE_STARTTLS_NOT_OBSERVED,PARTIAL_CAPTURE_CHALLENGE,STARTTLS_NOT_OBSERVED,MEDIUM,0.0,1.0,0.0,0.0,0.0,0.0,0.0,0.0,,0.0,0.0,1.0,0.0,0.0,1.0,0.0,0.0,1.0,0.0,1.0,1.0,0.0,1.0,0.0,0.0
ANALYSIS_PARTIAL_STARTTLS_NOT_OBSERVED_0081,partial_starttls_not_observed_0081,ANALYSIS_PARTIAL_STARTTLS_NOT_OBSERVED_0081_partial_starttls_not_observed_0081,PARTIAL_CAPTURE_STARTTLS_NOT_OBSERVED,PARTIAL_CAPTURE_CHALLENGE,STARTTLS_NOT_OBSERVED,LOW,0.0,1.0,0.0,0.0,0.0,0.0,0.0,0.0,,0.0,0.0,0.0,1.0,0.0,0.0,0.0,0.0,0.0,0.0,1.0,1.0,0.0,1.0,0.0,0.0
ANALYSIS_PARTIAL_STARTTLS_NOT_OBSERVED_0082,partial_starttls_not_observed_0082,ANALYSIS_PARTIAL_STARTTLS_NOT_OBSERVED_0082_partial_starttls_not_observed_0082,PARTIAL_CAPTURE_STARTTLS_NOT_OBSERVED,PARTIAL_CAPTURE_CHALLENGE,STARTTLS_NOT_OBSERVED,HIGH,0.0,0.0,1.0,1.0,0.0,0.0,0.0,0.0,0.0,0.0,0.0,0.0,0.0,1.0,0.0,0.0,1.0,0.0,0.0,1.0,1.0,0.0,1.0,0.0,0.0
ANALYSIS_PARTIAL_STARTTLS_NOT_OBSERVED_0083,partial_starttls_not_observed_0083,ANALYSIS_PARTIAL_STARTTLS_NOT_OBSERVED_0083_partial_starttls_not_observed_0083,PARTIAL_CAPTURE_STARTTLS_NOT_OBSERVED,PARTIAL_CAPTURE_CHALLENGE,STARTTLS_NOT_OBSERVED,HIGH,0.0,0.0,1.0,0.0,1.0,0.0,0.0,0.0,0.0,0.0,0.0,0.0,0.0,0.0,1.0,0.0,1.0,0.0,0.0,1.0,1.0,0.0,1.0,0.0,0.0
ANALYSIS_PARTIAL_STARTTLS_NOT_OBSERVED_0084,partial_starttls_not_observed_0084,ANALYSIS_PARTIAL_STARTTLS_NOT_OBSERVED_0084_partial_starttls_not_observed_0084,PARTIAL_CAPTURE_STARTTLS_NOT_OBSERVED,PARTIAL_CAPTURE_CHALLENGE,STARTTLS_NOT_OBSERVED,MEDIUM,0.0,1.0,0.0,0.0,0.0,0.0,0.0,0.0,,0.0,1.0,0.0,1.0,0.0,0.0,0.0,0.0,1.0,0.0,1.0,1.0,0.0,1.0,0.0,0.0
ANALYSIS_PARTIAL_STARTTLS_NOT_OBSERVED_0085,partial_starttls_not_observed_0085,ANALYSIS_PARTIAL_STARTTLS_NOT_OBSERVED_0085_partial_starttls_not_observed_0085,PARTIAL_CAPTURE_STARTTLS_NOT_OBSERVED,PARTIAL_CAPTURE_CHALLENGE,STARTTLS_NOT_OBSERVED,HIGH,0.0,0.0,1.0,0.0,1.0,0.0,0.0,0.0,0.0,0.0,0.0,0.0,0.0,1.0,0.0,0.0,1.0,0.0,0.0,1.0,1.0,0.0,1.0,0.0,0.0
ANALYSIS_PARTIAL_STARTTLS_NOT_OBSERVED_0086,partial_starttls_not_observed_0086,ANALYSIS_PARTIAL_STARTTLS_NOT_OBSERVED_0086_partial_starttls_not_observed_0086,PARTIAL_CAPTURE_STARTTLS_NOT_OBSERVED,PARTIAL_CAPTURE_CHALLENGE,STARTTLS_NOT_OBSERVED,CRITICAL,1.0,0.0,0.0,,,,,,0.0,0.0,,,0.0,0.0,1.0,0.0,0.0,0.0,0.0,0.0,0.0,0.0,1.0,0.0,0.0
ANALYSIS_PARTIAL_STARTTLS_NOT_OBSERVED_0087,partial_starttls_not_observed_0087,ANALYSIS_PARTIAL_STARTTLS_NOT_OBSERVED_0087_partial_starttls_not_observed_0087,PARTIAL_CAPTURE_STARTTLS_NOT_OBSERVED,PARTIAL_CAPTURE_CHALLENGE,STARTTLS_NOT_OBSERVED,LOW,0.0,0.0,1.0,0.0,0.0,0.0,0.0,0.0,0.0,0.0,0.0,0.0,1.0,0.0,0.0,0.0,0.0,0.0,1.0,1.0,1.0,0.0,1.0,0.0,0.0
ANALYSIS_PARTIAL_STARTTLS_NOT_OBSERVED_0088,partial_starttls_not_observed_0088,ANALYSIS_PARTIAL_STARTTLS_NOT_OBSERVED_0088_partial_starttls_not_observed_0088,PARTIAL_CAPTURE_STARTTLS_NOT_OBSERVED,PARTIAL_CAPTURE_CHALLENGE,STARTTLS_NOT_OBSERVED,MEDIUM,0.0,0.0,1.0,0.0,0.0,0.0,0.0,0.0,0.0,0.0,0.0,1.0,0.0,1.0,0.0,0.0,0.0,1.0,0.0,1.0,1.0,0.0,1.0,0.0,0.0
ANALYSIS_PARTIAL_STARTTLS_NOT_OBSERVED_0089,partial_starttls_not_observed_0089,ANALYSIS_PARTIAL_STARTTLS_NOT_OBSERVED_0089_partial_starttls_not_observed_0089,PARTIAL_CAPTURE_STARTTLS_NOT_OBSERVED,PARTIAL_CAPTURE_CHALLENGE,STARTTLS_NOT_OBSERVED,CRITICAL,1.0,0.0,0.0,,,,,,0.0,0.0,,,0.0,0.0,1.0,0.0,0.0,0.0,0.0,0.0,0.0,0.0,1.0,0.0,0.0
ANALYSIS_PARTIAL_STARTTLS_NOT_OBSERVED_0090,partial_starttls_not_observed_0090,ANALYSIS_PARTIAL_STARTTLS_NOT_OBSERVED_0090_partial_starttls_not_observed_0090,PARTIAL_CAPTURE_STARTTLS_NOT_OBSERVED,PARTIAL_CAPTURE_CHALLENGE,STARTTLS_NOT_OBSERVED,MEDIUM,0.0,1.0,0.0,0.0,0.0,0.0,0.0,0.0,,0.0,1.0,0.0,1.0,0.0,0.0,0.0,0.0,1.0,0.0,1.0,1.0,0.0,1.0,0.0,0.0
ANALYSIS_PARTIAL_STARTTLS_NOT_OBSERVED_0091,partial_starttls_not_observed_0091,ANALYSIS_PARTIAL_STARTTLS_NOT_OBSERVED_0091_partial_starttls_not_observed_0091,PARTIAL_CAPTURE_STARTTLS_NOT_OBSERVED,PARTIAL_CAPTURE_CHALLENGE,STARTTLS_NOT_OBSERVED,LOW,0.0,1.0,0.0,0.0,0.0,0.0,0.0,0.0,0.0,0.0,0.0,0.0,0.0,1.0,0.0,0.0,0.0,0.0,0.0,1.0,1.0,0.0,1.0,0.0,0.0
ANALYSIS_PARTIAL_STARTTLS_NOT_OBSERVED_0092,partial_starttls_not_observed_0092,ANALYSIS_PARTIAL_STARTTLS_NOT_OBSERVED_0092_partial_starttls_not_observed_0092,PARTIAL_CAPTURE_STARTTLS_NOT_OBSERVED,PARTIAL_CAPTURE_CHALLENGE,STARTTLS_NOT_OBSERVED,CRITICAL,0.0,0.0,1.0,1.0,1.0,1.0,0.0,0.0,0.0,0.0,0.0,0.0,0.0,0.0,1.0,0.0,2.0,0.0,0.0,1.0,1.0,0.0,1.0,0.0,0.0
ANALYSIS_PARTIAL_STARTTLS_NOT_OBSERVED_0093,partial_starttls_not_observed_0093,ANALYSIS_PARTIAL_STARTTLS_NOT_OBSERVED_0093_partial_starttls_not_observed_0093,PARTIAL_CAPTURE_STARTTLS_NOT_OBSERVED,PARTIAL_CAPTURE_CHALLENGE,STARTTLS_NOT_OBSERVED,LOW,0.0,1.0,0.0,0.0,0.0,0.0,0.0,0.0,,0.0,0.0,0.0,1.0,0.0,0.0,0.0,0.0,0.0,0.0,1.0,1.0,0.0,1.0,0.0,0.0
ANALYSIS_PARTIAL_STARTTLS_NOT_OBSERVED_0094,partial_starttls_not_observed_0094,ANALYSIS_PARTIAL_STARTTLS_NOT_OBSERVED_0094_partial_starttls_not_observed_0094,PARTIAL_CAPTURE_STARTTLS_NOT_OBSERVED,PARTIAL_CAPTURE_CHALLENGE,STARTTLS_NOT_OBSERVED,MEDIUM,0.0,0.0,1.0,0.0,0.0,0.0,0.0,0.0,0.0,0.0,1.0,0.0,0.0,1.0,0.0,0.0,0.0,0.0,1.0,1.0,1.0,0.0,1.0,0.0,0.0
ANALYSIS_PARTIAL_STARTTLS_NOT_OBSERVED_0095,partial_starttls_not_observed_0095,ANALYSIS_PARTIAL_STARTTLS_NOT_OBSERVED_0095_partial_starttls_not_observed_0095,PARTIAL_CAPTURE_STARTTLS_NOT_OBSERVED,PARTIAL_CAPTURE_CHALLENGE,STARTTLS_NOT_OBSERVED,CRITICAL,0.0,0.0,1.0,1.0,1.0,1.0,0.0,0.0,0.0,0.0,0.0,0.0,0.0,0.0,1.0,0.0,2.0,0.0,0.0,1.0,1.0,0.0,1.0,0.0,0.0
ANALYSIS_PARTIAL_STARTTLS_NOT_OBSERVED_0096,partial_starttls_not_observed_0096,ANALYSIS_PARTIAL_STARTTLS_NOT_OBSERVED_0096_partial_starttls_not_observed_0096,PARTIAL_CAPTURE_STARTTLS_NOT_OBSERVED,PARTIAL_CAPTURE_CHALLENGE,STARTTLS_NOT_OBSERVED,HIGH,0.0,0.0,1.0,0.0,1.0,0.0,0.0,0.0,0.0,0.0,0.0,0.0,1.0,0.0,0.0,0.0,1.0,0.0,0.0,1.0,1.0,0.0,1.0,0.0,0.0
ANALYSIS_PARTIAL_STARTTLS_NOT_OBSERVED_0097,partial_starttls_not_observed_0097,ANALYSIS_PARTIAL_STARTTLS_NOT_OBSERVED_0097_partial_starttls_not_observed_0097,PARTIAL_CAPTURE_STARTTLS_NOT_OBSERVED,PARTIAL_CAPTURE_CHALLENGE,STARTTLS_NOT_OBSERVED,MEDIUM,0.0,0.0,1.0,0.0,0.0,0.0,0.0,0.0,0.0,0.0,1.0,0.0,0.0,1.0,0.0,0.0,0.0,1.0,0.0,1.0,1.0,0.0,1.0,0.0,0.0
ANALYSIS_PARTIAL_STARTTLS_NOT_OBSERVED_0098,partial_starttls_not_observed_0098,ANALYSIS_PARTIAL_STARTTLS_NOT_OBSERVED_0098_partial_starttls_not_observed_0098,PARTIAL_CAPTURE_STARTTLS_NOT_OBSERVED,PARTIAL_CAPTURE_CHALLENGE,STARTTLS_NOT_OBSERVED,LOW,0.0,1.0,0.0,0.0,0.0,0.0,0.0,0.0,,0.0,0.0,0.0,0.0,0.0,1.0,0.0,0.0,0.0,0.0,1.0,1.0,0.0,1.0,0.0,0.0
ANALYSIS_PARTIAL_STARTTLS_NOT_OBSERVED_0099,partial_starttls_not_observed_0099,ANALYSIS_PARTIAL_STARTTLS_NOT_OBSERVED_0099_partial_starttls_not_observed_0099,PARTIAL_CAPTURE_STARTTLS_NOT_OBSERVED,PARTIAL_CAPTURE_CHALLENGE,STARTTLS_NOT_OBSERVED,LOW,0.0,0.0,1.0,0.0,0.0,0.0,0.0,0.0,0.0,0.0,0.0,0.0,1.0,0.0,0.0,0.0,0.0,0.0,0.0,1.0,1.0,0.0,1.0,0.0,0.0
